@00000000
E20E1A05
E60ACDC9
C31B24DF
EDE8BD22
06E4E01A
F439E6EF
E3D231D7
DEE502C4
15FDE1EB
FA14E4EE
354B1532
0A2BF549
0FFE0B1A
B8B9F420
06FE18C6
F31B0215
0EE3E4A1
EB1EFBE8
00000000
00000000
00000000
00000000
00000000
00000000
00000000
00000000
00000000
00000000
00000000
00000000
00000000
00000000
00000000
00000000
00000000
00000000
00000000
00000000
00000000
00000000
00000000
00000000
00000000
00000000
00000000
00000000
00000000
00000000
00000000
00000000
00000000
00000000
00000000
00000000
00000000
00000000
00000000
00000000
00000000
00000000
00000000
00000000
00000000
00000000
00000000
00000000
00000000
00000000
00000000
00000000
00000000
00000000
00000000
00000000
00000000
00000000
00000000
00000000
00000000
00000000
00000000
00000000
00000000
00000000
00000000
00000000
00000000
00000000
00000000
00000000
00000000
00000000
00000000
00000000
00000000
00000000
00000000
00000000
00000000
00000000
00000000
00000000
00000000
00000000
00000000
00000000
00000000
00000000
00000000
00000000
00000000
00000000
00000000
00000000
00000000
00000000
00000000
00000000
00000000
00000000
00000000
00000000
00000000
00000000
00000000
00000000
00000000
00000000
00000000
00000000
00000000
00000000
00000000
00000000
00000000
00000000
00000000
00000000
00000000
00000000
00000000
00000000
00000000
00000000
00000000
00000000
00000000
00000000
00000000
00000000
00000000
00000000
00000000
00000000
00000000
00000000
00000000
00000000
00000000
00000000
00000000
00000000
00000000
00000000
00000000
00000000
00000000
00000000
00000000
00000000
00000000
00000000
00000000
00000000
00000000
00000000
00000000
00000000
00000000
00000000
00000000
00000000
00000000
00000000
00000000
00000000
00000000
00000000
00000000
00000000
00000000
00000000
00000000
00000000
00000000
00000000
00000000
00000000
00000000
00000000
00000000
00000000
00000000
00000000
00000000
00000000
00000000
00000000
00000000
00000000
00000000
00000000
00000000
00000000
00000000
00000000
00000000
00000000
00000000
00000000
00000000
00000000
00000000
00000000
00000000
00000000
00000000
00000000
00000000
00000000
00000000
00000000
00000000
00000000
00000000
00000000
00000000
00000000
00000000
00000000
00000000
00000000
00000000
00000000
00000000
00000000
00000000
00000000
00000000
00000000
00000000
00000000
00000000
00000000
00000000
00000000
00000000
00000000
00000000
00000000
00000000
00000000
00000000
00000000
00000000
00000000
00000000
00000000
00000000
00000000
00000000
00000000
00000000
00000000
00000000
00000000
00000000
00000000
00000000
00000000
00000000
00000000
00000000
00000000
00000000
00000000
00000000
00000000
00000000
00000000
00000000
00000000
00000000
00000000
00000000
00000000
00000000
00000000
00000000
00000000
00000000
00000000
00000000
00000000
00000000
00000000
00000000
00000000
00000000
00000000
00000000
00000000
00000000
00000000
00000000
00000000
00000000
00000000
00000000
00000000
00000000
00000000
00000000
00000000
00000000
00000000
00000000
00000000
00000000
00000000
00000000
00000000
00000000
00000000
00000000
00000000
00000000
00000000
00000000
00000000
00000000
00000000
00000000
00000000
00000000
00000000
00000000
00000000
00000000
00000000
00000000
00000000
00000000
00000000
00000000
00000000
00000000
00000000
00000000
00000000
00000000
00000000
00000000
00000000
00000000
00000000
00000000
00000000
00000000
00000000
00000000
00000000
00000000
00000000
00000000
00000000
00000000
00000000
00000000
00000000
00000000
00000000
00000000
00000000
00000000
00000000
00000000
00000000
00000000
00000000
00000000
00000000
00000000
00000000
00000000
00000000
00000000
00000000
00000000
00000000
00000000
00000000
00000000
00000000
00000000
00000000
00000000
00000000
00000000
00000000
00000000
00000000
00000000
00000000
00000000
00000000
00000000
00000000
00000000
00000000
00000000
00000000
00000000
00000000
00000000
00000000
00000000
00000000
00000000
00000000
00000000
00000000
00000000
00000000
00000000
00000000
00000000
00000000
00000000
00000000
00000000
00000000
00000000
00000000
00000000
00000000
00000000
00000000
00000000
00000000
00000000
00000000
00000000
00000000
00000000
00000000
00000000
00000000
00000000
00000000
00000000
00000000
00000000
00000000
00000000
00000000
00000000
00000000
00000000
00000000
00000000
00000000
00000000
00000000
00000000
00000000
00000000
00000000
00000000
00000000
00000000
00000000
00000000
00000000
00000000
00000000
00000000
00000000
00000000
00000000
00000000
00000000
00000000
00000000
00000000
00000000
00000000
00000000
00000000
00000000
00000000
00000000
00000000
00000000
00000000
00000000
00000000
00000000
00000000
00000000
00000000
00000000
00000000
00000000
00000000
00000000
00000000
00000000
00000000
00000000
00000000
00000000
00000000
00000000
00000000
00000000
00000000
00000000
00000000
00000000
00000000
00000000
00000000
00000000
00000000
00000000
00000000
00000000
00000000
00000000
00000000
00000000
00000000
00000000
00000000
00000000
00000000
00000000
00000000
00000000
00000000
00000000
00000000
00000000
00000000
00000000
00000000
00000000
00000000
00000000
00000000
00000000
00000000
00000000
00000000
00000000
00000000
00000000
00000000
00000000
00000000
00000000
00000000
00000000
00000000
00000000
000016E7
FFFFF825
00001533
0000217B
FFFFD137
FFFFE6C9
FFFFF79E
00002650
00000000
00000000
00000000
00000000
00000000
00000000
00000000
00000000
00000008
36231437
23332638
D8F2F31E
DE0E0FF0
31FCF6DE
1919F029
06251717
09210C08
21140200
2FF5EFFD
36173104
08F2E014
051C0B1A
DBEB0FF6
1A050A09
08DF06F4
05E6F8E1
EB0E35FB
EC090CF7
210C10FF
FF0EFDED
0E29340F
F10DEE04
E8E6F6F9
FCFAECFD
000B0A26
09FD1A05
0EE9FCF2
FFD60C1C
EE16F5D1
F02D09EA
09FE0B03
0F28F5EB
FDE00712
02FE0B12
F40DF5FF
09C8DD1F
A922DB01
1109E8DD
D3F429EA
4327F9F2
F0262CF3
49352125
3A1E043D
0F423231
D8FDF8E9
32470D0D
F40B2DFF
281F0602
D9F0170D
FCF6BD05
23E5A9A7
E72A30E4
35172A12
FAEE3231
21F53419
E7FC0DF8
34411012
03F5FB00
1604FA10
63F8F2EA
392E2C51
F4141D16
0B01ED01
E4D008E3
1A0C1BE2
E3443603
01161816
27F31405
FA04F1AA
D9DDFC16
EC00070A
FBEB170E
F02EFC07
0ECCE308
FB0113EA
2918EED6
2200F91F
0632410E
FE140F03
EEC4FC0C
DBD8E3BB
111ADDD6
37040907
2B3515F3
EAE24650
D6CDD500
17C622BF
280C0940
FA0C0C12
0D121D2B
01231500
E5F9F006
D2CCD0CB
06E9AFDC
F2F212F8
04F8F201
E6D6EC11
DDCCD7E2
E6EFFCF6
EBD2E20A
E803FBDA
DF01F309
FE060C0A
FCE0C710
E6F6E6ED
F8171310
D4FF0E03
4F3E2B36
3C437850
E9D0E612
DF0BDBF7
2BEBF4D7
3D47274F
0B252611
08F81509
FC100419
DBF90522
1A24300D
FAEAFC07
F7DFFDC3
41E610FC
FD14EF41
CED3F421
FFD2D6DC
05F4F6F7
181E3B24
06FB03EE
04FC091D
F2EDF2F7
EFEBEAFA
FF0FF50D
0CF10102
F4E9F6FA
0D1DEA38
F0F91706
FEF2E40A
2E3314F6
E5231F0A
220E1005
FB18FF14
F7F3ECE8
17FFE9E3
F5E9E3E7
E4101521
DABCF5F4
F7060EAA
D4EEFFF4
ECE8EAC9
FDF2E4E2
F3ED0D08
CDF0F610
E20C0ED5
FA1E1618
FC08F3ED
232106FF
F6181307
D3EA13E4
1708EFEC
FB0F151F
160500FC
0318EBFA
F2E7EEE6
EDFCD3FB
DEEFF9DB
1DE3EB04
06E80123
EFE8F3FA
1EF4F90B
F80EE305
13FBD9D4
0BEBE3D9
1A1EE4EE
0A1AB60A
C915F9CD
DDF028E8
EF11F3E0
E7221124
01F400E9
0500F800
F7011CF4
DACE1607
E1F3F0C7
D8CDFFF9
0913060E
E70BE3FB
FFFBF512
F7150611
E4F20508
F805FEF9
DDDF0109
1AFF1EF7
0D100801
D1E8FEEA
18FADFD4
1A110F0E
1213EE1D
11F807F6
EFF1E309
E518EF01
05E4ECE8
19D0D805
F7FE0100
E20C10FD
0BF7FD08
F119F912
FBD7F1D6
F7E6F30A
040FF4EE
EEE9C1F5
D40D02E3
DCD907EB
E1F5DEE6
FE19031E
D902DAE9
E6F9E1F3
F616193F
F720F7F5
DFF5F712
F2EC0EF0
1603F0E3
182FFDEE
FB111403
0B0C1B19
F32D26F8
421A4520
3439374A
280E3334
1111FF06
F5E8FD0D
2200ECF7
1FD8FCDD
2934DE1C
07192C42
F6E81AE5
FBD5DB18
EDF7EB10
1902121C
E40C103D
18030E0A
EF04F20A
EFFF0030
E2F8D4F1
E3E9FCEE
0B19DD08
0BE3B533
E624E7BA
E4F240F9
141EFFF9
EA191A0E
1503FB03
F1FF03FB
3E26291B
30252248
D514F917
CFE5EBFE
301BE7F4
2C361123
0B283422
202EF62D
17281E1C
14030C0F
143011FD
0B181C0F
1B0206E6
361F0A1A
08020211
FAF1F105
1F060BDF
16EEE3FF
2123232E
12180425
0E02050C
0F1C2021
0CF51A1C
F408FA05
FF06EAF4
1931FF20
FDF6FB0E
F70402FE
F90AF4ED
0D31F914
F31417E0
2D091717
10011125
E21DFCE5
E7EA12EB
E608D907
00000000
00000000
00000000
00000000
00000000
00000000
00000000
00000000
00000000
00000000
00000000
00000000
00000000
00000000
00000000
00000000
00000000
00000000
00000000
00000000
00000000
00000000
00000000
00000000
00000000
00000000
00000000
00000000
00000000
00000000
00000000
00000000
00000000
00000000
00000000
00000000
00000000
00000000
00000000
00000000
00000000
00000000
00000000
00000000
00000000
00000000
00000000
00000000
00000000
00000000
00000000
00000000
00000000
00000000
00000000
00000000
00000000
00000000
00000000
00000000
00000000
00000000
00000000
00000000
00000000
00000000
00000000
00000000
00000000
00000000
00000000
00000000
00000000
00000000
00000000
00000000
00000000
00000000
00000000
00000000
00000000
00000000
00000000
00000000
00000000
00000000
00000000
00000000
00000000
00000000
00000000
00000000
00000000
00000000
00000000
00000000
00000000
00000000
00000000
00000000
00000000
00000000
00000000
00000000
00000000
00000000
00000000
00000000
00000000
00000000
00000000
00000000
00000000
00000000
00000000
00000000
00000000
00000000
00000000
00000000
00000000
00000000
00000000
00000000
00000000
00000000
00000000
00000000
00000000
00000000
00000000
00000000
00000000
00000000
00000000
00000000
00000000
00000000
00000000
00000000
00000000
00000000
00000000
00000000
00000000
00000000
00000000
00000000
00000000
00000000
00000000
00000000
00000000
00000000
00000000
00000000
00000000
00000000
00000000
00000000
00000000
00000000
00000000
00000000
00000000
00000000
00000000
00000000
00000000
00000000
00000000
00000000
00000000
00000000
00000000
00000000
00000000
00000000
00000000
00000000
00000000
00000000
00000000
00000000
00000000
00000000
00000000
00000000
00000000
00000000
00000000
00000000
00000000
00000000
00000000
00000000
00000000
00000000
00000000
00000000
00000000
00000000
00000000
00000000
00000000
00000000
00000000
00000000
00000000
00000000
00000000
00000000
00000000
00000000
00000000
00000000
00000000
00000000
00000000
00000000
00000000
00000000
00000000
00000000
00000000
00000000
00000000
00000000
00000000
00000000
00000000
00000000
00000000
00000000
00000000
00000000
00000000
00000000
00000000
00000000
00000000
00000000
00000000
00000000
00000000
00000000
00000000
00000000
00000000
00000000
00000000
00000000
00000000
00000000
00000000
00000000
00000000
00000000
00000000
00000000
00000000
00000000
00000000
00000000
00000000
00000000
00000000
00000000
00000000
00000000
00000000
00000000
00000000
00000000
00000000
00000000
00000000
00000000
00000000
00000000
00000000
00000000
00000000
00000000
00000000
00000000
00000000
00000000
00001A29
FFFFF0F7
000005EC
FFFFFA45
FFFFFFEC
00000487
FFFFFF34
FFFFFAD2
00000B0C
FFFFF335
FFFFEF53
00000854
FFFFF544
00001537
FFFFFBAB
FFFFFF6F
00000008
E30DEE25
EFF70DD8
C0F2F918
D9FA0508
F8EF010D
FC120809
F91303F7
15E710EF
F9EDF211
F6F80510
F7F211F2
1514EBF8
EAF4F310
16F4E6F0
1106F1F8
0F08EEEF
02E5F111
011DFA1F
16E7020D
11E7EEEE
0B03ED13
06EBF516
10F3FEE9
F9F803F4
EEFB05E7
0C241510
150C1CF1
211913FA
ED160007
FAEEFA08
1207F2FF
0CE8E903
05E1ED03
200AE5ED
F9070AF5
130DF8FD
0CF2F60A
F902E9F2
1612F7F2
18F6070C
02F30DED
F3150703
030E0CF7
04FA0703
0DD3EDFB
211CF40B
030B2400
011DF913
01E6EA09
EAFF10E9
191A0301
08130AF0
EFF3F5D9
001705E8
00EB2C14
000AF9F8
0CD8E902
F61E0CE8
012114E2
1114020D
F3EEFA04
0F05EDFF
FEFC0E06
08EF1503
FFFFFC2A
0000074C
00000057
FFFFF487
00000177
000000FA
0000031A
FFFFFA62
00000840
FFFFFFE1
00000338
FFFFFADD
FFFFF900
FFFFF3CB
00000213
FFFFFF43
00000006
171219F8
08EEF101
290D0501
0EF91304
F22AEC0C
E50543DC
F1FFFA07
FEF8F9F5
FA080A0B
B910FEC6
E0C5FDDE
EFFAFEF1
F3EB0703
FFF6EAF6
FB03F7DF
03F4E3E4
0EF31F1D
39030408
F0E90100
F5FFEE06
002F2803
EC120B17
0BECFDEE
0EF5ED0F
F61013EE
02FEFD08
EAF607F9
07F7FFEF
0B1AF602
EDEF0317
02DEFBF2
02FFF9DB
FB0B05F7
0EEC09FA
2706191E
120B0418
FEECF602
02F5F302
F3FB0E07
EE07FAFA
F1F2FEF8
07F7E9F1
FEF6ECFD
06F402F5
1006FA0C
EBF2FEF0
F7F102FC
0DF403EB
000505F9
F100F70D
090AF4F2
F10FFAFC
04070506
0513F900
0FFE0E0C
0EFC07F8
16FE1405
0DFBFA18
F8F0191A
050713FB
F8120B01
FBEE0402
FAF40E05
010CFA04
13F8120A
FBF9F907
0907F9FB
05090003
FFF403F5
1DFCF2FB
0AFE0518
021E0613
1EFFEEF9
26070A21
EE09201E
2B0B0E19
2410203A
FB212603
F00305F5
0DF00203
F20F0200
FBE9EFBD
F610F31C
F0ED050F
EEFC0B04
07EDFCFC
FBEAF4EF
F408F9F7
C8E2F4E4
D7CDE4DF
01F60809
FAEEF4F2
06F2FC08
ECFFE4E2
E6FC0701
07FDE6F8
FCE5DEFA
19FC05F3
1005040D
1C20220A
FEF71F1B
EDF9042E
FEECE6E9
0F010006
0905F8FD
DC07FA14
F0F7EFF0
0B04F100
05F4F2F3
F7FDFB0F
080E03F8
F8FBFB08
F30B03F4
F4F3F4FE
01050801
04F3F8F4
F6F50609
F3EB0104
02FE0DF7
04F10208
0DF202F7
0E120009
FBF40013
F10305F3
00F813FC
F901050F
05FC0503
F8F707F9
0707F70B
00FD0203
FB07F509
0AFE040B
09010609
01FAF2FE
0AF20AF2
F1F20205
F703F90F
04F40900
00FFF708
04F507F7
0B0DF9FA
F1F6F70D
1802100E
030402EA
07051615
0600F30C
FFFB0006
030CF212
1203F402
FBF3FB0E
0BEDEAF0
EFF4F603
F3F700FB
E9E3E7D3
FFFE0502
F1F5F314
F7EAF8FD
E8FAF5FD
06F6FB05
03EC0004
1D010B0B
FB120000
0906EAED
ED090609
F7F7F905
1400FFF5
0AFE0008
FC00FB16
02170FF9
EFF7FBF2
FC05F701
0AF9F8F5
06F714FC
FCF3EBFA
E907FBF4
ECF20504
00FAEBFB
FCF200FF
0EF90905
100C0AFA
05ECFDEB
F9000607
F3E9EE12
FDF100F5
0C0CFBF6
06F8F909
0308FBF1
080EFFF1
FBF80102
0A092114
ECF109FF
FA0BF7F7
05FEF80C
F507040A
F9EF02F7
01FDF006
07030DFD
08FD0FF7
F3090A09
FBF8FDFD
FD0604F0
100AF40D
0EFBFD0E
010D0707
F00FF60B
F70AF101
F5F7FAF6
0BF204F2
10FE070A
0F0CEEFA
FCF5FFF2
F10AF8EE
09F0FB07
12F1F1FC
020904FD
07F6010A
0303EDF8
EDC602C3
0EFC12E4
080DF0FA
14EC3DF1
EFEC100C
08FDFA15
FA060DFA
FFF8F808
F1F0F606
E7EDE3E0
000B02EF
FD0BF8FF
F400F9EE
FCFF0AF9
1309F8F0
FD121955
F5F301D4
F506ECEF
EE0BEDF2
E307E905
F1F501F0
FFEADBF7
FDF304FA
04FEEE14
F3FB0609
F00FF2F5
3201FFE0
EE141731
04FDF209
0CF903FE
0E0E0EF9
FAFF02F2
1A05FEFD
1F150206
19121B20
F715DCE1
F2F0ECF9
F6D8CFED
F8E4CFBA
E3F1EEEF
EBE3F9D4
F8EF060C
F4F8000A
F6F7FC01
DBFBE912
EBF6E7DB
FCF5F3E7
02ECF7FA
0CF6F1FE
F5070DFD
2DF7F603
0E28011F
070EEDF8
EEF7FCFB
0106F5FA
011C06F8
DF130225
FB14EEE9
F70C01FB
03FFE9F4
FC0705F8
01EB04E9
DDE6EBE6
0F05F6F6
FFF80A02
F5F10203
F4ECF505
EEF5F2F6
F8FDF601
E808F70A
EC060EE9
070C00F6
0D0B2102
0A120F10
EE0B0709
FBF80902
0A11F0F6
FC090FEB
0BF4EDF6
F8F0F908
FC0F0607
F6FFF3FF
0008FCFA
F00BF8FC
01F109FC
08FDF808
F60AF8F9
F2F4E7E9
EDFDE6FF
00F70508
FCFC0200
E9E3E9F8
DEECF0E9
F30401EA
FEEE00E7
F8E1F3F9
0107FC09
08000A11
0B0C13FD
EA05030B
F3F3F200
F603FFFF
F107F3EC
FAFC0B01
E6FA020A
0301E8E4
F403E9FB
F5301A25
0503DD07
2C19FDF4
D606F6ED
CFF1F8CE
E8CEF911
0BF50915
0BF1FC09
FAF60CF2
11FB020E
11140501
FD0305D9
FDF1F2F5
FDFA06FC
0C0701F8
1709000E
383C293E
19250D15
06020303
04070006
FA12FDF0
ED172123
2813E304
00001D03
FFFD0E0D
ECF502F7
F90CF90A
10E5F3DB
130AF7F3
F704F306
F8F906FF
F1F1F809
0AF5FCF7
19090105
21142918
16050D27
05EF22F0
E6AEF4E0
F4F9FBBE
E2011201
04DEE4F7
F4FA0404
09F1EDF1
F5F5F707
F50B0809
0E322321
FEF40C15
FFF5F913
EEF200FD
EEE80202
0105F0E8
F3FE04FE
02F9FD08
06E7F5D9
00E5F803
F808EAF5
D6E2EAF2
EF0302FB
EBF9FEE2
F70013F2
FCFDFB0D
FA0206F5
F8FB0C00
1FF6FC07
160C0C01
F5F8E700
FBF603FA
00EE00EA
F804F405
FA0003EE
FAF2E20C
EEFE1503
F10819EB
12E5E7F2
D4ECF7F8
FCF8E2FB
01FBE8FA
E4DE03E7
F7DED8E9
0106F201
FEF3F804
FE1710EF
0D041111
E7DFE528
E1E8D8DB
EFEAD9E3
E2EDE7F4
E8E6E5E4
E4E1EFE0
E703E6DF
FEECF4FD
FCEBFEF3
E8F6F1E3
F6F3EADF
FFEE0100
0405EC10
02FD02E6
FE02FA05
F2EC02EE
FE04050D
E6FC1300
DFE4DDF1
E0DED5EC
E9FDEBED
00FBEEEC
E2FBF904
F8DAD8D7
E4F3E7E5
06F30AFA
0CFDF802
10F5FE09
02F4F3F6
0C040900
0F01FA05
F704040D
F30D09F5
F3FBF2FC
0B0605FD
F20A070E
010BFF05
FBFCFCF2
F806030F
F10B0A00
0AFEF6F0
02F60FFF
F3F6F7F9
0804F207
1009010F
FC000C09
09F5F9F7
040CFB07
09060E02
F0F60EF7
07FDF0F6
FBFC0BF5
FBF7020B
FF06040E
F9070C0C
080A0EF4
0AFD0005
F9040C0D
F2FE0FFA
F2FBF2F4
F6F5F4FF
0B080AF4
F80EF410
F0F2000E
0D09FC0D
F50A02FA
FF000CFC
0507F3FB
FE07FEF9
0D0610FE
F710FEFC
02020402
0F0BFF07
0CF5F6FD
F6F60410
0709F7F4
05060504
100FF207
F10305FE
03F0F30F
F9FBF0F5
FB0C070B
F00B06FB
0601F90C
0CFDFFF8
0D0502F1
090DF901
0F0005FF
FC0F030B
FB0AF50A
0F010B06
100AF70D
060BFB0A
0BFF0509
FEFAFDF2
0DFBF105
10FCFBF6
DB241710
DAF6EBDF
081818FA
0A0EFEE5
060A0116
ECF120FC
03E60110
F002F3F1
F9F7F4F6
02181920
E7E603F8
F601F9E9
020F10F9
00FE0A07
FAFCF2EC
0DF7F9F3
0726090C
0EED0201
06F7F007
F8F906F7
FD071405
051E1F06
0505F708
E4EEF503
F9DEF703
EF0FFC08
FB02FFF1
17E6E2F4
0628FD0F
FDF2FEFD
09F80E10
EF0505FA
EC0007EF
12F0EFE6
1E171C24
F9172612
D01AEAF6
DFCDBCA1
FCF001BE
CBFCDEE3
D4E4D8B7
D5CBF5E7
FAD0DB00
F7F9FCF9
01F305F5
ED3B0D1D
FEEA0BF3
EAF4DE14
E7F0F4E6
E7F2DFDD
EDE3F3EC
F5DAF4E3
04101A18
1716F208
EFF4E4E7
FCDFE4F1
EF07F8F3
FB14191E
09F204FB
0BF80209
F511FB08
0BF706F8
0904EDF2
F8E5DDEB
0617E3F6
ECFAEAE3
F0F0EEDE
0007E2F0
04FCF605
EEF6F701
EEE6FEFB
EBFDE7EE
1DFDF717
FCF40733
F80BF1FA
D1E3E4DA
FBE9DCEB
0B170612
F4E4DDDE
04FBF2F7
06FDF5F5
09FAE20F
F80E02EF
F30708F6
F2F6FCF4
04160BED
250CFB08
FD1112FB
F8F9F2FD
02FBFAF7
00000000
00000000
00000000
00000000
00000000
00000000
00000000
00000000
00000000
00000000
00000000
00000000
00000000
00000000
00000000
00000000
00000000
00000000
0E17FE08
0F0808F8
02F4EF1C
FCEDFCEF
0F0506ED
0DF506FC
100607EA
FB09FAF8
F412FEFC
F00E0500
05FA0302
03FCFD08
0EF5FF08
FCE901EC
FE0907EF
F802F4FF
08F0F5F0
EEF40806
00000000
00000000
00000000
00000000
00000000
00000000
00000000
00000000
00000000
00000000
00000000
00000000
00000000
00000000
00000000
00000000
00000000
00000000
EB06FC06
EEF5F8F4
010103F1
F2EBD1F9
1821EEE9
F9F51B01
0DE6D000
FDEAF6FB
EC01FBFB
020400EA
F8FDE908
F91208F6
0709F609
FBFB0BFF
EAE5F506
FDE9DFFB
F30DFEFB
F60203F4
00000000
00000000
00000000
00000000
00000000
00000000
00000000
00000000
00000000
00000000
00000000
00000000
00000000
00000000
00000000
00000000
00000000
00000000
F7FAFBF6
0C0BFDF2
FCFDF802
04FB03EC
F9FE0F08
0F0414F9
07F8F5F1
07060904
09FCFFF1
0AFEFDFB
01FB03FB
0E0B0C05
F3F7F8F2
01EE0DF9
04FB10F1
03110603
0E030C05
0301F3F9
00000000
00000000
00000000
00000000
00000000
00000000
00000000
00000000
00000000
00000000
00000000
00000000
00000000
00000000
00000000
00000000
00000000
00000000
0B0804F9
FD07FFFC
FA0B0B0B
01E4E8D9
10120008
F617120C
FDFCED06
08FAFDFC
EF07FFED
FC070207
EEFDF3FB
FBFB0BEA
0500F5F2
F216EBF2
FFF2F6EA
F400E8F7
0608EF0E
F5EEFEFA
00000000
00000000
00000000
00000000
00000000
00000000
00000000
00000000
00000000
00000000
00000000
00000000
00000000
00000000
00000000
00000000
00000000
00000000
01FBE8ED
FE021410
ECF6F5FF
0B05F40A
08FFF6E3
180DECF1
06FEF809
0900FFF3
02F6F7FF
03F7FF0C
0A080207
FB030AF2
F5FD0306
1210F806
F8E905F1
0AF8F213
0AF20EF5
EFFEFAF6
00000000
00000000
00000000
00000000
00000000
00000000
00000000
00000000
00000000
00000000
00000000
00000000
00000000
00000000
00000000
00000000
00000000
00000000
0DDADFF8
E509DAFB
0609FEDA
17E5FDFD
2003F905
232CFAF2
EF0106ED
F4FE08FD
F4040BF1
FBFFF60B
06070C0A
F6EC01EF
EDF6EB01
161A03FB
E8F7FA1A
F8D6ECDB
07FCFB0C
00F5F4F4
00000000
00000000
00000000
00000000
00000000
00000000
00000000
00000000
00000000
00000000
00000000
00000000
00000000
00000000
00000000
00000000
00000000
00000000
2FE918F3
0914173D
1A3C1208
0DF41315
12DBEB15
332C0804
0D0A0B0B
FD0901F7
03EBED03
E807F9F9
EEFD02ED
0D04EDE4
04F8F8F6
FD11F3F2
0E001B06
F8DFE4E9
F10CFC05
08F8FB0C
00000000
00000000
00000000
00000000
00000000
00000000
00000000
00000000
00000000
00000000
00000000
00000000
00000000
00000000
00000000
00000000
00000000
00000000
FAEFFBF3
FAE9FBF9
1AFF0C02
E7FF0902
E3EEE7EB
F1E0FFF6
02F4E503
000DF200
0FF9FE0E
FE0608F9
FCFCFCF3
0409F1F8
FFFFF109
F6F5EAF3
E6EB060E
0AF8E1FF
FAF00400
00FEF705
00000000
00000000
00000000
00000000
00000000
00000000
00000000
00000000
00000000
00000000
00000000
00000000
00000000
00000000
00000000
00000000
00000000
00000000
05EEFEEB
091B1412
18F84AF5
2BE7EB01
FD01F6F5
280BD9F0
0C310EE2
0402F7FE
F801F1F7
F605F201
F5F9FCF8
09F2F3FF
F6FF0008
2A1609F7
28353F33
FB37091E
08F0F80C
F708FA01
00000000
00000000
00000000
00000000
00000000
00000000
00000000
00000000
00000000
00000000
00000000
00000000
00000000
00000000
00000000
00000000
00000000
00000000
1DEEE9E1
FDF41318
030B000E
1C313E3E
ECF20E21
F8E7EC02
EFCBD1E9
FCF204FA
EAFCFE08
F4F0F7F2
E8F60704
07F3F7E6
020AF507
F3E2F90A
BFCFC911
F5E0EAF5
0107EAF4
F9FAF9EA
00000000
00000000
00000000
00000000
00000000
00000000
00000000
00000000
00000000
00000000
00000000
00000000
00000000
00000000
00000000
00000000
00000000
00000000
E9F2040A
EC0DE3EE
EC01FAEF
0AEE1606
F9F8F012
DF01F3F5
FFEBEFDD
ECF7FCF2
EDF2F0FC
E4F2E6DF
E1D7E2E9
05F5F5F7
FE05F70E
FF08FEFA
EAF1DFE7
F4D3E7E9
F3F3F106
FB00EFF8
00000000
00000000
00000000
00000000
00000000
00000000
00000000
00000000
00000000
00000000
00000000
00000000
00000000
00000000
00000000
00000000
00000000
00000000
050F00F2
08F0F20C
FD010DF0
03FBF60D
07F5F503
F4F5FEFF
00070D07
0FF200FF
01F5000F
08F4F20C
F6020803
0EF500F7
FDFBF603
F80D0110
02FC050A
F1F2F402
F1FFF509
F30A08F7
00000000
00000000
00000000
00000000
00000000
00000000
00000000
00000000
00000000
00000000
00000000
00000000
00000000
00000000
00000000
00000000
00000000
00000000
05100703
F1020604
03F5000F
F7F609F3
FAF8FA01
0CFBF3F1
0E04F4F1
F1F70A08
00F5FA01
F7F505F5
FEFBFD0A
010EFA02
FAF510F3
FE090BF3
0B0CF9F3
FB0CF3FF
0B0D0B0E
0E06FA09
00000000
00000000
00000000
00000000
00000000
00000000
00000000
00000000
00000000
00000000
00000000
00000000
00000000
00000000
00000000
00000000
00000000
00000000
1BFEF2F9
FAFC0813
092217FB
030B1A1D
CDE7F608
2AF7ECD4
0411F9F1
FDF511FD
07FE03F1
040B0008
F4070707
F3FF0C04
0AFC08FC
FD07F1EF
070CFF34
F8220F11
03090AF4
F4FFF9FC
00000000
00000000
00000000
00000000
00000000
00000000
00000000
00000000
00000000
00000000
00000000
00000000
00000000
00000000
00000000
00000000
00000000
00000000
19EDFE00
F706272D
FA25F9ED
14102213
F8CA0F21
05E8D8FB
EC0EF5D7
E7E4E9F7
F8FCE7F1
E5F7E4FD
E8DFE6E2
FA0DF7EE
01F6FF05
F5E8FAF3
FAF1F9F8
FBF829FF
ECEE04F0
F8F9F200
00000000
00000000
00000000
00000000
00000000
00000000
00000000
00000000
00000000
00000000
00000000
00000000
00000000
00000000
00000000
00000000
00000000
00000000
000011B6
00000379
00000C29
FFFFF279
FFFFFF18
FFFFFDE5
FFFFFE1D
000003C8
FFFFFD44
0000093F
FFFFF9F4
FFFFFAC6
000007B0
00000000
FFFFEC36
0000066A
00000333
FFFFFC56
00000F2C
FFFFFE58
FFFFF8D8
FFFFF41A
00000871
FFFFFC1E
00000000
00000000
00000000
00000000
00000000
00000000
00000000
00000000
00000008
06F2F101
06F3F6FB
02F600EE
0BFEFAF6
FFFCFEF6
F9F6F5F2
02F9FCFC
EBEF090D
00ECFDF0
DCE6E9E9
E7F4FEFB
FDF20E17
F6E9E7F1
CACC0005
F9EBE7EB
090DFEF9
0208070A
E3E2E906
F9F8FEFD
06FEF7F4
34DFF601
D0CBB2E0
FEFFAEB6
FC080B03
00FF100A
03ECEAF7
02FDF7FE
13090614
FB07F10E
18F4E3F0
EEEFECE7
08FA13E0
FBF1F003
ECDED9FF
0CF21207
F1E0F112
0AF3FC01
FBF40300
F80805FA
F404FC07
FB0306F4
07080105
E500F206
FAF00100
030CE615
F7F4FD05
F8FEF705
F2F2FB01
EB0CF8F9
FCF6F4FB
00040900
F3FD0307
C2F4FAE2
E6E70FE0
FFF7F6FA
F8F600FC
11EEE9F6
15FCE7E6
00F9F9E4
071A1401
020D1414
0509F217
062306FF
FF0405F4
F5E2ED0A
14EDFE0A
FE11D4E6
F3ED12F0
F8FAF4FB
0002FB00
01F7F6F6
FDF602F3
FD030BFF
08FC020C
FF090B0B
FD03FB08
F6F9F9FE
FAF6FEFE
FEF70205
F406F2F3
FAFAEAFC
02FF08F0
01090C01
31FCF1FE
E620F201
F1F813F9
160E1401
E205FFF7
FBFA1B0A
EBE1DE10
E70AEEE3
0807EADE
31EFFBF1
F1FE0B0F
1EFEEA07
F102020A
07130E15
02FB0F0D
E5D4D104
FCF7D907
F10A03DE
0B13F5EA
EDF6F4E4
FE1205FE
0D06FE0B
07FDFCFC
05081123
0612FCF9
F90408F5
F5F7F6FC
F8F8050B
F90002F7
FA05F803
FFF5FA07
FBFEF5FF
FEFFFEFC
0DF8F7F6
FA0AFBF8
0405FF01
0AF80306
0AF9FDF6
FEFE0BFB
FC0805F5
09FFF50A
09090B05
F5F70BFA
060B05FC
FBFA06F7
0B09F5F5
F70BF802
07F7F804
FAFE000C
040BFBFD
0208FE00
FFF3F907
FBF60C0B
09040700
FAF9FC0A
040B07F6
FDF4F6FC
05F4F607
00FBF706
00FCF6FF
08FEF80C
F9F9F8F5
F9FFFEFB
F2F5F8F9
F7FAEFF9
F5F7FB05
F4F2F9E8
2E00F607
F011FF17
F1F409FA
EB050D0B
9DF3240F
FEF7EFF8
F5E1ECFB
FD150E05
250D070C
EBD5ACC2
01B1B7EB
1208CF1D
F8E514FC
0AF3CA0F
FE0D17CF
FA2425F6
D9E4F60D
26EEFAF7
DF00E1F5
EFE8D9EB
1FF7E70A
04271B30
BD88FD06
122524DB
FA10FD12
162AEA09
14060C31
F70F1026
FEF0EEEB
0406050C
0607F40C
08F80CF5
FC04F5F8
040CFBFF
020BF5FB
0505FB06
0E02FEF9
FEF60206
0706FAF5
FBEBFBF8
FEF8FCEE
01F4FEED
FCF2FDFE
F806F8FC
03FB0E05
E8080B05
F0E0D7ED
ECEF05EA
00FE03FC
F3FFFA05
0AF902F7
F400F9F2
F8FCF3F6
000C02F9
F503FDFD
06F8F500
0B02F9F7
F8F4F901
020101F2
0901ECF9
011002F2
0F02F8F6
F6FCFBFA
FDFDF1FE
FC090FFE
FBFEF509
F7F4FEF6
090309FD
F5FAFBFA
F704FD05
F8FD0608
F504FBFF
FD0409F9
04FE0DF9
0305F909
FAFAFBFC
01FC0101
F106FCF4
03FA0401
010707F3
F7F5F604
03FF0B02
10FCEC0E
FCFD04F9
030705F6
FB0B0606
FEF9F4FE
07F2F8FC
F705F4FA
07FA0A03
02080809
FDF70B08
0408FDFF
F8FE0201
F8F8F807
06F4F305
F1F4FE03
0C09F8F2
FB03FAFE
FD08F8FC
02FCFB11
09F5FDFB
F8070002
FCFDFAF4
02FB0300
F7FB05FB
F1F40403
0504FFF7
0AF4FC08
ED01FCFE
FAE6FCED
F906F6FC
FEF903F3
0C0421F7
241E1136
F5FF1301
F7EF00F5
ECF6E804
12ED0F1A
D51703FF
FF2C22FD
1606251D
0737250B
20201C3A
0B001B0D
E6EADD0B
FDD9F2FA
FB070B04
0605FE02
EDFCF7E1
F20506F8
2B0FF6EF
FF0600F4
140D0A03
01FD070A
0AF2F703
ED13F7FB
EBF8F8DC
F60A08F4
F4FFF50A
FF0CF703
09FFF409
03FC07F9
F3F3FC03
0BFDF2FD
FCF9FDF6
0509F9F6
FDFDF5FF
FB0803F2
0BFF09F6
07F60908
F6FC0205
0602F7FA
F8030BF9
02F4FD03
F1F501F9
FF060307
0BF9F9FC
FCF8F906
F6F7FF03
FA050B09
FB05F802
FA03FA02
0B0806F6
FBFBFEF5
F4EDF9FA
F8FDFAFC
090104F8
090AFE03
05FDFEFB
F0FDF800
FFFB0202
04FF0A11
F4F80205
F7F6F70D
F9FDFB01
FB09F9F4
0404FDF7
FAF9FEFE
FAF301F7
1207F5F3
F2161211
F9FAFAED
FCF8F1F1
0203EC03
2E252201
1C261321
FEF92214
0F0F170E
F303130B
170E03FA
29FC0103
E41B28F8
0F17161A
1D12FD15
0A0005F8
0B0504EB
06FDF60F
EDE1EFFA
05FCF4FB
0DFEF4E5
D40FFD17
F2F0E9D6
24260503
1603090D
F2F21D01
F6D7F005
1001F7E8
130FE0FE
F0FCFCF0
0903FBF9
0FFFFD0E
09F4F6FD
090C03F6
08020205
0207F506
F00BF803
0C02FEFC
EFF402FB
FFFAF5FD
FCFCF806
F70E1B01
220E0B0B
0DFC171D
0902FC03
080B0502
230A1318
120F261A
14000600
0D0C030F
F1FBF1FB
F9FCEEF6
FCF5F4FD
EEEDF600
0DF0FAFE
F1E51003
F9CED6FA
0B09F900
0C02F7FF
0BEAF403
13010201
EFFBF507
F2F30AF4
0D00040D
0201F0FF
02F40107
0807FBF7
040D0A0D
0608FCF8
0BF9FA0C
F209FB0A
FA00FC09
06F903F1
FD0AF4F1
0B040BF9
F90BF806
0E0A09F8
F9070B06
F8FE0BFD
08F80C0C
F9010601
07F90301
08F2EEF5
EC0AF1F8
03F5F3FA
090AFBF4
FE060EFD
CA04E8EC
0305FCF8
FEF70507
FA02F4F5
02F70E0C
F4090504
F9F91300
02F8FA06
FF06F605
F700F4FB
0AFEFBF4
0706FE00
0900FCFE
FEFF08FD
0A0AFD05
030A0EFC
F6080B05
0203F8FB
0609FF02
F1F70002
09F50004
0DFCFA09
F900080B
040B1509
FEFB0607
E900FA06
0E1CF4F8
F0F7F8EC
0D0EF1F1
0C031303
F5FB0EFC
FBFB0311
040E17F4
ED02FAEC
F5EAFAEA
09FC0CDF
05FEFBED
EEFCEEF9
FDFEEAFD
010C0201
F6FCED0F
FFFCF5FB
E9F702FC
10FF0CFB
01FD0F04
F5060D0D
F0F9DFED
0E0200FC
0DFC0101
0609FBFA
120B0FF3
050007FC
0C04FA0C
070A01F7
F8F50A02
F704050C
FDF9F4F4
0BF6F1F7
FCFB0212
02080106
FC020303
0209FE02
FB03EF00
FAF5F005
07F302F1
07FF0303
F9F4F9FE
10FD0E16
07F6F504
02F8FD07
00F4F604
F7FE0205
FE04F1F3
F2F3FDF4
07F907FC
FB0401F3
0003FCF2
03FEF409
0408FC06
F508F4F5
1809F8F8
F20BF5FB
010A02F5
FC06F202
050000F4
0CFC1309
F1F8F40E
F70400FC
FB010404
0108000D
F405040C
F9040703
0AF400FF
FF05FEFA
0209FFFC
FBFAF807
F2F7FE00
FB08F9F1
FB03FB05
05FFF6F7
FB0AFE03
06F5000B
02010210
11FB0C10
0DFEFF04
060500FC
F501050A
FB05FD06
01020600
070609F4
F700F908
FAF6FCFE
0B0603FC
04F807FD
FCFCF709
01FBF9F4
0409F701
000D02FF
050DFB0D
FF09FDFE
06F902FA
F4FA0A03
1200FB05
0801FFFF
FC0000FB
00FA0002
FFFFF7F7
FEF80501
05FFF303
17060408
DB0C0E08
F708FCF7
01FAF707
F7FBFA04
1817FDF9
14161C1F
F0EE2115
F70105F3
D7F9040B
F4C60EED
BDF1BBEF
FE171A07
21150919
E5F0F115
FFD4E60C
020BEAF3
06101613
19F5FDEF
11170F17
1E1D141A
11D3F919
07250700
00E90BF4
16F0ED21
FB0BFCFF
F3EF060E
0906F7FD
1015FB0B
01F915FA
03FC060C
0008F901
FB0003F3
05FBFEF7
0807FDF9
F70AFAFB
EAF20801
DEEA17F6
00FCFFF0
01FBF3EF
0407F3F1
240F04F4
05201402
FBF3240A
F9F00307
0D000506
1BF30E0B
260A1401
061521FD
1B182111
F6F6FF14
E4FCF8E9
0E0203ED
10FD010B
F0FB05FD
F9F304F1
15100904
06F9F8F8
FDE802FB
1C0F1DF6
011B0803
F3FD060B
F7FEEC0D
1000F200
1A140F08
F90C0602
EDECF8F6
0104E9EB
FDFDF6F9
F1FAF5F9
F2E0F9ED
F1EBF5F2
12FAF8FB
0F210208
F4DE0A0D
E916FFEA
B3D310D1
EDF0F0D2
EBFC11D5
2014F706
11FFE726
DEA38FC2
F4BAE7DB
1F21BB0E
DECBC8DB
C6D7C2B7
1D15F4CE
E9292A07
F0031F22
17140900
FDECF6E5
FEF9FE10
F9FF01F4
D50B131C
FEEDB4A7
13051602
FB0BE502
0D1AE9E9
241A1018
0000F602
0111F4DB
22212223
F7F80D01
FEFDF903
0600FA09
FBFC0606
0704FEF5
0903F6F1
14FE08F4
E8E7DDE0
F8F5EBE1
F203FFFD
0107F108
DA0B1701
0DF81221
F3F6FF00
F0F301F5
28F30D02
22451B09
EF081117
2BFD2736
0B1D101C
1D002C04
16EEFF01
FCF0DEEA
F2FA0509
01082006
FAEC1407
D7EBEEFB
EDF9E6F2
221FF5FA
D9D70718
EDD7D01A
080BE4E2
E9F0E80E
00ECFCF8
FD011AEC
F5E1051B
05FCFB0A
01FE04F7
F4060505
F60501F9
07F7F702
FCFBFFF7
00060904
FA0DFF04
F5040607
FC01F601
F50308F3
F5FAFE06
FA08F700
0205F40A
02030803
EE0C0AFA
F7F601F2
0605FB0B
FEF8FB0A
01FD0005
06F902FC
F8FD020E
F707EFF6
F9FFFB02
04F80708
08F7F7FE
03F5FAF7
FDF4F9FD
EAF8FDF4
06EFFFFD
070900F2
0D090BFE
F802FA02
12F7F3F7
F805FDFD
FDF608FF
07FAF5F5
050A0CF9
FA0501FB
00FE0AFB
F3F8F505
F808F7FE
FBFF0407
F903030B
06FA0A06
010302F3
FBFFEE07
F109F6F2
FAF709F2
F507FA04
FC02F501
FA030204
FFEFE5F0
F60307ED
F60A0504
F602FEF8
01F500FB
FEFAF906
FC01FEF3
FA02FAF6
03F80C08
F2FAFE04
0AFAFA0A
F3FE0101
011603F6
07F7FCFA
0708EDFD
FFF6FAFF
00FCF0F3
10F40006
09110105
F304FFFF
06F4F701
0301F9FB
FC050602
0C05FE00
F9F80107
F70A0AFB
0406F8FF
0CF9F7FD
0F03FE00
FB01FAFD
08F6F4FC
03FCFDF3
F50709FE
F5FD0BFA
05010BFC
0100FBFE
0B0AF909
050A0BFC
0A06F4FC
FBF904F4
F5F402F8
FEFF01FC
FCFDFEF6
FBFCFAF7
07F40702
F5FE0006
02F8FDF8
FDFF0207
0C010C09
0BF40B07
0007F9F4
FFFBFEFB
0707F900
F90002F4
06F70EF6
0806F80D
FEF9F303
03ED08FD
02F604F1
FDFDFC01
F4FFFA04
F600FCFC
0FF1FDF7
02F91B11
120C1911
ECE8EADE
F3EFEDED
303A3EF2
F81AF223
E5DAFBF4
F9F5F7F9
030BEE06
05FC2215
F2101D04
FD0B08F5
FB0BF906
05DDE9EB
CAEBC0F6
02F3B6C3
EAEBE807
0EF5EF01
10380D1A
271F2825
0BD6DDF7
2A450810
22071728
F3DBCCE3
3C23F1D4
14111140
F61C0915
33FBF004
0E0EF913
060BF4FA
FC00F6FF
01FC0AFE
03F60004
FFF909F5
0D0E01F9
FF090201
F808030C
FB01FC08
010CFB04
FCF5F60D
FC01FD06
F8FCFF0B
01FAFA0D
070405F2
0902080D
04FBF904
F6FBF403
FDFD080A
0BF706F8
FB020C06
EB0808FD
0BFAF2F9
0FFEFDFC
0805040E
FBFC05FB
0A0AFC0A
00FF02F5
FBFEF902
F70709FD
F8F107F7
010E0608
07FD010D
070308FE
00F9F8FB
0A020DF8
00000000
00000000
00000000
00000000
00000000
00000000
00000000
00000000
00000000
00000000
00000000
00000000
00000000
00000000
00000000
00000000
00000000
00000000
00000000
00000000
00000000
00000000
00000000
00000000
00000000
00000000
00000000
00000000
00000000
00000000
00000000
00000000
00000000
00000000
00000000
00000000
00000000
00000000
00000000
00000000
00000000
00000000
00000000
00000000
00000000
00000000
00000000
00000000
00000000
00000000
00000000
00000000
00000000
00000000
00000000
00000000
00000000
00000000
00000000
00000000
00000000
00000000
00000000
00000000
00000000
00000000
00000000
00000000
00000000
00000000
00000000
00000000
00000000
00000000
00000000
00000000
00000000
00000000
00000000
00000000
00000000
00000000
00000000
00000000
00000000
00000000
00000000
00000000
00000000
00000000
00000000
00000000
00000000
00000000
00000000
00000000
00000000
00000000
00000000
00000000
00000000
00000000
00000000
00000000
00000000
00000000
00000000
00000000
00000000
00000000
00000000
00000000
00000000
00000000
00000000
00000000
00000000
00000000
00000000
00000000
00000000
00000000
00000000
00000000
00000000
00000000
00000000
00000000
00000000
00000000
00000000
00000000
00000000
00000000
00000000
00000000
00000000
00000000
00000000
00000000
00000000
00000000
00000000
00000000
00000000
00000000
00000000
00000000
00000000
00000000
00000000
00000000
00000000
00000000
00000000
00000000
00000000
00000000
00000000
00000000
00000000
00000000
00000000
00000000
00000000
00000000
00000000
00000000
00000000
00000000
00000000
00000000
00000000
00000000
00000000
00000000
00000000
00000000
00000000
00000000
00000000
00000000
00000000
00000000
00000000
00000000
00000000
00000000
00000000
00000000
00000000
00000000
00000000
00000000
00000000
00000000
00000000
00000000
00000000
00000000
00000000
00000000
00000000
00000000
00000000
00000000
00000000
00000000
00000000
00000000
00000000
00000000
00000000
00000000
00000000
00000000
00000000
00000000
00000000
00000000
00000000
00000000
00000000
00000000
00000000
00000000
00000000
00000000
00000000
00000000
00000000
00000000
00000000
00000000
00000000
00000000
00000000
00000000
00000000
00000000
00000000
00000000
00000000
00000000
00000000
00000000
00000000
00000000
00000000
00000000
00000000
00000000
00000000
00000000
00000000
00000000
00000000
00000000
00000000
00000000
00000000
00000000
00000000
00000000
00000000
00000000
00000000
00000000
00000000
00000000
00000000
00000000
00000000
00000000
00000000
00000000
00000000
00000000
00000000
00000000
00000000
00000000
00000000
00000000
00000000
00000000
00000000
00000000
F6E7F7FB
1CD90306
0E0808F7
0EF2F700
1703EFFB
06F9D80B
E60BECFB
F3FEEAD5
ECE3EBE4
F8FFF502
F3FB02FE
F8ECFEFE
FFEFFC02
F7F4FEFA
FBEFF8F6
F3EFFEF7
F6F4FFF7
ECEAFE0B
F100FEF0
C5FAE9DE
F60608E0
07000107
17FEF6F1
E3131CF0
010A3811
EA0FFCFB
FEF10EFA
F8F0FA12
E1F7DDCD
F7F9FFDF
F3F803FF
FBF4F7FA
FCFEF4F5
E8EC0406
FC03180F
EFF20D08
F800FDF8
F8F40203
000306FA
E6FD0AFB
1218F7F7
FD000D18
EF0B0C23
F4E92101
FEEE04FE
0702F8FC
F800F707
FB08FEF3
F5100AF6
07FF0F11
FAFFF508
F60000F4
FCF100FF
FFF6F4F3
01121810
F90B12FD
FAFEFD04
F5FCFF06
030BF5FD
010F0600
0B112404
FBFB0607
EFECEFF8
F70CF7FC
EE0D05EA
F6F6F5ED
01F6F3FE
FC060805
04FEF6FF
E203F5F5
0910F1E6
FEF9050E
08FA06FE
05120808
0E0812F6
FAF7F70C
FDE5F0E8
FFEBE1FC
EDF0E6F4
E9010CFB
FBF1F704
F9FA09F4
FBF60804
ED0AEEFF
12F1FD0B
FA09F81B
FF0BFFFE
EC04F606
E5DAEEFE
15E306F4
0B100009
18121C23
F8F5FA29
040AF7FC
07180301
05230CEF
0B013B25
1822FDF8
31001E0A
090FEEE9
FB0202E7
03F6F7F7
09F8FC08
F5F40C0C
FDF4FB09
E70804F6
EFF8FAE6
F2F3EDEF
040A02FA
00020B08
0BFEF503
FB02F400
FDF7F5FA
F8F5FA01
0AF8FEFB
F4FBFCFF
0701FAFE
03FD0003
070B0606
0A0AFEFE
F6FCFEF8
09F7FAFA
FF090709
FC020706
070C0908
F509F6FB
F800FAFC
0400F906
FCFD04F8
0CFAF9FF
03F7FD0A
FB02F704
03F40CF4
F9030A0A
03FDFE0C
FA0402FB
FC010109
04090AF6
FB0B0201
05FA01FF
F6F7F9FF
F703FFF5
02F6000B
08FF02F6
1CD3E020
DA0DEEE0
E1F61703
D906C5F3
161901EA
20180D0B
520A1F04
D3450405
D8CC3EC9
EDF2F4FC
FBFAFDF3
0A190605
EECFEEF4
F9F9D6E8
ED01EFEB
FFEBF1F2
1A021107
0D111206
08FEFE07
0C0EF9FF
0201F6F0
FFF9EFFD
F9F0F8F5
23F9EC1C
E31E07E9
BCDEDFDA
10FDEA02
34EF273F
102FD33A
FD02F2B3
F0EFEEE6
EFFDEEF4
E7EFE9F9
1CE9F9F8
E6FE3225
1E1B23EF
F7060901
FA010604
FA030605
0A00FFFF
03FEFB06
FFFDF40E
0104FBF3
05F9F3FB
F6F8F6FC
01FEFF05
F7F6F407
F301FB02
04F10100
0AF70304
02FB0A04
EE03F800
08E500F8
F6F80409
01F803F4
F4EFFBFB
090404F3
FB00FD09
FC040307
FE0006F4
F6F7F8FE
F6F701FA
F60102F7
0402FE01
0309FCFB
0B030BF9
FEFDF9FF
09F7FEFD
FD06F908
F00909FC
02090CFD
0DFD0C00
05070AF9
FBFBF6F6
03070603
FD06FC09
FD080301
00F8ED08
0AF4F9F4
000404FC
06FA0008
07FE03FA
00FB02F4
04F500F6
FA08F909
0504F408
FA07F407
E60705FB
FFF7F201
F91303F9
FCF503FC
04FE08F7
F8070201
F3F5F200
FAFFFAF1
F0F7FFF7
F7FA0706
00FB08FE
FC07F501
FDF5FAFD
01FC0607
FDFBFAFF
09F90005
00FF0903
F402F8FE
EF07F5FE
FE03FE05
090F0909
F3F8FCED
D7EA00F3
100F06FF
1C170D07
120F0F08
0CFEF921
1FF40905
01160404
E9EB08EF
F3F400FD
07040AF6
0C110CFF
E1EFE1E9
03FEFED9
FDEF0303
EEFE06F3
E2D3E0DC
DC04EDF4
0CF50B12
1C160F0F
F9FEF401
FE060801
0AE90601
0D03E724
E421FFF3
0311D7DA
E9F9D5ED
11F9FBFD
0C040F0C
0003FFF6
FAF5F4F3
F00003FE
F5F8FE01
0DFA0104
F414F2FD
F4ED0DFD
05FFF9F7
00F2F7F4
F9FCF905
0A0AFFFA
F90BF9F9
F30009FD
0404F9FA
FBF605F8
03F20903
FC02F50A
07F10404
FD040208
F3020408
FF0B0008
08000504
02F306F6
14120F09
130E0223
FBF101FD
FD080800
FCF304F5
01F70008
F1FCF8F6
0208FE01
F1FCFFF2
00F605F1
FA04F3F1
F5F3FD05
FBFB070B
FF0D0202
010B0C06
01F5FF0E
FAF408FF
00FBF8F3
0503FBFA
071002FA
F704FDFD
05FBFA00
EDFCEB01
27FFFD0A
1DFDF6FF
FCECFB21
0D0C07F9
ECFC0706
09061310
FC060A05
F3F3FE02
FBF71306
E6E200FF
02FAEAFF
00F8F903
DFF806FA
090AEF00
FAFD08F5
F709FDF0
01F800FA
01FEFA1C
F40109F2
F0DAFCF4
04F0FAFE
0210FBF7
FF03EBFA
FCF7EF03
0307F9EF
00141AFD
040403FF
02030108
F9040904
FB07F8F6
07040606
FC0C1815
09F70500
0DF8FF01
FA0C0604
0903F10B
E4F8F8F7
F2F101FD
FCF9F1FA
08DDF3F9
0721F0FA
050919F6
FF030A00
010A0902
1508E403
E30615E7
0607EDF9
04F909F3
F9060005
F6210605
0C03010D
120D06FD
0D150D15
FE000C04
FD020603
0BF30900
F9FDF301
F7060900
F606F902
00040F0C
25E5FEFB
1015F102
07F9F902
02F7F707
FB050E04
08F30603
FFFFF205
FA0D0617
FEF31003
04040CFF
FA0D0807
FF060400
01FAFAFA
FD0701F7
FE06FD00
0AFCFEF6
03F40B08
09020204
F2FBFEFC
06F90800
0802F9FB
00090309
FCFEFE03
08000800
19FD070A
0D12071C
1D080A19
FEFEF306
0707F4F8
070500F6
05FDFEF3
FD0903FB
0AFE160C
FE06F209
FAFA1308
0A0B0311
010700FA
000BFE00
0A0B07F7
FD04FBF9
F802F907
07050AF6
F20902F9
01F8F003
FCF3F102
F0FEF5F3
F001EEF3
14F90CF6
FF06F004
021EFE06
080A0D07
F1FBFE03
08141607
150E151E
050601F6
FF05F3F7
EE0E1E00
FB0017EC
06001D0D
0C0409FD
F203FD09
070805F5
0E131E0A
F0FBF6F4
EFF5EBF3
F70A09EE
F3FAF4F2
05050AF5
F6FAFCF8
19F90400
12090813
FD03FE08
F90EFEEC
12030DF8
FFFC0A0D
0EF9FB02
00F90306
0004F4F9
F0FEFBFC
F8FB02ED
FCFCFC18
0103FE00
FDF6F707
FE00F20A
0209F5F7
0CFEFEFB
02FEFF14
080700FC
F7F6F308
09FBF6F5
030206F6
FCF102FE
FE00F409
F3F8FBF6
F6FDF5F4
08F905FE
E30207F6
F6EFEDF6
F805F304
F4FD0AF4
F2F0FE0C
01FEFFFB
F9FFF4F2
09FDFA04
01F60700
000AFBF9
FC0903F2
F6F8FF02
0704F5F8
FEF9F8F1
FE0309FE
F8FEF907
0507FC0A
F6F403FA
EDFF03F9
FF030002
0F0EFD15
0BF602F8
F90BFE06
FC0C0BF5
040802FC
FAFDFAFA
0BF31206
04FD0605
FC0AFCFE
0B0106F8
09FEF9F8
010AFB0B
0207F608
FE0A09F7
FCFEF6F3
060201F3
0FFFF5F7
F50D0EFC
05FD0DFA
12F8FD04
FC0BFDFF
070A0508
FAF801F6
F4F609F7
FC0BFEF1
FDF4F4FC
08F7F7FF
0306FB02
06F505FB
FB0808F5
01F70EF7
FD05FCF9
FFF60B03
F40B02F6
FA00070A
FAFF100D
FB05FDFA
F006F908
0A01F5F3
1007F2FB
1010090D
0112190E
F7F21107
F1F0E3F7
DFF4E5EB
F4EFF3E4
FA01F703
00FA01F5
F2221B07
07EC091E
03EFD8F5
0500F8FA
FEF3010B
08F0EA1A
EC110107
09E6F30B
FCF4FEFD
F900F9FC
09FC03F7
0D06FAF5
EA13E217
06D409E6
0B29E7F4
F4122AEC
E4E9E9F2
FAF1DFE0
01F7F9E3
06FBFDFC
F200FDFF
FAFBF801
08F707FA
03270904
FE0F190F
F7FFF9F2
FE02F9F6
F2F20DF7
FC05F31A
0014E5F7
03F8FCFA
2B00FCF7
1710302D
14141319
0405F2FA
FAFBFB06
00F60EFE
F3E4FCF8
F7FBE4E2
05FF0A06
06FEFBFE
0DFCE4F5
F8010E0F
F211FFEC
FCFBF3F5
F8F2FD0E
07F80400
FBEE0607
FEE6F1F3
0BFAF901
1413EB08
F2FA08ED
0B1B190B
110E0710
FF0A0602
05FF0E07
00020AF6
FF08F30B
0EFFFC04
0F270F09
1202051B
1BC9022A
E916CFF9
EEFB29DF
E305D304
0D0D0B06
09F1071E
0BEBECEE
E6F2EE00
E0D4CAD4
FDFDFEFC
F7FCFE06
0003F3FD
D79ABDF9
FFE5D2C3
EBFCF4F5
17F2F6F2
F6140D0F
00F81305
0AFA1401
ED0008FE
F4F3FFFA
000407FC
F0ECFDF2
1C050316
F304FADA
E5CC00DA
080DD61E
FEF7E2FC
DEC901F6
08FCF4E1
F5EFDBD9
E8DEDDFA
DFDAF4F8
25DDDCEE
DC141718
FEF405E9
FBEF0CFF
0CFEF61A
FC0B13FC
02F915EF
E1FEF0F2
EBDE18F0
16FFFA18
081F01E6
180E18FF
070BF9F8
06F40602
FB01FAF2
21F6FC0B
0AFC0F0F
FAF4FEF5
F4060AFC
F905F7EA
00F602F7
E30C152F
F2F604F6
000907FD
03FAF5FE
25F004FF
0D24BF40
FAEB0BE1
022809F1
24192213
1EF4F601
0C060C10
F6F4FD08
FF040507
FD080104
F1FAF2F6
03F8F704
EAE60E0E
00E7E5E7
00F503F3
F90A09FA
F705FC05
05F4F709
0CFCFC00
02FEF7F7
FC0DFFF6
F2FF05FA
FF01F5F5
F905FE01
F2FCF5FE
02F1FF03
FDF3FA07
0501FA07
FC04FA00
0DF6FB05
F9F6DEFF
FA1CF6FF
F3080800
F000FCF5
F9FDF3FB
0A0B0604
0BF3FCF0
FAF8F701
061102F7
02060C09
F6F105F7
FB000707
0BFF0401
0A04FAFC
F5020B06
01F7FD02
F90AFC03
02FAFDFE
FFF9FAEF
09FC0D08
F2FBFE00
00FE06F8
F50603F4
FE050701
03F10604
01F0F608
080304F6
0B0B04F6
F30707F6
F4F60508
FAFEF7FF
EEF7F6F0
09F204FE
F4FB0703
030A00F7
E805F707
F0FFE2E9
00F504F9
F5F7F706
F6F605F3
FAFF0307
0B06F503
F9F8F605
FD0A0C04
EFF40C09
F9000207
01F5070B
FDFE01F8
060AF102
FD05FDF9
0A07FE0C
09FCFE03
F9080AFE
ED09FFF8
021201F3
FE020311
FC01FEF5
FD0305F3
FCFD03F8
FDFC0B09
F00401FB
03F7F903
02FDF5F4
FC0504F5
F7F80204
F90B07FC
050B0C05
03030108
F9F60406
F802FBFA
F7F702FD
040BFEFB
0CF60BF7
F4F503FC
0EFAF3FA
FAFEFB0A
FCFCF907
F808020A
06F606FD
060609FC
06F7FC01
090BFEF8
03FB080A
FFF4F909
F60702FC
070C0506
FA01FE06
FF0705FA
FEF60F03
090109FD
01F90400
04F7F601
FBF807F9
04DC110F
C8B3FBEB
EDE0C1F0
2513F2D7
F4D7F729
31EFD5EF
281B2745
DDF1F000
FFF4F605
FDF509FD
F51F18F1
F7DE0A1F
FBEEF9FD
FCF4F801
F4F8F8FD
EDEBF7E5
D9E3F1FA
FB1A11F7
FC0306FE
0901FD23
F7FAF4F2
FC0801F8
0B1F0D18
0FF013EF
082FE3FF
E6E518F3
242E3818
18094547
0205FF06
F503F1F0
F508F5F6
FCF2FEFB
1B06FEFE
0A131404
16142A0C
0304F5F4
F7F604F9
FBFF0402
080A0A01
F50A0609
F904F4FA
0600F8F6
0BF50DF8
FC0AF602
FB0AF80C
0BFAF80A
00FAFBFF
FD02F401
0402F5FB
F8F705FA
0209FEF6
00F50703
FFFC0504
090302FA
02F0F506
F50AF503
F80CFA0B
0404F8FC
00F30B00
F7FE04FA
01F80C03
07FDFFF0
FE020301
F7F7F9F9
0EF90107
0BFFF704
FE0306FA
080907F9
0002F706
0C020EED
F0050AF8
00000000
00000000
00000000
00000000
00000000
00000000
00000000
00000000
00000000
00000000
00000000
00000000
00000000
00000000
00000000
00000000
00000000
00000000
00000000
00000000
00000000
00000000
00000000
00000000
00000000
00000000
00000000
00000000
00000000
00000000
00000000
00000000
00000000
00000000
00000000
00000000
00000000
00000000
00000000
00000000
00000000
00000000
00000000
00000000
00000000
00000000
00000000
00000000
00000000
00000000
00000000
00000000
00000000
00000000
00000000
00000000
00000000
00000000
00000000
00000000
00000000
00000000
00000000
00000000
00000000
00000000
00000000
00000000
00000000
00000000
00000000
00000000
00000000
00000000
00000000
00000000
00000000
00000000
00000000
00000000
00000000
00000000
00000000
00000000
00000000
00000000
00000000
00000000
00000000
00000000
00000000
00000000
00000000
00000000
00000000
00000000
00000000
00000000
00000000
00000000
00000000
00000000
00000000
00000000
00000000
00000000
00000000
00000000
00000000
00000000
00000000
00000000
00000000
00000000
00000000
00000000
00000000
00000000
00000000
00000000
00000000
00000000
00000000
00000000
00000000
00000000
00000000
00000000
00000000
00000000
00000000
00000000
00000000
00000000
00000000
00000000
00000000
00000000
00000000
00000000
00000000
00000000
00000000
00000000
00000000
00000000
00000000
00000000
00000000
00000000
00000000
00000000
00000000
00000000
00000000
00000000
00000000
00000000
00000000
00000000
00000000
00000000
00000000
00000000
00000000
00000000
00000000
00000000
00000000
00000000
00000000
00000000
00000000
00000000
00000000
00000000
00000000
00000000
00000000
00000000
00000000
00000000
00000000
00000000
00000000
00000000
00000000
00000000
00000000
00000000
00000000
00000000
00000000
00000000
00000000
00000000
00000000
00000000
00000000
00000000
00000000
00000000
00000000
00000000
00000000
00000000
00000000
00000000
00000000
00000000
00000000
00000000
00000000
00000000
00000000
00000000
00000000
00000000
00000000
00000000
00000000
00000000
00000000
00000000
00000000
00000000
00000000
00000000
00000000
00000000
00000000
00000000
00000000
00000000
00000000
00000000
00000000
00000000
00000000
00000000
00000000
00000000
00000000
00000000
00000000
00000000
00000000
00000000
00000000
00000000
00000000
00000000
00000000
00000000
00000000
00000000
00000000
00000000
00000000
00000000
00000000
00000000
00000000
00000000
00000000
00000000
00000000
00000000
00000000
00000000
00000000
00000000
00000000
00000000
00000000
00000000
00000000
00000000
00000000
00000000
00000000
00000000
00000000
00000000
00000000
00000000
00000000
00000000
FFFFF726
FFFFF3B8
FFFFFD79
00000889
000000EE
0000056A
00000034
FFFFFEAE
FFFFF9B2
FFFFFA83
0000041F
FFFFF6D5
FFFFF699
000001E7
00000C93
000001C0
FFFFFD34
00000189
FFFFF243
00000511
FFFFF403
00000974
FFFFFB12
00000CE3
00000B27
FFFFF474
FFFFF347
000003E1
0000077A
FFFFF877
FFFFFD17
000001EC
00000009
0A05FAFC
08FBEF0A
FB04F50C
10090610
ECEB05F6
070FF3F6
12EDF604
F50B0413
FC020EF9
01F2F0FD
EC05FD13
F6F2FC15
01FAECE0
04EBD7DD
F50008F7
E8F90CF0
FD08F8EC
0603F3E2
F6F101EC
EF0BEBE9
15F8F508
0DFE2417
F50B01FE
F6F4F3F7
F320EEE7
F3E601FC
F7010302
FA1EE8FF
E5E20BFA
F714CEF9
F208FE06
03FA3B2A
1CFA01F6
0607080C
EFF4F504
E4E416DA
E6E92AF8
D0FBFBCA
0612FAF6
F3FE20FE
02060F0B
F3ECEF0E
F8E815F7
FB0B08F3
16F1F002
0AF61419
F1F4F606
16E7E20E
DE20E224
EB300D08
F112FE0F
10FE0723
F50A0BF8
F7F2FDE4
0AE507F1
F20AF6FA
F4F0F8CB
E0E1DDF5
E9F2EFEE
EFEB08EC
F3F50DE1
0407F5DA
0703ECF5
F4EAF704
03E5E8F7
2412E3E4
FC030308
ED0F17F6
20F9F4E8
FCF709F6
EDEDF3EB
FF1803F5
01F10113
F0FD03E8
EF001F04
DA2AF9F2
13CE1014
F8F015F9
EB300411
F10223D8
FC0108FE
F6F40003
06FE05F1
011503EE
EF0CDDF0
0014F813
EDF6090A
0E06D80D
12F5F307
ED13100B
0507FBF6
0013080D
F0280CE0
2924E21C
E7121BFD
ED080930
100F17FE
EE14E105
EF05E9EB
07F8EBF6
F603FC0E
FA04FE09
FA0CF0EF
0D12140B
F7D7E20D
E6E4F3EA
EC0807FA
1104E3DD
0D05E205
23201103
EA0016F0
FE2E1310
FAE10F03
020801F8
EC4C0300
FDE02DF2
0701F1F7
10EBFA0D
FAEEF3FA
01EB01F6
07F703F7
0C070EFF
080B0B0F
E40DF2EB
FB0EFAE8
E8EB17DF
0A06F1F2
FCF80503
F71107FD
0AF4FBF1
14FEF306
FBECF8F1
00F1FBEB
FC0506F3
07FAFD06
EE10F806
F710F705
000E000C
F5FA0F08
F00A0CFE
0B0D0BFF
13EF09E8
E8F906D2
0C080D0E
0EF0F907
0A07FFEA
F90402F4
D3EEF5D6
0920F201
F9051DEB
F411EE0C
16F61221
2F070607
DD02FAED
F3EC0FE9
BFF4FDFC
D41FFB01
0EFFFE20
FD17E209
08FF02E8
F411F9F0
EEFF0B09
EC1D001B
1CFE0EEE
F71A0B01
10F6FB07
0B0CEB10
1DFD0628
FAE4FC00
FB0CFE02
0BFC0AEF
FA0D080F
07D9F20C
00EFE8E7
00D6EAFA
FAFA0403
40F3EBEA
D5F117DF
F8FE2EEA
270CEA16
15200400
10032312
FF1BFFE2
16F11013
F211E8EE
F7F901F8
F7FB05F7
17ED091F
E5F2FF00
E5E8E315
E90ADBF3
0F0BFDE5
EF1FEAFD
2911DA03
FC1101FC
D0EB0ACC
06040AFC
01F5E7FD
0F0010FE
DDF309E1
2F14FDF0
06F413F4
F4F80F0C
1FFC1322
121511FB
FF011214
071FD106
15030810
EE0DF0FC
F0FAEDF3
1208EE07
F4EEF90F
3FEBEFFF
E3EF0817
EFF1070C
DD0303D6
ECF911ED
070C02FD
F8ED0504
F20DF2FE
1912090F
FA1916EC
FF15160E
1506101F
F4F9EAE7
0FF6FEF2
F40BF902
01F3F021
F008F215
04FF02F5
EF0DF601
F7F713F9
1305F3F1
E4FDEE0B
F3F6F14C
0304F1F3
FAFCEDFA
0CFAFC1C
0E120616
04F500E5
F334F4FF
0C010F28
EF33E402
140C0911
FEF40410
F00CFCFF
04F2090B
DCFBFC00
070E03FB
ED12F703
ED17FCF0
E2FC0FFA
0801F103
EDEF19DC
FE1100E9
24FBEF1D
0000006B
0000029A
000005C6
00000093
000001B4
FFFFFFAE
00000270
0000029E
FFFFFDC1
000001E7
000000C3
FFFFFFD8
00000344
00000067
0000033D
00000097
FFFFFB0B
FFFFFCB7
0000002A
FFFFFE4E
FFFFFF3A
00000091
FFFFFEED
00000210
FFFFFD55
0000034E
0000013C
FFFFFDA4
FFFFFA77
FFFFFD09
FFFFFAB4
FFFFFAE7
00000006
090B09F8
FAFC06FB
05FC070C
FA03F9FD
1E1305F9
0913130C
05E1EA0C
FFF80306
0402FCFB
FEFFEE04
C10EEA05
0EFDFB11
FF0302FE
080709ED
FD05FB02
D00905F9
1CF9D9D4
FF1BF31D
06041015
0F0A0B20
0BDDCF13
FE0106FA
FB08ECF7
0F07FFF6
FE0D1005
F70BFA06
010100FD
FFF6FFF9
03F901F2
FAFFF9F3
1DD0ECCF
180C1608
170D1601
FF11190D
02FE0300
0106F30D
F6EADED8
D7E7E8D6
F6F102D5
FEF5F102
1704F6F2
FE16EF00
021A03FD
F5FC0202
FFFDF801
FAD512F5
03FFDF04
EAEAED08
FEDDF5E6
FF01E6EE
F6F601FF
05F2F5FF
E9F50312
ECDBEBD7
F3F8FCEE
D4EEFFEB
090812E2
D70A0601
F2E7ED00
0802EAE0
EFD2F0DF
DEE0E3EF
E1E5E1E1
D9FEE3DA
E0E9F1E1
F00BFBDB
FBF509FA
06FFF50A
F80CF70A
FA08F2F4
17050204
020DFFFC
F5F4FC00
F6F4F500
F0F7F8F7
F300F4FD
0612F0F9
E5C1F123
F9EFC8F4
FEFFF607
F80205F6
D0F1CF0C
CCD8F094
05030DF0
F703FB00
FFF8FDF7
FBFDFD00
10F5FAF9
070A210D
0E181604
00FD1207
0AFFF40B
F42AEE09
06D5D3E7
D1CFD0CB
EE1111DA
03FF081C
FEF801F8
F001F6F6
F6070406
F9FBFEFE
E5EAF8F7
D7D1A1E7
FD0CEBA9
F9FD0CFF
F9FC07FB
05FEF7FC
FFFC0103
FBFAFF00
F9070600
06F701FC
070805F4
10F9FA00
0E02FF0D
F61F1219
FFFEFCF8
F40701F5
0D141214
1D211100
F1EBF318
00FCF403
00000502
FC09F507
0BFBFE06
EAED12F1
E4E0F5F6
04F5F0E8
EBF8F4FD
0CFDFFF8
DFE6F5E0
0CFEFAF0
02FBEF14
04F3FAF1
F7070803
06F7F902
02F80609
FE0600FD
210E0E09
19191715
18161B1F
041405FD
E9100D12
E9FA05F8
F7FFFBF6
F600FDF7
F9060004
00F80703
F402F1F2
0808F603
ECF5090E
00FDEC01
07F8FF05
FE010803
DEFA1111
FA21F6F7
FBF4000C
01F60605
F7FA0608
0301F9FE
C7FEFDFF
F1F8FBE1
FC0B0A04
F4050D0D
FAF3FC00
18FDF9FF
06E0E7EB
0303EEEF
1F0D0C03
FBFD05F7
00F50808
FBF8F5FF
FDFE08FA
F9FB03FA
FD0004F4
EBF5A1E8
FF14EDB3
0708FD04
0AFBFD01
F702FD06
02FDFCED
FFF9FC04
030505F8
F8FBFD03
FEF7FDFA
1C08FFF6
3D450B1C
05041C1F
0200F703
0308F705
0DEAFFFC
E617E9FB
F70B0508
01FD0A0C
FBFF120B
FF010605
FF00F7F8
170AE1F6
F601F318
FDFCE7EF
F8F90506
0D00FA09
05161618
15171006
0908FA07
03181608
FC02FCFF
FCF4FC06
FBFEFF07
FB00F600
EB04DD01
0CB700F0
00FD09FB
EF01EAF1
03FE02FC
F9FBFC04
FF060AF4
F4FEF5FF
F905FE01
FCF3FAFC
F8F5FFFA
1E0FFBFD
F6EAF70D
FBE5EAFB
FD0206F7
0108F8F6
F6010B0D
F1E3EAF7
000C08FA
FF071607
F4FE0906
F2F8FFF9
E3F604FE
03EFDEE1
0B080DF1
06FC0004
0509F602
F722E0F8
DBEFCBB8
EBECE4C4
F70804E1
F6F7FBF9
F4FD0000
F9FE07F9
F7F8FF0B
07F501F6
FAF5EDF3
C7E088EF
FBFEDBB8
02F904FC
0903FDF8
FBFAFD00
FAFD05F7
F605050A
05FBF203
F7FBF600
FFFF0200
0CFFFCF0
09F5F60D
FE00FBF5
06FA0801
FCF808FC
F401100F
04FEFC0B
FB0800EB
01070A08
03031611
010205FA
DE0005F5
03F8EDF4
FEFC05F6
FB020301
06F702F5
C9F3F0FE
FAEC0AF0
FBF609E7
0F1DFEEE
FDF6F6FD
F8FDFE07
F8F4FCF2
06F7FB0A
070303FD
0CF7FCFF
DFDFA6EE
1009EDBB
0609010B
01FB0205
F504F5EE
FBFE0BED
FA0105FF
FE0100FD
03FDFAFD
F906FBFC
FF11FAF9
FD0603FD
0201F300
F802FF05
04F6FA01
04F80CF8
F804F802
FC00FD05
08F8F4FA
0708FEF7
F90902FE
FA0205F7
F901FA00
04FA0400
02FE0101
0604FD09
F6F9F4FF
07FD0309
07FF08FA
0106070A
05FAFE06
FA020404
FC06F709
FD040AFC
000903F8
F5050903
010305FF
FBFF0103
090900FE
07F60909
04FF09FA
03030401
FD04FE03
0203FB09
F80108FB
0807FFF8
060CF607
02ED0BFE
05F3D904
07FB0103
0400F6FB
FD03F204
E100FDEA
01FAFD07
0E0900FF
FDFB0E09
02FAF6F8
03000206
F908FAF3
070CFCFE
03070814
17191A1A
03FBF715
040EFA03
160CE3E6
060711FE
01050A16
F6FDFF07
0BFDFEFE
FC0003F8
FDF8FDF6
11EB1608
251D0018
1707290D
1B111E12
06151310
0BFF0401
04020801
050CF907
FBFDF908
07F5FE06
F90200FA
0BF904FD
FFFE0102
F508FC08
04FAF701
02020403
0E110207
070C1710
0F0F1213
0303020D
05040B03
FDFD0502
0DFCFAF6
F8150A02
F7FE01FD
0D090E0D
02090607
FD07060D
02080411
060D0F08
0C020603
FD171208
FC02FB0A
07FBFFF6
0801F904
FFF506FD
04120705
23091116
07071516
12171117
0C050318
0F15FA0A
FEFAFF12
FFFCFB0C
0406F601
FFFA0506
FF05F708
F6FB090A
FD04F610
FBFA01FF
FF07F7FA
03050501
FAFE06FD
0008FCF4
00020207
01020409
040109FF
F601FA06
F6FEFAF7
FEF6FDFD
FF06FFFC
F803FDFE
03FDFAF9
04FFFEF4
F7FA02F9
FB07FA03
FC02FFFD
01FBFFFE
FAFAF8FE
FF0900F8
01FC05FB
FF010403
0606F805
05080507
07FC0100
FEF80203
F9FC0B0B
FAFCFDFE
F708F803
F3F8FB07
03050100
F8F503FF
F2F8FB04
0E1BFBFF
F9DCF700
05EADBFF
FB0707F7
FAF4FBFC
E9FE0713
CDE3F7D3
0B1317F8
0AFC1409
00F90C07
04FF01F9
F206FFFE
0703F6FA
110B1DFD
FC0AFF01
07F5010A
102ED9F6
E5F5C1AA
BCE0E0C5
FE0C05D9
0AF00F04
FD0402FA
F40104FF
FE000507
09FB0003
FBF20CF6
DADAA7F2
0209CE99
F1FCFB0A
04F7F1FB
F7FDF7F8
FB0403EE
EAF6E5E7
E2F5F9EA
03F1F7E3
EFFF02FA
16150101
0E1AF7F5
F7090100
FB0108FF
F4F2FFFE
F5E91C02
0002FA0B
F8FAFEFE
EBE5F6E4
F4F6DCEA
03F1F5F6
0FF7FEF4
F8F3060A
E2DDFDEA
ECFEEEDE
CF0803FB
000716E3
DC0000F1
E7EB06FA
151608E5
F7D2F4F8
EBE8FCFE
E9F0F1E3
EDFBE1E9
E0E207DE
031510F3
FFFBFCE6
F7EEFBFF
F5F3EE07
FB0DF4F8
F00401FA
0BF1F7F6
FA0504FC
01FEF7F8
F6F505FF
F900FE04
EBF30102
FAAF001B
F8BE8DDF
05050305
FC0203F7
ED07D414
D1DC1699
FC0302ED
0A090403
F3070206
F4FC02FB
ECF7F4FE
0D0EF00D
1414041F
07020517
0E0A0406
CBE2C507
20FDD0FA
D5EDC8B6
FAFA01D3
01030D12
F7FDF4F9
FBF502FE
02EC0607
0701FC03
08F20BF7
E924CF12
130CE5DA
0303000A
FEF8F800
06F3F400
FC00FC06
FAF6FAFF
F8F100FD
FA09040B
FFFDFE06
01FBF600
E4F202FC
01D8F0F9
FC0603FC
0505070A
18150505
C3F129D6
060A121A
05120508
0209F70B
FCFCFD09
01F8FA02
15FAF815
0D19010C
E9F1F60D
E7E3F8FB
17030005
F0FCFDFA
F604EFEA
1908F406
0AF7EC02
FDFA080C
1010F900
04F4FF04
020B020B
F008FDF3
EAF2E5F2
F2F11817
F1F3F9FF
100301EA
0C04F30C
E9F002FB
F7FAFA0B
060BF905
07F70007
F806F70A
00F6FBFD
F90A01FB
02FAFFF6
00FCFF0A
FB0801FD
0202F90A
FC0AFB03
FAFF1108
05FCFBFB
FD08F7FA
0905FB04
FC050205
0B02FF0F
07FEFD03
FFFE0E02
0E0BF6FA
0D0206FE
FDF40201
0D0CFE06
00F8FCFA
0204FAFA
FB0AFE0A
01010803
FEFAFCF9
02FEFEFF
02F8F9F8
0106FD01
F7FEFBF7
FA0602F7
FEF7F8FA
0203FC07
04070503
01030104
05FB0304
FBF70009
0AFCF9FC
06F8FE06
05F7FAFE
F8010DFD
FA02F606
FB0406FD
02000603
FD0C0902
030605F8
00FF00FA
03F7F902
F704FB00
FBFEFD07
0103F8FA
F90908FC
09F80AFA
FA000AFF
FA09F7FE
05010401
08F8FB04
0202FB03
05FB05F9
0408FD09
FB09FC06
F9F805F7
0206FD05
0A05FA05
FC0606F9
0603FF00
FC09FC05
05F802F6
F70200F7
FF0601FC
00EEE4E6
E908FFEC
FFF3F9EB
F8FBF802
14FAF1F1
FD17F7FB
01FEFFF2
FCFFFEF2
00FF04FA
FEF51F09
FE000006
06F708ED
07FA0207
F804D607
FBEF02FE
FDFEF4FF
170BFE09
CED1E0FF
FEFEE8DD
BD14F3DF
140705D9
DE0903F1
E8DE01EF
000E0EFF
FAD50200
F2FBEBF5
DCF4F5F2
EFE9CDDB
D2F7F5DF
F61DF6F1
00F707E1
E8E5EE05
ECEDDEF3
00EEF1EF
091207FE
1403FE12
F3F00104
FE09FA04
010309F9
06F2F6FC
FDEEFBF9
F816CB05
F9F3F00E
02FB0507
F9F601F4
DEF51104
D4DDEDD9
F5070317
01061104
F5F7080F
FBF502FF
0D07FEFD
0A171A06
E7060902
05F1F903
FD03F8FC
2806E906
1AE3C1D7
D9F5BAD8
F70202F0
F91C0F1D
FEF305F5
F102FBFD
FFF901FB
F9F5EBF7
D5B6B004
1EC2A2AA
FDF61CC9
FCFCFBF0
FFFEF0F6
0309FE02
F6FF0FF9
F90D0EFE
08F3FC0A
0403FC09
07F70501
261F0104
011F04F5
F6D5ED09
02FFF804
0703F2F7
0D0A2011
050509FF
1A19141E
05021707
FCF60E1A
FDFCF802
D6FEFC05
FAE9EFF1
090907FE
0F060E05
0AF30501
1216FB05
CDF8D1D0
1128E5BA
051FFC17
09120A0F
FBF902FD
05FEFAF8
00F8FD10
0EFE0001
FFF60003
DFFDD3D2
0CFF0AF3
010D030A
F606F4FA
FF0A04FD
0C01F509
E705FBF3
F300F4F5
F8F804F0
F1FCF7F5
1DEE03FA
F00FDFEB
FFEE08EF
02FEFCF9
F404F7F3
FFD41611
E3E6E018
090604E2
0A0AFDFE
FD00FB04
F5F3FB04
1DF302FD
F5081F1A
EFF00A13
F4FBE9ED
FBF5F6FA
324018E9
EF140DF4
F6FD0CF2
F4090F10
03010C1B
F6EA00FD
F8F7EEFE
E3F800F0
F8E6F8F4
EE25EB03
02EA12F1
FE1515EC
1F081C13
FD0FF208
170705FF
11130503
FDFEFB02
FAF70203
F1FA03FA
FCFCF2F0
040EF7F7
F4FB0A0C
FD04FEF9
F7060302
FCF904F9
030FF301
FFEF02F4
000308F5
FEF7FE05
050005F8
FD000608
0AF90905
070CFA0B
0202070D
05F70203
07F308FE
FE0F000A
F5EC01F4
01FFFEFE
FD0907F9
F9020103
FA02FF00
04FBFE08
F902F8FA
FBFB0002
110A1402
06EEDA10
040DF7F1
0DFEFE01
FA070B01
04F902F8
F503F807
EEF4E4E7
E1F5EDE3
F8F8F7DD
F9F9F8FB
1008F9F5
1C13F103
F71015F3
FEF5FB06
FCFAFFFD
0A060300
17FE0D0C
232AFBEB
FF1920EA
FA05D9F3
00F400FC
F7F8FCF8
FBE3EE03
D9E0DEF3
F5FEFAF9
EA04F9E8
EFECFCF3
CDF1FEFD
E1D7FCF0
12E7EBE1
E4C8D9DB
D8E2E6EE
E7E6EFE3
EBEFEDE8
DDE4EEE7
0C0507E3
E6FDFAFA
15FAE4F7
04FE0106
FB080204
02F40C18
06FFF608
F4F3F9FE
FBF0F6F8
F6F5FAFD
06FCF606
0909F4FF
062704F7
05FA10E8
080300FF
06FF05F7
11F21B04
F8E7F611
FCF4FD15
03020B03
F8FD0306
F6F9FEFE
E1FCF8F5
FAF30CEE
18F9C707
030411FA
FA03F409
D7C20F02
1BF5FC59
2720EF2A
F5F4CE17
01FDF5ED
FAFCFD02
F9000503
FDF6FCFD
FAF905F6
10EE14F7
E318ECEE
FD08FA18
F1090F00
F7F2F411
01040402
02FEF6F9
00F8FDFF
0501F3FF
FCFF01FF
FA03FAFE
F9FEF001
F8F2EC03
06EFF202
FAFBF404
F5FC01FA
EBF4FE10
E4E5FCE6
F80205F8
FCF608FF
FA00F6FC
F6FAF9FA
00F6FB06
030EFE02
F30C11F6
FA0B050B
06160001
CF12CA05
EECFD5C7
C3C4BAAB
F40203DD
07021416
FE0105FD
FCFD03FD
02F40600
00F9F506
ECE5F300
F7DBB6D8
F803F2CB
080005F8
06FBFC05
FCF40607
060201FC
EDE8DBDD
D6EBF0D3
F0FBF6E6
F801F1F0
1607FDFD
0811EDED
F7FA00F8
02F6FD00
F9F3F9F4
FDF40F0A
00F4EC06
04FFFEFC
FAFFF7FB
00FDEBF9
F6F3FDF7
07FDF202
FDFE0108
D2DDEEE6
0503E2ED
ED02EBF8
0B0904E0
ECFE09F4
EEE70101
02FDFE03
F3E5F706
D9E3E3F2
DEE1E6E4
E3FCEBD4
DEF5EEE0
F715FCE9
EFEE07EC
E9F1FBF8
F3FBFAF9
04FEFCFE
0304FCFD
FFFE06FE
00FBF9F7
FB01FA00
06FE0203
FCFA0400
010200FD
05FF0EF2
FEFE0305
03FC08F8
FFFFF701
F6FF0302
04FCF003
03050100
FC0402FB
FC01F902
FEFDF709
0D000700
F3060304
F7F9090D
04FEF8FA
0AF9F707
0600F705
0DF608F6
0103F90A
020609FC
FC01F708
02FF0403
07FA05FC
FA0709FD
03FB06FD
F9FBFFFF
F80910FE
09F9F6FB
06FC0807
0AFD0802
0103FF01
02F8050A
00F7D8E6
F904E7F4
F4F2FFF3
0305FDFE
01CBF204
ECFDE1E2
00E0E4EF
04FF04FD
F900F206
06C81700
E2FFD5FE
01EF0FF9
F203FF00
FC03CAFC
01F4F8FC
2105FB01
1C04210A
DFDBD609
F312EAD7
DDDA0BF0
181D1FD1
EB040FEF
E1E5F7FF
E00810FC
0AF70209
0105F1DE
E3FFF0FA
DE04CAC5
F3F6FEF8
F51DEDEF
F1EFF7DE
E4CAF4F2
ECB4D6F7
FD09D5BC
110E0B0E
0AF210F9
0502F708
FFF7F8FF
07010606
09000007
0E10FEF9
E9EAFE16
FEFB00F1
03FDFCFC
0AF906FB
15051823
1D120F19
FD04FD06
01EDF8F1
F709E8F7
07050305
FC05FD06
0400FF01
1104FB00
FA07070A
020C04F5
02F8F8FA
EFFDEFE4
ED00FDFA
EBFF02F5
0605F80A
FEFAF906
F801FDF4
040709FF
00050001
02FF0304
FCFFFAF5
0A0913F4
FDF40CFE
F1F1FDF1
0AFA00F5
FEFAF908
F7F8FD06
01FFFF08
01FDF805
00010909
F706FEFD
070D0A01
08FBF8FA
07FEFF00
F9F7F602
FAF4FAF7
F10800FE
04F8FA01
FC0803F7
03FAFA09
FB080004
0908010A
02FB0911
F905F509
FB02FD03
FCFB0007
F9F104FD
FE00F4F7
FC0205F9
05FCFBFA
FE0005FF
0003FCF7
FFFB06F9
04080AF9
02080109
F90805FE
0002FC0B
FC08FBFC
09010905
0202FD02
FD090A02
0AFBF703
1009F6F4
FD04FB01
040404F4
01F100F6
10DFF7FB
DB06D9DA
F6EAE3E4
FD0200F4
FAFFF703
FED41409
F405C40F
10F607E8
FE0A1D14
FAFAE50E
00F705FB
1EFFFD03
1A15251F
D8E0E611
FC0EF9D4
DBF62307
271E1CE5
F21A14F0
D7F7FD00
F31934FA
13E61FFE
0D0B07D7
FC18E91F
EB03D8DB
0BFB2106
E3180203
EEE8F7E7
C9ECEDEC
DDDABE01
F4D8D5CC
0705F801
00F10C02
FA07FFFA
0202F8FA
0AFD02FE
0DFAFEFB
EF1306FE
02EFF1E8
04FDED09
01F80105
0406FEFC
04F7F405
EA00ECE3
0E0E01DA
0C03E3E2
F0FB1201
F5EAE00E
0DF8D7E2
080C000F
0D05040B
FC0405FD
07FF09FE
F5F909FC
0201FBFE
0F13FA02
FB0312EC
02E30E16
FE04FF01
FEFAFCF4
0A0406FB
010B0B0B
EB00F3FA
1119F4FD
F7FBEA0F
F4020207
05F7FCFD
F60307F9
FBFDFC04
0002FB00
00FEF703
DBE2EF00
F2E6E3EA
02D4E7DF
DFF9EFF0
E4EADD06
E1E4E8E4
E5EBE1E5
ECF1F205
E2F4EDF3
BDF002C9
05F4F4FC
F90008FA
D7ECF3EF
E3EB010B
F2E0F7E7
FBF804E8
F7F6F805
02F9FC04
03F802FC
F802FEF7
15E1FA02
02F9D911
FD09EAF2
EBEEF4E4
E2E8F4F5
E2FEDDED
DAE6F7E3
EF0409DC
E80FF7E3
FFF6FCDB
F8FBFC08
F8FEF306
DFEBEBF0
DAE9F1EA
07F5FAFD
FBFD00FA
00FE0F03
06060B04
F40306FB
141704FB
00FF0FD0
000000F8
FE01F6F6
F10407FC
FAFA1515
18E2C816
E716F2B7
060603FD
F6EDE619
0C06DDE4
03FF02FF
00040303
0006F902
FD06FEF7
FFFA04FB
01FBF5F7
030AF606
A7EB04EA
FEB4F6F6
01060903
05FDF1FC
00F3FA01
FEF8F7F3
13FFF9EB
F6FD0EFB
F4F8ED03
F7F8F808
FAF8F5F8
FB030201
04F6FCF7
02080505
070102FC
0E0A0905
0DFD0704
F0EB030B
0A070212
09FCFF0F
F9FDF8FA
0B080006
05EFF9E4
15F3090F
ED060B20
FD010003
0AFF0A05
0AFFF807
04F50EF6
09ED11FD
0506FE0D
FB010602
FA07FEFD
01F5FBF8
FDF5FA04
07190104
F405040A
FB210EFF
F802FEF7
06FA0707
F8080909
FC0005FC
02F0FF06
F80EF8E9
FBFFEF0E
03030607
FAFCFBF7
FE07FD06
08F901FE
0305F505
030406FF
F9070DFA
02F9FC14
F105EFFA
0206F5F4
FC09FAF0
060900FA
0705F605
FB0A04F7
11FB14FE
1A18F811
160217E8
0A09EF0C
F801EC17
E6F8F0E3
F0EC01E8
F8FEF7E8
F6000608
02F6F7F7
02FCFF00
0603F807
081DFEF6
C70904F5
04DC19F8
01F6FC02
FCFEFBFF
F6040600
FBFCFBF8
37EC00F8
F50207EA
FE00FA0E
0001FAF7
03FBF5F8
07010101
FDF4F9F8
FEF5FEFD
06050104
041610F5
0F170712
FBFF1613
15EBF7FA
091506E4
0AF9F903
0AFFFA06
FF150501
11FF1310
0C1A0E27
240E0203
FC32072C
17FD0D0E
F9FFFA0F
F9EEFB00
FEF0F5FB
FE08FDF9
04FCFEF8
FD0402F9
F8F6FAFF
0A2602FE
F70D1206
F2F7FDFF
FB05E9F5
EFF3FCFC
05F90500
FAFE04F6
09FEE700
FE0C01FD
00F8030C
03F4FF04
FAF7F905
03F80A03
0200FD0A
FEF70602
FA060305
0504FE05
FF020411
F10407FE
060104F0
07F9EBDB
FCF6FDFA
08F3F306
F70CF900
07E61000
1010F311
F4F9E5D3
11F7E6F4
16EEEF22
FA06F9E6
F600FB04
04070A01
05F5FFF7
01F8F8FE
FA06FE04
02F50409
02170601
AEFE0812
FDAE11F9
F6F705FE
FCFA03FE
F4FE01F6
FCFEF502
1216FDFA
F03E05F5
F8F5E502
0201FCFE
0AFE0101
FC03F4FB
00FEF2F1
FD01F606
F8F70204
0F0F06F9
06161315
EA060A03
060505F0
F50EF2F4
F5FBFE04
FEF50202
021B00F2
11FD2815
16150331
FCFBF2F5
1709E305
17E7F438
F413FBF5
EDF0EEEE
EEF8F4DE
0508FEF7
F6F6F706
F90508F8
FCF80606
000C0801
B90B0FF9
0AD50FF7
01090CFA
0AF8FC03
FBF8FAF8
F301F0F6
17EEFAF1
F61902EF
FA03F50B
020501FF
0DF6FDFE
FDFD01FC
010706FB
F9F8F608
00FC0602
F9010804
050406F8
0409FAF8
F7FDFAF9
FFFEF6FC
0503FEFE
FC06FDF8
04FBFB05
FBFAF9FD
0B07FBFB
0801F501
0EFFFBFD
FBFEFF03
F6FB0107
0AF7040A
02FEF307
FBFCFB03
07F700F6
F9F9FFFD
FAF7F7F7
FE02F909
F4FD03F5
FF0EFF05
F70801F6
02050109
F8FAFEFB
05FEFBFA
0AF6F906
F90409FA
FDFB07FC
0204F807
F600FEF6
01F604FE
FC040405
FEFBF8FF
08F80105
F9050802
F8F8FB09
1606FDFF
15100C03
F91516F1
0C0CFEF8
F9FD00FB
FE0106F9
FFF6F5F6
07FEF301
FB20EFEF
EDF82C07
F9EFEAFE
0105EF07
0B060F05
FF10100D
05F7F9FD
FF0AF708
FCFAFEFF
FFFDF505
FF0F06FC
E1ECF405
00E8F700
FF020703
FB060307
FBFF0BF9
F5FA01FC
060A0403
2304161E
FEFF0110
04030806
04FDFDFC
FC08FA00
04FEFB01
FF06FB01
01F9F5F7
0BFFFCF8
09F7FFFE
F0F50509
080B0400
0609F701
03020400
0EFE0BFD
FA091107
03F400EB
0AFD060B
110F0402
02000E09
F90704F7
04FFF808
0707FCF8
08000208
08F8FC09
F4F603FF
0502F902
06FFFAFE
1E04F800
2800FF0E
F5271309
FC01FD06
02FBF8F8
01F9F909
F8FE05F5
0DF60F06
F60B1613
00F7E703
F601FA01
0607F701
0407FA07
F9FAF801
0AFC02FC
F80005FE
07060AFB
FA0CFF03
F8050200
07FE0103
FE0408FB
FAF50604
F80A01FE
F8FC06FD
FDFE0201
F9F80404
0B0404F6
04040308
090803F3
01F6F9FE
05FB0BFB
0505F8FF
FEFD0609
F908FCFA
FB05F9FD
F8FF0600
070103F7
FE040707
060F0AFA
F908FF0B
0606FB00
03040AFA
0506FAFD
FC01FCF8
F8FBF8F7
070303FC
0402F6FE
FBFC06FD
FA05FD06
01FA0A08
08F908F7
F806F705
04100CFD
10070914
FF02FA00
FA08FFFE
FFF5F2D5
FA01F7FC
FCF2FFF9
FB16FB06
01011D19
0600ED17
E8F9DADC
12F0E1F0
18FAE333
F9F7DFE5
EDEBEEFA
FAF6F4ED
FBFE02FC
FAFC05F8
FB00F9FF
00FFFFFF
FC09FF06
91EA09F1
06A20306
FB07FB00
0AF50108
F4050401
F7EDFBF6
13F5EDFD
FC2511F9
F6FEE4FC
F5F400FD
01F9FFFE
F8000001
F4FFFD00
F3FE00F2
F7FDF6F5
E7E9D400
EBEBE5C7
07CDDBC3
EA040BF4
F9F3D80C
E5ED01E9
E5F6EFF1
08FFFAF3
EEF8E9E2
DC062404
04030004
021507FD
F3F3F90B
F8011411
F7F2F9F1
E406F1EF
FCFCFA04
F90103F4
02FCF6F6
030505F6
13D2F8FB
00F5E014
F9FAE201
F1E8F8F2
D9EAFCEC
E40BF9F7
E3FD07E3
F9FF1EE2
DF27F7E3
F6FA0EE6
FDF3F6FA
EFFE00F6
E9E8F3FD
E6F103F3
F70307F9
FC0104F7
FE010BFB
0F010009
F1180A02
091A03FA
00080FF5
F70902F8
FE01FFF7
F3FAF7F9
02F80101
3D07E3FF
DD2AFEBF
00EA0DEF
1F0F001F
0A02DEF6
070F0AFF
0006FF02
F6F8FBFD
000501FB
FDFC07FA
FC02F9FE
F61704F5
E6ED10F2
0CCCF90A
FBF7FB04
04F2FD03
F6F50301
01F0F7F3
12F9ECEE
0A070AFF
0307F115
F5F4FE08
FCF9F9F6
F4FCF3FB
FBFAF0F7
FF050302
0000FD02
FE0402FC
0EF8F607
F8FDF101
FFF4E9F0
00030213
07FBFFF7
FFF6F1FF
09030FFD
06060B13
041A1AF7
F5F909E4
1406FFE7
FD08FFFF
F2F6F6E5
FAEEECFB
FE02F6F9
0AFA09F7
FC040307
0808FF02
F70306F9
190BF704
FB101A17
F0ED0618
F2EFEDF4
EEF8ED02
07000F00
06FA0302
FBFDF5F5
FD12F1F9
FD02F9F5
F8090104
FDFFF701
F903FCFE
FA0003FD
FFFA01F9
FDFE0002
FDFD010A
0CFE0105
07F8FCFE
0902FA0A
05F70504
FC03F8FA
03FF0706
010B07FB
FFFC0303
F60800FC
FE0404F7
F8FCF909
FE040001
0B0B02FD
FE0A0101
08FF03FE
0508FD04
FC06FAFE
05F8FEFD
090001F8
00080302
FFF6FD04
FD01FB0C
FF00FD08
F504FD03
07050707
FF090AFB
0908FCFA
08F6F4F8
FBFF0801
FF07FF06
F90AFE02
05020BFE
04FCF800
07FCFF03
00FD010A
070709FD
FFFFFEF7
00F70A08
FB0401FB
FD04FBFC
F901F707
09FD0203
020504FF
FBFB0905
FEFCF608
F7F8FC02
F8050A07
0201F5F7
FFFBF70A
0901F609
04FEFA03
00FBFD03
FAF909FD
07070101
FC050707
FF080604
FE090107
F9F70603
FC0902FF
FD0AFDFA
0906FB00
FB070900
0A09FC09
FE070005
00FEFCF6
06010AFD
03FF0408
01FCF8FE
050109FC
F3FCF8F9
F70502FB
EBDFCB07
EFDCD8CA
0ABFC9D1
EBECFB00
F8FEF02A
EBEFEFEA
D0F0FAFC
050C0700
F0FCF6E7
C2FB27F3
F8FBF70C
031A15F9
F6FAFDE9
FD01FD0E
05F9F1FE
06FC0702
F802F801
00FCF7FE
F406FFFD
FC0402FA
0EDA0004
0002E409
F9EFE1F5
EFDBEFE7
E5F3FAF2
EE06D4F2
E4FCFBDB
EA06F4DF
D623EED4
FDFA1BE8
F9FEF6FA
EA00F8FC
DFDFFCEA
DDEEF7F5
F507F7F7
F7F6F705
07001005
0FFFF900
F2030609
E4FD02FE
F9F1FEFA
FD03040C
FAFAF805
F50BFA03
0EED0BF8
04D80514
F115E7D4
FF041BF1
300BD904
0429EEF2
F6FB0AFC
F701FA06
F9F6FCFA
F8020401
01FFFF02
FFFBF502
EE160301
95E30EFC
05CA1316
FEF7F101
0103F1F0
F6F109FF
FEFDED00
2E02EAF9
EF0FFFEC
0909D3E9
01FA07F8
03080307
0500FFFE
05F9F803
F6060301
04F9FB03
05FAFBF7
F5FBFCF5
E308EEFE
E6EC07E5
02FCE311
06040500
02FFFB02
FF130C0E
F6EFFCF4
0E1D1B02
33F4F4F1
12FBE2E8
0A17102B
0DFE0DF4
0F09020F
0A050302
F800F5F7
010503FF
FF04F8F5
0209FDFF
3A0602FD
F90B1815
FFFCE836
06FF08FD
FF020003
03F4F800
FEF80206
FDD0E6FD
121D27F1
030200FD
0204F7FD
01010400
08F6FF04
F9070602
FAF9F9F7
FBFCFC00
EEF8F5F4
EAF7EFEA
F7D7E7EA
F4EFF308
F6D2E72D
E6D9FAF9
F6F7EBF2
02210712
07FC100F
CEEA1D0E
FF00F50A
0A3807EE
F3022EF0
05100819
F2F3FBF6
F9EEF4F7
FE0301F7
FDFBF8F4
FEF900F4
FBF2F5F9
16E506F8
0DFFD516
EDFAFCF3
EBEEF4F1
F9F2F2F3
F20306F4
F9F4F2F4
F411EDF3
E21EE311
FB000EF7
FAFEF903
F1FA0406
EEEBFAF7
F0E8ECF5
FFF90002
FEF603FB
F90409F9
00030600
FEF30AFF
02FA0400
000905F9
0804F7F8
0006FF03
FCF502FE
FC0207FC
1AFC0605
F500F4FB
FFF9F8EF
10F1F00D
0A00F5F2
05FDF803
0305FB07
FEFAF6FD
FF09FB06
F40508FF
08F80001
0C0005FC
E0FCF2FC
0AEBF3F3
06020B0B
02040100
0AF9F9F8
F9F807F8
FEF800FA
EE07F8FF
FFF8F1F7
05FC09F8
0BFCFFF7
0AFA0802
0202FD08
FEFBFCFD
04F6FEFB
EBE1DDFD
EDE3DBDE
EEDBE5DF
F4E9F5F8
F0E8DE17
E9E8EDE1
EDF1E5EF
03F0E71D
D412BFCB
EE0413DB
FDF100FD
020CFBE6
F3F3001C
D2F50B03
D6EAF0DB
DDD7EBDD
0A0606FF
F906FFF8
08FFEFFA
FDF6F8FC
17DDFAF4
0D01F008
F7FEFFF9
E7E6F7E7
E8EDF1EA
F0F0E7E9
E2EAF6DB
E70B1BE1
D806F0DB
F3F805E7
F7F7F503
E7FBF5FE
DBEAF0EB
E3E4F2F0
0307F900
FC0503F5
0A040405
09010212
2800F3FF
CA1FF9DD
FB0110F5
0302FBFD
05F6FF03
03F80403
0703F6FC
0EF61EFA
141E1306
E0F5F3EF
0D07F619
06FAD50A
0E091009
0F03FB0C
08F80002
01F7F4F8
FE01F8FD
08FFF5FD
13FAF606
0D200101
001001EE
0504F706
020005FA
F7FB0805
F400F4F9
E1EFF006
F90C1EE8
05FD2E10
FCFB07FF
F5FEFB05
F6F90707
0705FEFE
FD00F5F8
FCF504FD
FC0104FC
0C07F900
F0F3FF08
07F7F4F4
FAF9F3F2
FAFFF8F8
F405FCFE
F7FBFCF6
FBF5F5F6
05DAE1FE
E9FCE1DA
FCF408FD
0EF0F810
000DEACB
FA020604
01F707F6
08F6F6F9
FCFA0505
F6010700
F701F9FB
0D0DF5F5
B406F5FA
FDB90EFA
FDFDF8FA
0AFDF200
F602F807
FFFCFEEF
3FF0E9EF
EF010DFA
FCF6EDF6
020204FD
07FDFDFE
FCFFF700
FBF4FEF9
00040204
F8F8F9FF
EEF6E204
F6FBE2E6
09CCD7E5
ECE80508
F5FAE81C
EFE3F1EF
E2F3F2F1
FC0E18EE
EFFFF8FD
CEF81DE5
0D06FB0B
0D130EF8
010707F8
ECF80D06
D8E0E6E9
EBE9EDE8
FBFC03FC
FEFBFAFA
FEF80001
FAF7FBF6
0EDF08F5
FE01F205
FAF5F603
F6E1F4EE
D6F4FBF3
E3FFE2EB
DEF3F9D9
F2FDF7DF
DE18EAC7
03F60AEE
0305FF03
FA04FE02
E4E7F5EF
E8EAF7E2
090207FC
070AFC06
FC0004F7
05FCFC04
01FD0308
07FCF6F8
02FD03F6
FF0603FF
FF06F703
FE07FF05
F8F604FC
FC0CF5FA
02FEF5F0
04FCFF00
FAFAFB0D
F6F900FF
04FCFD06
FFFB0405
FC0207FD
01FC0302
FA020601
FEF800F6
04F501FF
FFFDF60F
FF0A0003
04F807F7
06FA000A
00F906FC
F70A0905
0500FE00
00F503F6
F9F6FE02
FF090306
F9FFFC00
FAFFFDFB
0503FA01
00F702FB
FD0105F7
F7C4D607
D5DCD5D5
F9CECEE3
FBFAED2B
06EBCB24
E7EAF5FF
E4F805E7
FB0403F6
DEECE6E7
BEF617CB
FDECE7FF
071509EC
D8F708E4
F5E8F70B
E3F2E7EB
ECF0FAEA
FAFFFDFB
01090206
F3FFF602
00F40502
FDD7F0FD
09F9DE11
F5EDE306
F70907E5
D3FC00DB
ECFCD1E9
E902FAEF
F50C14FC
0718D8FB
030029E9
FFF5FF08
F904F303
E7FAFFEB
DE010AEB
FE05FB01
F8FD0401
F0F6FBFD
F8F7FBFD
EC0001F8
FB0A0AF4
00EFF21A
F708F9F6
F705F7FC
F704FFFD
FE00EDFC
EEF90DFF
09F9F5EB
FDEE03EC
00F5EF00
02160F0D
F7FE00F8
020406FE
0203FD03
03FE02FA
04FCFF00
FA0305FE
00110503
1614051D
00040EFE
FC05FAFD
F5F705FE
0700F404
F903F9F8
FEEF0501
FB00040A
0004F108
FEF701F7
03F90304
FE03F807
03F908F7
FB02FE05
FD00F605
00FDFF00
0800FEFF
FD0BF8F7
030105FA
F800FBFA
06F806FD
FBF607FC
01F9FCFA
07FFFCF6
0905FDFE
02040807
030007F7
0DF40FF6
F608FCEF
01F8F8FD
F7FDFBFC
0A090702
00FAFFFE
020304F8
FB03F609
F50AF901
F501FF01
08050D04
02FE0707
050704F6
02F70702
080708FD
F2FA08FC
07FD0506
FAFAF5FA
FFFFFFFC
09FCFE08
F7F8F8F7
F8FF06FC
05F8FE02
F5F8FF01
EADBCDFB
DBD9E5F8
29CCCDE6
150BF32D
030CC626
1004FA03
E917FAFB
10050202
F4010EEC
C30523EF
06ECF100
0E16FBF7
C7F609F2
F6DC0A18
F403EEDA
F00302FD
F702FEF6
FFFD04FB
08F9FFF6
05FFF9F7
F8E8FAF5
02FDE911
FDF0E80F
FE0DF9DC
DA0D05EB
ED07D1EE
ED120CFA
02061AF0
F728E2F2
FAF615E6
FA03F9F7
010208F3
00090700
DC1A07F6
FFFFFB44
FFFFFA81
00000BB7
FFFFFD28
00000155
000000B8
FFFFFB10
FFFFFE7F
FFFFFE99
FFFFFA26
00000101
FFFFFFF5
00000106
00000415
000000BA
FFFFFD05
FFFFFE27
FFFFFE36
000001B6
FFFFFED5
FFFFFE8F
FFFFFC50
0000065B
00000323
FFFFFF58
FFFFFC1D
00000477
FFFFFE68
FFFFFF0A
FFFFFF5D
FFFFFE8B
0000016F
00000008
FE09F3F9
11E5EDF4
F0FA04FC
E312F6F7
F8EDEFFF
EE0AFD06
F5F8F9F8
F9FD00F8
0F0109F5
F5FBFD04
F60AF40E
0CF3040A
FBFC0402
0604FD01
10F5FD03
06070A06
FEFEF907
FD0305FE
FDFFFCFD
0CFAFF03
08FD05FE
0E020406
FEFFFD00
F8F6F70D
040EFEFA
0AF20802
FDFCF7FD
F8FD0101
03FEF602
04060100
03060506
F7F9FE00
160C0BFA
06FEF20B
EDDCDBF0
1102FDFF
0021F2F4
21D809E2
06081003
FCF2F7F1
EB15F7FE
F00C0C02
210AF4DC
D3ECF1DE
0704EEF2
F8F2D916
FD320FD7
F2EB04FF
F705F60A
0401F504
0CFDFE0C
08FDFB0A
FE0AFEF6
FFFBFEF7
FF030804
F8FA0803
03F9F601
00F3FDFE
FA0A0BF6
0A0BFDFE
FCFFF60A
FAFBFEF7
0408020F
04FF0308
FFEF10E9
FCFC0506
F4F9F4F3
EF090609
F6F603EE
10DD02F6
F4EB0CF3
0BFDEBE5
F2F912FE
F00C0906
0F0209EC
EEF6F2E6
E9D5CBE2
0BEB0CF8
06230A03
FC0BF2FC
14060E06
1CF1F807
0A060A03
ED0901F6
FEF1F406
00130B02
EDF6FDF3
F40105FE
070B050A
0BF80B12
10100B04
FE03F806
020BF8F6
FDFCF90C
1905F307
010AFDFF
F80AF5FC
F3FDFB09
06000AF9
F6F703F1
FF02FAFE
0406F2F5
F50509FA
FF080808
FCF90303
08FF0901
F7030304
FA03050A
0503030A
F8FC04FC
FC050CF2
FE08F8F5
0E19DCF5
22DDF1F0
F402FD22
F015E7FA
070CFE0D
F2FBF20F
02100B02
F706F608
0C0300FE
FC08DD06
EE0DD4F4
14120018
DEEB220B
F807FF12
FBF602EF
F00CDB14
0312DB02
22F2F911
000B0B12
0013F0FF
0BEBF6FA
DA04E508
F502F9F8
FD0D10FE
11E710F8
F607FFFE
EE1207F2
1414FF0C
0802FF04
F4F80101
0CF5DDFF
1229EBDC
F4CF21FC
E1FFF808
F6F3E0F3
04F8FD01
08EAFFFF
07EE0909
F819EDF6
F517EFE1
FBE7EFE8
00E311F4
18101A0C
05FC19FF
0A112131
15DB01EA
E7ECE80D
23F513EB
0624FEFE
17EEF1EC
0005FDFB
EC0AF80E
FAEB06FB
0D090009
0B0BE5F3
1606FBF3
FFF318F3
0C2AEE0A
06072401
0B08F5F4
0F04020C
FF03F806
ECF8FFF0
F6DFF901
F4FBF907
1EF2F9FE
0B09FCF7
EE0BECF8
FFEEFC02
EB00EFFE
00FD0502
01FA0BFB
FEF9FFF4
FAFDFC0C
FE08F10C
0406FD0C
06FF030A
FA0B01F4
07F5F301
F8FAFEF7
0309F2FA
22E3FBE0
04FEFBFD
E509F604
10EBEDFD
FE0BF806
FF00F8FF
0301FF02
FEEE02F0
F104F814
E707F707
1007F104
FDFB0005
04F301F8
0DF7F4FA
EF0B0206
0AF324FB
FD1CEA0E
FFF9F505
0C100610
FFEEDFD9
1DE70B04
C5DBEBD7
F4030CE7
FE030BF8
0B0206FA
320BF8EC
0311F512
F014F009
F5E8F004
0C0EF317
1501F41A
0900EE06
FDF20EF9
12051003
F3FC0005
FBF7F802
F703FFFC
0A0FF809
0BFEFF03
03F6FAFF
11F5FEFF
0511E3E5
151B1109
08020218
FD0D1913
F8F3F4F6
0909DDFF
0AFCF9EA
F50009FC
0B0509F8
04FF0402
08000409
0AF506FD
120804F9
FDFDF508
FB0A0603
F5FE05FC
0BF610F8
F9FAF4F5
02FAF3FE
FBF6FC0F
FC160803
020204F0
F406FC00
FDFF04FE
F7FDF500
09FCFFFE
0CFC0C03
FA090004
01FE0200
FF0A03F5
F80907F6
0A03FCF4
F6F50500
FE090404
FAFEF4F7
F4F6FF0A
FEFFF6FC
050305FF
F310F7FD
0CC902F2
E7F9F0F2
01F00DF4
0100EFF6
F8FFF615
04F0FAF7
E402F0F7
FDEF06F6
F201ECFD
FD0C1000
F4EE000B
0811FE0B
FDFDFC00
1DE4F20A
091F03E2
E2E63213
03E5F81A
F3F0E1E7
F1F2EA10
100BFD00
F7120FE8
EE00FBF6
F7F6FFF8
F813FB07
F8FA4BFF
00E6021D
19F7160F
E5E0EDF1
10EA0215
1BEFE6D2
0BF41201
F8F9F602
13ECFBF8
F80400F3
EDFEE5F0
14FC0604
E508F4F9
0EFF0C0F
0D040EF7
FEF302F8
F305FBFF
0407F308
07FC05FD
0805090E
11FE0005
FAFEFF01
FBF5F905
0AFF0919
2110ED18
14FCFBFF
0606F2F1
090AECE8
0D050C03
E9EAF907
05FFFD08
FD170C04
0A0A1311
10141B04
120B05FA
F8F9FDF7
11F81104
220A070A
0C08FD09
0BF102E2
F3FF0814
02E3EAEC
07F4F1F2
0C06E6ED
03E1FCF3
FD0001EB
17FCF8F7
FA18E31C
0DFEE0DC
05DBE6E3
E9F002BE
D8F5D7C0
F3ED08E1
02FF0706
D6DFFC01
04DC0ED1
030EFDFD
FDE5CFE6
FE04EFF4
090104F8
FEDAF4F4
0FFE03FB
1300E315
F706E206
FAF2FAF7
23D408EC
E4DBD8C4
F2FDFE00
FAF1FBDB
EAFB0405
E5D40300
0107020D
1400F2FD
0B0DFE06
F907F904
FDF3F9FF
FD04FC06
0DF20301
FA020E04
07F90903
F30A0F0B
EC0CF9FE
06FAFA09
0203FEFF
00050604
04F7FD17
0DF604F6
0603F9F5
F9040405
000A03F7
06F8FC05
F6FDFDF8
FCFA0CFD
04FDFE0A
F50A000B
0AF5FA01
00F90FFD
F7F20202
07090506
0B01FD08
FAFDF6FB
FC07FD01
030007FB
0C06040D
09F404FA
F8FCFDF7
00F7FFF4
F50904FA
0C0004FB
F7F9FF05
000604FA
01FDF8F8
F9FBF7F8
FF03FEF9
05FFF8FF
FD0CFAFD
F80D090C
F80308F9
030AF4FE
12DE0E08
FFF1F6F6
DDF1BCFB
0703FD02
F802E1D2
13EC09DA
EAF804F6
E3CBF4E4
EA08F3FE
01030E0A
26FBFDEE
DDF427F9
E6F803F4
12EAF1F5
E60D0EDB
0327190F
0C02F803
0BEAF812
0B0EFBFC
EAF4F3F8
FFF5FDF5
F611ED0E
F106F004
F40A0405
14F80AF8
08FA0C01
F81311FE
0412F10A
EEF3EE01
00F60800
FAF5F5FB
092010E8
080FF807
10E3FAE5
FDF90508
DC0BED05
FAF5E9F9
F70EF70C
FA0506FB
FBF8F7F6
FCFDFBF3
0AFDF3FA
0305F405
F7FF0602
F805FEF8
FEF3FCFD
12FEF704
F5FA000A
0CDA1C0D
FE05F505
FECFE8F5
E7FB09F8
1829E2F2
05F521F2
FF0C00FE
ECC0F2E8
F20BEDF9
D6F4202D
DF0716F9
EBEC0801
F7EFF119
24F705F5
D10DE5EC
FAFE2237
F8FD06F8
FEF80E09
F300F7F3
FF0A020C
0105FC03
F90309FB
020102FB
FFF3FC07
07FBF206
FAFEFDFD
07080504
FEF600F9
0900F204
09FAF8F9
F8FA0AF9
F405FBF7
0402FCF9
1BFCF80B
00FFF905
F0FFF7F6
FF03F1FF
F1F9F908
06F5FCFF
F205FA02
10040AF6
F6F4F90C
01150B0B
08FD0608
F6F6F509
FC0D080D
0AF2EFF5
FC000800
03F6F4FE
01FEF9FF
F3FF07FD
04F1F60A
F709FD02
06030AF7
F9FFF4F1
0A0BF1FA
040AF709
01FA0903
030406F7
EC0EE9F8
FAFBF400
0D08F9F1
03FD1107
FC050101
04FF0803
F4FF0602
09FAF7FB
F40109FC
F6FD010F
08080CFF
FB0BF80E
010F07FF
FE07F901
FFF907F7
FD010B05
F7FC0508
05FB1001
0909080E
0900F705
0005FA08
07F9FAF6
F4F1DFF8
05F2F4F9
09FFD3FB
050107EE
FFF30305
EEEDF9EF
030704F0
EBE11A13
18F8EFFC
E3DB0CE6
23EF0BF0
F2F8EBDE
F40AF202
0017F4FA
0FEE08EE
0CFEF5F5
04FF05F6
0DFAFF04
FFFBF4FB
04FF0401
FBF50400
0605F5F9
05010B0A
0BF80500
030B0202
FBFA0AFD
02FEF700
05FFF605
FD0A02F8
FA05F901
0800FFFB
05EE03EF
EBF5F5EB
FCE2EB00
DBDCF0FA
F9EBF1E6
EEE5EADB
FCFFF8E1
ED09F805
04EEFFFB
19F1EDD3
F8F6EDF3
0E1EF601
FB050BF8
0A14EE02
F5FCF1EA
FEF50DEC
07ED03E7
0E06F90F
0507F90D
000E0109
FDFC0BF6
FD09FA03
F908E708
1705110A
0709F3F7
03121207
0F0403FA
EF0DF007
F5180700
130AF80B
0600F8FC
FC0C0206
0AF7F504
03F8FD0B
FBF5F900
FA0AF501
FB01FB03
FA04F5FD
0005F6FF
F6FA0603
FDF901FF
060000F4
030AFD08
FD040406
07F60AF4
000009F6
FF08FF06
FD06F1F2
1008F9FA
FE0306FC
0909050C
F7120307
03FBECF8
080111F9
06F5E2E3
07F50CDF
E3E5DFE1
07E5F6F6
0502FF0C
CDE9F2EF
F1EDFDF4
01F80418
F6F20CF8
E611F2FA
17D9FCEE
FDFCFB0A
00FFFEF8
F0FC05E9
F0F9E906
0AFFF0EA
FC00F4FE
0EEEF600
F70E04F4
F3FD10F4
13080CFC
E930970F
FCF2F6FB
16F2EF02
FCFE0BFE
E2FEFCE9
050BFBF9
DFF2DB05
00DAEE01
E2ECFFF1
F80EFF0B
E1E6F2EF
10EF1303
0100F61A
D5E70E07
E1D8E20A
D5CEDC08
F114291D
F30008DB
CCEFBFFC
0FECD6D4
10F616F8
1C060FF4
0FEF0904
0A151A0C
FCF90C15
EFFE0700
03F90A0A
07FBE71D
07FDF4FF
FEF403FC
0AFEEC09
FD011410
0310D216
FBF4030C
FEF2F5F5
EDF815ED
041F0EFD
FAFC04FD
FDF6F80A
F7FB09F9
FB04FD03
07FD05F6
070502FC
0BFBF5F4
11F0FDEE
02FFF200
0A01FCFF
FDF6FFF3
FA06F209
FEF502FB
04F8F304
03FF130C
F30BFD03
0FFCF7FE
F8030E03
0101FFF3
06FD0705
F3FDF600
05F5F9FD
0401DEFE
0AF310F1
F106F601
F3F804F3
FAFB04E8
E218E002
06F6F7FB
0D00FC04
FFF30EFF
EC0AFF02
FF08F9FD
F6F1FCF0
04E3F90F
E8DD1406
ECC403DF
BEE2E1D9
0A020DFF
CB0F0804
01E3F30D
06E4E0DF
F3E3E0DC
0D1C1214
F20D1FFD
1C0BD1D4
FA02EEFE
12F311EE
EBEAEFF6
1EFC1509
160C01FC
FDFFFD04
F7FBF404
13130B16
10040002
02FF1203
F901051E
F609F505
13122522
D905D9FF
09DD0402
F8E70914
EC0AF601
F803F8FE
0F010306
0907090B
F804FE06
0C030901
03020104
0E0AF7ED
FAFE0902
03F1FA03
FD100AFE
0CFAFBFE
00FBF4F5
EFFE080C
0A1003FC
00FD0201
0B08FE0B
FB0500FC
FEFC00F9
FCFE0300
F5F7FE05
F501F701
00F90A08
0603F802
02080708
07F80C09
0007FAFD
F4FA0203
0805F908
04F70501
08F7F905
04F70809
040B0908
F6F7FEFE
230A03F6
0AF30805
0B0BECF0
F215F909
EEEFF0EC
F5E5F3E5
F6ECEDF8
0006F4FC
F1FBF30C
F3090DFA
F0F6F9EB
E51CFF01
FEFEECEF
FC07F9EB
FEF302F6
FC0AFA00
FBDEFC06
09FFF3F4
19FE34F3
E4E202F1
07FDF902
EBEBF2F8
ECEAFD08
FA14FD17
DE0BF7EF
E92C100C
DFE9E0DE
E407F9FB
F8F802F8
050CF92A
06F00610
EF000BF9
F604FAF6
01FF0B0A
0BFFF903
00F6F8F9
0BFCF1FA
0805FBF8
F4FEEBFB
0501FAEA
03000106
090AFB00
00030704
FB1709F4
050405F6
FEF30305
08F80FFF
E9070008
040113F7
090F1A09
EC16F2FA
FFFE02EC
020003F5
FFEE00E5
1105E4FD
FBFCFCFC
FBF2F101
06091108
F0F5F6EE
03080609
F6FCEFF0
0412F8FD
FB20FD0F
0E131408
F1EE0DEF
04F7F4DA
1000FD14
FDEEF40D
EAFCECFD
F9DAECE9
01F3FF11
F921F80C
FE03FA07
1BFEF6EC
07F7F1E8
0803F50C
F003E308
1F0EE9C8
F014F2F3
ECF1FAE7
0E040909
F4EFDCCC
050AFA0C
1301FFFF
F4E1EBE7
F6BDF1DC
EB06090B
DF1BEE18
E5080100
F70EF1EB
E0E0E7EF
06070717
ED0FF70A
0D15DDEF
FCF7E0F4
F0E70DDF
02F10EFC
17FC0305
F90F0308
FBF00905
1C081704
F9050A0E
07FDE9FB
00EAF604
130EFC10
F412FEFB
09F006FC
E625090A
FF050305
FD0106F4
FCF510FF
08000510
06F90A03
FFFD0802
09F90505
FFFCFE01
01070BFE
08F6F700
FBFC09FD
F7F4F9F4
FA000408
F90BF8FF
0203FCFB
09FDFF00
070000FF
070BFAF3
F704F306
0002FCFF
FD090C03
07FF0B0C
F9F5F7F7
050102F5
0501FB08
FE05FBFB
FAF307FF
FFF701F6
FD01F902
08FD0EF6
F709F6F9
F4050103
090CF608
0BFB0401
FF02FE09
F8F5F600
F9FCE401
DAE0E7F0
F5F0F603
D8EBE4E5
0CEC14FD
F9EEE3E9
00FFF2FC
020209FB
D0F2E0FA
1B04F909
FCE3DD0A
0B060CFF
FC03FAE0
E109FFFB
F414F2D7
14E508EB
FEFAF001
00FBF90D
0502F1F9
03F5F6F0
FBF7FF0D
0409F1FE
F8F6E7F6
FCE8EFE1
0309F4F7
FDF8F507
0A07F703
FA1AEBFE
0DF609FF
0EFEF5F7
0003FBFF
E207F100
06F8F9FA
FBFFF801
F2EFFB05
F502F7F3
07FC0401
040207FC
0807D9F7
FC0604F0
FFF7F4FC
F6FDFBFA
02F0FD01
ED1BD0FE
F8F9F0F0
02FF04F8
FD0403F7
FCFBF3FE
F6F6F008
FBEEF5F0
E0E118EF
D4DFDED0
0EF2EB14
09F0EC1E
0CE50AEE
2C010001
D6ECCCEE
F9FCF70C
EEF7D017
0B0EF51B
F005DE02
DBF8F725
F528DFF5
FCF419F7
0508F40A
F906FCFA
F4F80DFF
05FBFCFE
F9F80800
07F200FD
F4F7FCF8
0CFCFB03
080BFA04
08FCF3F2
0705F604
0901FBFF
03FC07FF
02060608
F6F3FD08
09FF03FB
FD02FDF6
FA0806FB
F7FFFC05
05F70103
F80003FB
FC04FB04
FFFFEDFA
FEF7F0E9
F908FCF8
09FC0208
050401F4
F20502FC
03FA05F4
020F0108
10F811FD
E706EEF7
FFFFF6DC
FFFFFD7D
FFFFFF0F
00000732
000005EF
FFFFFF1A
0000028F
00000092
FFFFFFF7
FFFFFC43
FFFFFDD1
FFFFFAAA
0000021A
FFFFFC5D
FFFFFC9C
FFFFFBBE
FFFFFCBD
FFFFFEEF
FFFFFE3F
00000320
000003D4
00000358
FFFFFFF5
FFFFF915
00000323
FFFFFCC0
00000385
FFFFF3F3
000000E7
FFFFFD5D
0000015A
FFFFFDB1
00000007
F9F701FF
07FFF5F8
FF030AFF
00FFFFFF
090700FF
FEFF1B01
01FDFF00
FFFCFF01
02FD0001
00FFF9FF
FF03FF00
FF06FF01
06030000
05010708
01F1FFFF
FFF4FFFF
060301FF
01000A08
FFFF05FF
FFFC01FE
05FF0000
FFFF0203
FFF90301
00FBFEFE
FEFEFFFF
0200FEFC
FFFF02FF
0000FF00
020100FF
00FF0700
00FE0100
FFFCFF01
01000000
01FF0003
00FF0100
01FE0000
04060000
EE000A02
FFE9F9FF
00E8FF00
01FF0001
FF00FF00
FFF60100
00F7FF00
010200FF
FBFF0205
FF01FC01
FF0600FF
FFFA0000
FFFEFB02
FFFF0100
01FFFF01
F90201FF
FDFFF900
00050401
FF060001
01040000
03FF11FD
01FDFE00
00020100
010B00FF
F70011FE
FF060300
00F801FF
F3F20100
0200F5FA
000907FE
000BFFFE
060B0000
FCFF0B08
FFF901FF
01F90101
00FD01FF
FDFF00FC
00010301
00020000
06FE0100
0100090A
00FA00FE
FFF8FFFE
02FF00FF
FC000706
00F90000
FEF80000
FBFBFFFE
FE00EC00
00070300
FF090000
020000FF
0000FDFC
FFFC01FF
00FF00FF
0506FF01
FE0000FD
FFFEFEFF
FFFF0000
03060000
FB000700
00F60101
FEF700FE
02010000
FF000402
FE02FCFE
FEFF0000
FFF8FF01
FB00FA02
010204FF
000A0100
0401FF00
FBFEFD01
00010300
FFFFFF01
01FE0101
FFFFFDF8
01FEFC00
00000000
0200FFFF
FA000102
FF070400
01000000
0201FFFF
F4FF0403
FF030700
FFFE00FF
08030101
FEFF0900
00070001
FF060100
06F500FF
F4000004
010E0AFE
FF11FFFF
0708FF01
0600FA01
00070900
0009FFFF
FF000101
01FFFCFE
FE00FDFF
0101FFFF
06030100
00FF0509
FFFD03FE
FFFE00FE
00FE0100
FEFF0305
00FF0500
FFFD0000
E9F70100
F900FCFE
010D06FE
000D00FF
FC00FF01
FF00FFFC
FFFAFD01
01FAFF00
090101FF
0301FDFD
00FDF400
01FA0000
FE010000
FEFFF40B
00021101
FE020000
FCFAFF00
FDFF0802
FE06FE00
FF0200FF
FEFEFFFF
FA01FEFC
FF02FF00
00070100
0600FF00
0001FD02
0103FF01
0100FF01
02010101
0100FDF8
FFF9F600
01FFFFFF
FF0701FF
FC0006FE
FF0C07FF
FF190100
00FA0000
F4FE04FD
00011400
0002FFFF
06040100
FA0003F7
FF24F301
011A0101
F90101FF
FBFEED03
0014FF01
FF100000
08090000
03FEF801
0111FCFE
000C0000
01FD0000
0001F906
FF010300
010301FF
0302FFFF
FFFF070A
00FB0400
FEFAFEFE
0000FF00
FEFF0403
FF0103FF
000200FE
F4F3FF00
FEFFF7F2
FE0B0801
FF07FE00
00FBFFFF
0400FFFE
00FBFE00
01F90100
0A02FF01
07FF0700
FFFBF901
FFFBFFFF
00FEFF00
02FFF202
FF0702FF
0005FEFF
02FDFEFF
FE000801
FF05FF00
000401FF
FD0100FF
FCFF03F3
FEFDF9FF
0004FF00
FEF900FF
01000905
000602FF
01080001
FE0001FF
0401F803
01FEFF00
00FD0000
FF0401FF
0801F603
000DF701
FF110101
FEFB00FF
F6FFF4FA
000B0700
0007FEFF
07050001
090008FE
011AFD01
011100FF
FAFF0100
FF00FDFA
0007EBFF
010700FE
0C07FEFF
00FE03FD
FF04FEFE
FF0400FF
FFFE00FF
FE00FDFD
00060101
000B0100
0602FE00
01FE0708
01F80200
00FB00FE
02010000
00010607
00FFFD00
FFFF00FF
02FE0000
01FFFD00
00FB0300
01F9FEFE
04FE00FF
0000F903
FFFD0100
01FB0000
01040101
00FFFA00
FFFCF900
FFFE0001
01FF0100
FE00F3FD
FF02FDFE
FF090000
03010000
F800FC02
000204FF
000400FF
0101FF00
FDFF0703
00F10401
00F6FFFE
FDFDFFFF
0100FE00
0006FCFF
010A0001
00FCFF00
0700FEFB
01090301
FF090100
FDFB0000
0000F9FF
FF0A0001
FF010100
FFF8FFFF
F900F7F8
FF0E04FF
FE0FFEFF
0A06FF01
FD010203
01120A01
010F0101
02000101
00FF0102
0000FC00
FFFE0001
0504FF00
07FE01FF
00FBFF01
00000000
020900FF
010000FF
0005FF00
0009FF01
0705FE00
01FF090C
FEF80000
FEFA01FF
030200FE
03FF0E07
FEFDFE00
FFFBFFFF
050CFFFF
FE000100
FF02FEFF
0004FF01
06FFFF00
00FFF601
010002FF
FF020001
05060000
02FFF4FB
00000401
000601FF
0001FF00
04000204
00FBFEFE
0000FFFF
0502FEFF
FF010607
FF05F600
000700FE
FB050001
030104FE
FE0E0101
0013FF00
FE040001
FD00FE01
0003FBFF
000A00FF
08020101
0000FA01
FFFE0100
00010000
FDFEFF00
FF00FC02
01FFFDFF
FF00FF01
0200FFFE
FDFF0302
FFF8FFFF
FFFDFEFF
0B05FF01
FD010003
01110100
010D00FF
00FFFFFE
04FFFBFE
000304FF
0000FFFE
07FFFEFF
FC010607
01FEFDFF
FFFD0100
00FE0001
FCFFFD00
000001FE
01020001
0507FF00
06000A02
01FE03FE
00FC0000
040401FF
00010803
00FD01FF
01FA00FF
040300FE
FEFF0107
000101FF
00FDFEFE
F3FF0000
02FFF9FC
FF010201
FF04FF00
F6FDFF01
FF00FAFC
FF0101FF
FF000001
01020101
0100FD01
00FF0400
00FF0000
06FFFF00
FE01FD03
FE0BFD00
FE0FFE00
030300FF
FFFEFF01
FF00F900
FFFF00FE
FFFCFFFF
0001F40A
00020D01
01040000
000601FF
00FF01FF
01FDFF00
FFFC01FF
FDFA0100
FD01F5FF
00000400
FF02FF00
0DFF00FF
00FF0A09
FF00FE00
0007FF00
01010100
F20005FF
FF0EFF00
01110100
FCFB0100
00FFE0FE
FF08FF00
FF060000
0609FF00
F5FF0001
00F80201
00F600FF
FEFE0100
0200FEFA
0103FF01
FF000100
0405FF00
01FE0707
FFFD0200
00FCFF00
05FF0000
00000902
00FDFC00
01FDFF01
00FF00FE
FDFFF502
FE0702FF
FF040000
0000FF00
0601F5FE
FEFD01FF
00FF0001
FDFF0001
0001FDF6
FF01FD00
000600FF
FE0001FF
FF000703
00FEFE01
00020000
F9FC00FF
0001F2FC
010B03FE
0009FEFF
FEFDFFFF
F700F602
0008FEFF
010600FF
FEFBFF00
FDFFF6F9
000B0001
0109FF01
05050000
0200FEF9
FFF7F900
FFF9FF01
01FD0000
FCFEF5FD
FE050400
0104FF00
FE02FFFF
F4001706
FF0606FE
FF01FFFF
0D0901FF
05001500
FF0BFAFF
00060001
EEEFFFFF
FBFEFBFE
FE0F03FF
FF0AFFFE
FAFDFF00
FEFFEAFF
010900FE
000401FF
0001FFFF
05FFF6F4
FFFEF5FF
0001FF00
FA020000
FEFF06FC
00070200
0003FF00
00FDFF00
030002FF
00FD03FF
FFFEFFFF
DDF200FE
FCFEF9F4
FF0C03FF
0009FEFF
FF01FF00
01FF01F9
00FAF9FF
FFFC0001
080D0101
05FF01F8
FFFBEE00
FF0101FF
00F5FF00
F400F009
FF050A00
000300FE
F8FAFFFF
F8FE02FE
000D0500
FF0200FF
FBFE00FF
FC00FEFA
00090000
000A0000
01040101
00FFF8F3
FE040101
FF0AFF00
0F0C00FF
060003FA
FFF7EAFF
FFF6FFFF
EF0601FF
FD00FAF3
0002F801
FF0301FF
FFF2FFFF
F20006FE
010900FF
FF0100FF
020C00FF
FCFF10FB
000EFA00
00180001
DBDF0001
FBFFFEE3
001006FF
FF13FFFE
FF010101
04FFF4FC
010603FF
FF08FF01
060EFF01
FFFFFB0F
FE000200
000300FF
0806FF00
03FF01FD
0000FFFE
00000100
00F8FFFE
020000FF
FEFD03FF
FFFFFFFF
EAE7FFFF
0100F7DF
0004F901
0006FEFF
09010000
03000601
00FCFD00
01FE0101
FB0A0000
00000705
00050300
010001FF
FAF4FF00
FBFEEE00
FF0A07FE
FE06FE00
F7F4FFFF
FAFE02F9
00020300
FF0300FF
F7010100
05FFFFE9
0004FB00
FF04FF00
0B120000
FFFF030C
FF02FEFF
01010000
FE0A0100
01FF0603
FEF70601
FEF700FF
F3020001
0BFFFEF9
0010F8FF
00100100
FCF70100
00FEF1F6
000EFBFE
FF0B00FE
081200FF
0E000809
0012F700
FF11FFFF
03030000
FEFF09FE
FEFCFF01
FFFF0100
FF060000
FAFFFBF7
010F05FF
001400FF
FCFCFFFF
FDFFFDFC
010601FF
FF08FF01
010600FE
09FF0201
0002FDFE
FEFCFF00
02030100
010103FF
FE00FEFE
FF010001
FEFD0000
FEFE0102
00000B01
FFFBFF00
00FF00FF
02FEFB03
00000200
0100FFFF
07070000
08FF0500
00010BFF
FF040101
03FC00FF
FF00F901
010600FE
010A00FE
0001FFFF
FAFFFEFB
FF00F5FF
FE01FEFF
FE0201FF
FEFF0602
00F609FF
00FAFF00
FAFC0100
FCFF00FB
0004FE01
00050101
00FC0100
00FF0702
00000401
FFFF01FF
FFFB0100
FBFFFC02
FF0204FF
010000FF
0AFB00FF
05FF01FD
0106F900
FF0600FE
02010101
FC01FEFC
FF1903FF
FF040000
0001FF00
FEFFFE04
0000FE00
FE0001FF
0103FFFF
0200FD08
FFFF0300
010800FE
FFFF0000
020005FD
FF07FE00
01050101
0701FEFF
02FE0206
FFFC00FF
00FEFE00
FF080100
05FE0506
FF03FD00
00FF00FF
03050001
FF000A01
0103FD01
00020001
F5F90000
00FFF5FE
000303FF
FF06FF01
0506FF01
010100FE
00FE08FF
01020001
0306FE01
04FF0303
FEFFFBFF
00010001
FE0200FF
0400FF01
0006FAFF
0003FFFE
0004FF01
FAFE05FF
01010600
01050001
FE01FF00
01FF02FF
0104FD00
000A00FF
04FF00FF
FE00FE00
01FF01FF
0000FFFF
FC0101FF
FE0100FF
FF01FDFF
00020001
0502FEFF
08FF0A04
000BF800
00050000
0505FF00
F7FFF804
0010FE00
0009FF00
0404FF00
01FFFFFE
FF03FB01
00FC0000
08090001
00010700
0105FCFF
00FF0100
FF03FF00
FFFFFCFF
000502FF
010600FF
080000FE
04011106
FFF30AFF
FFF7FFFF
06FB0000
FF000804
FFF70600
01F8FF01
0403FFFF
FCFE0404
01FC04FF
00FAFF00
00FF00FF
0101FBFE
FE00FFFF
000301FF
FDFF0000
020003FF
01FF0100
FF0300FF
FF080000
04FF01FD
FF0302FF
00020000
FE0300FF
F50101FC
0005FA01
FF02FE00
0104FFFF
FD000301
01FA01FF
FFF800FF
F5F50001
FBFE0701
000CFBFF
000FFF01
08030000
04FF0402
FFFCFFFF
FFFDFFFF
F4FA0101
FC0003F9
0001FFFF
FF04FFFF
00F901FE
FBFF0700
FF0CFDFE
000AFE01
FF03FFFF
E8FFFFFC
FF13FA00
000DFFFF
FEFD0001
FE00F0FD
FE0DF8FE
0005FEFE
0B080100
FF000605
01FA0100
00F9FFFF
F3FA0000
030000F6
000501FF
FF020000
FFFCFFFF
FCFF0C03
01F606FF
FFF9FEFF
0A0401FF
FF000900
00F50000
FFF8FF01
00FCFFFE
00FEF001
000CFF00
0005FF00
03FDFFFF
02FFF9FE
00FD00FF
FF000000
DEF90000
03FF07F1
FF020200
FF0400FF
F6F900FF
02FF00FC
01FFFFFF
0003FE00
FCFFFFFF
FDFE00FD
0002F9FF
0001FEFF
01030001
FCFEFDFE
FF07FEFF
000300FE
05F60000
04010703
FE0CFEFF
010901FF
01080000
FD000401
01F3FDFF
00F5FF00
FAF900FF
000001EE
00070101
00040000
FEF90000
F6FF0C01
00FE01FF
0000FEFF
03060001
08000F06
FF170300
001A0000
F7FD0000
00FFFEFF
FF11FDFF
0110FEFE
FD05FFFE
FDFFFCFB
FF06FFFF
FE0200FF
F4F40001
0C0009F6
00FFFD01
01020001
FBFE00FF
FFFE04F6
FF09FF00
000B00FE
0909FFFF
000109FB
FFFDFB00
00FC0101
D8FD0000
0200F9D9
FE0EFF00
FF12FF00
F6000100
00FF05FE
FFFBFBFE
FFFD0101
0A090100
0600170F
FFFF0C01
00FFFFFF
0102FF00
FD00F705
00050300
FF00FF00
FC0000FF
06FE01F9
FF0CFAFE
FE09FFFF
FD050101
0201FCF1
FE06FDFE
000800FE
FEF10000
01FE04F7
00050100
00050000
FC020000
02FF0AFD
00F3FA01
FFF400FF
EFF800FF
FFFFF4EE
FF06F700
01020001
050600FF
FDFF07F8
0007F701
000200FE
040AFF00
02000B02
001301FF
011101FF
EFEC00FF
00FFFEF7
FE0C0100
FF0FFE00
FE02FFFF
FDFEF9FD
FF08FE00
FF03FF00
0D0AFFFF
F5FFF10D
FFFF0400
FF01FFFF
0E06FF00
010006FD
0002FAFE
FEFFFFFF
0604FFFF
00000502
FF02FEFF
01FC0100
F2EC00FF
0600F8F0
FF07FA00
0109FFFE
0C04FF00
01FF0B06
FFFD0100
FF020001
010201FF
EB00FA03
FF070301
FF03FFFF
FFFC0100
FCFFEF01
00050500
FE03FFFF
08FCFEFF
00FEFFFA
0106F9FF
010400FF
FD0301FF
08FF03FD
0005FC00
FF0300FF
FF06FF00
0BFF070D
000D0001
FF11FF01
030CFF01
F9FE080B
00F306FF
FFF4FF01
F90F0000
130005FE
000DF600
FF0901FF
030800FF
01FE05FE
010DF400
FF0E00FF
1110FF01
0801FF11
011B0600
01200001
04FE0100
08FFFEFF
FF040100
FF0601FF
0101FF01
FF000202
000601FF
FF08FEFF
FAFD0101
FF0105F9
0004FFFF
FF080001
0307FEFE
02000202
00FD0400
FEFAFEFF
0103FF00
0A0000FB
FF05FCFE
0007FFFF
F8F6FFFF
F1FFFAFD
00030300
01FD00FF
00FDFF00
FA0105FE
FE050201
0008FFFF
FEF9FF01
F601FFF8
FE03FCFF
FF0900FF
03FFFF00
0300FCFB
FF090300
FE08FEFF
FAFCFFFF
09FFFAFA
FF0504FF
FE07FFFE
FE00FF01
FA000602
FEFA0200
FFFEFFFF
FCFC0100
FB000000
00040100
01070000
FCFC01FF
FC00F8FF
FF000400
00050101
00FD00FF
FDFFFEFF
000201FF
FF06FFFF
06080100
06FE0700
0006FEFF
0003FE00
FF00FFFF
08FF05FC
FF0FFAFF
01090100
FE00FF01
FF00FDFE
000101FF
000401FF
0102FEFF
FE000302
FF02F8FF
FF03FFFE
FDF90000
FF0109FB
FF05FB00
0007FF01
0603FE00
00FF0608
00FCFD00
00F8FF00
0206FF00
04000305
000102FF
01FDFF00
02010100
00FF0DFB
0101FBFF
FF0501FF
F6F7FFFF
0101F502
01000000
0005FFFF
FBFD00FF
030002F9
FF0405FF
010A0001
0104FEFF
06FF0303
0001FEFF
00000000
F9FE01FE
0100FE00
FF0505FF
FF03FF00
FFFD0000
FCFFFEFC
00FF0200
0102FFFF
FCFD00FF
010007FC
0102FD00
0105FF01
FFFC0101
FCFEFCFF
FF0000FF
01050000
FFFE0001
FFFF0100
FFFEFE00
00030001
0205FE00
01000700
0001FBFF
0007FF00
FA04FF01
0601FEFD
011BFF01
FF19FF00
01060100
FFFF01FD
010100FF
00FA0000
FEFEFF01
FE00FEFE
00FE00FF
0102FF01
01030001
FE0004FF
0002FFFF
010500FF
0B030000
00010D07
FFF908FE
00FF00FF
07FE0001
00FFFC00
FFFE00FF
000100FF
0301FF00
FC000203
00FA0200
FFF800FF
FE0200FF
01FEFFFF
FF04FDFF
000600FF
040A00FF
06FF02FB
FF08FE01
FF040001
05060100
06000104
FE06FD00
FF04FE01
0004FFFE
FCFFF9FE
FF05FFFF
0000FF01
0202FFFF
FB000100
FF030300
FEFCFE00
00040000
F6FEF6ED
0115FA01
000F0101
0607FFFF
020101FD
FF010000
000100FF
FAFB0000
00FFFFFF
FF070000
0004FE00
0203FFFF
FC000BFF
FEF701FE
FFF7FFFF
04010101
000002F7
FF0BF8FF
000B0100
0002FFFF
FB00FBFE
FF0EFFFE
FF05FF00
0104FF00
0400FC09
FFFD0501
00FE0001
F7FB0001
000005FA
FE020100
00040101
02070000
01000805
00FB02FF
FEFDFF00
FDF80101
02FFFEFB
FE040301
000C0001
FD06FF00
0301FDFE
000CFCFF
00040000
00FA00FF
0401FC05
FFFF0101
00010000
FDFB01FF
04FF04F7
FF0100FF
FF06FF00
00F80100
04FEFC01
0100FEFF
000301FF
FD040100
FF00F900
00020401
FF030001
04050001
FFFF0100
FE0EFE01
0009FF00
FC000101
00FF0AFE
FE0BFF00
010F0000
040300FF
0600FE03
01F90100
01FBFEFF
FD000000
02FE01FF
010500FF
00030001
01040100
F700F4FE
000600FF
FFFF00FF
01080000
FE0103FC
FF07FE01
00050000
FDFF0100
0001FB03
FF0AFFFF
FF0C0000
FAFEFF00
0200ECF5
FF0BFE01
0007FFFF
06F2FF00
0500020A
FFFE04FF
0001FF00
02FDFFFF
03010300
FFFF0000
000100FF
FFEDFFFF
FFFFFA02
00FAFF01
FFFE0100
F4000000
010000FD
010E00FF
FF0FFF00
F4F50001
00010305
FEFD02FF
000400FF
FDF2FFFF
06000401
FF060301
0006FF01
01070001
0601F7FC
FF09F9FF
FF08FFFE
FC0400FE
06FFFFF9
FF0200FE
FF07FFFF
FCFFFF01
FD0102F5
0007FBFE
00090000
FE08FFFF
01000BF8
0008FFFF
000A0101
FDF90000
0400FB03
FFF504FF
00F80100
03F8FF01
0400F7FD
FF05FD00
FF030100
09070001
01FF01FF
000FFC00
000800FE
0303FF00
02000809
FF0D0601
0011FF01
00FC0000
02FE0103
000C04FF
000BFEFF
FDFFFFFE
FF00F206
01FFFFFF
FF00FF01
05FC0100
FF00FE04
00000000
0005FFFF
05F70000
010101FF
FE03FE00
FF01FF00
02FB0100
FE01FDFF
FFFEF700
01FD0000
FDEEFFFF
09FEFBFD
FF0D0601
FF060000
FDEE0100
FF00030C
00FC0200
01010100
0100FFFF
FA01F4FC
FF03FC01
0102FFFF
FF0301FF
FBFFF400
0106FDFF
0106FFFF
FF0900FF
08FFFE0C
FF040700
FF06FF00
05FDFFFF
03FD0105
0104FFFE
010100FE
FD010100
0C01FF00
FF0904FF
FF0C01FF
FFFE0100
FE00FD06
00F7FC01
01F70001
0102FF01
FF010006
0003FC00
010200FF
040100FF
02FE07FA
0003F1FF
FF06FF00
02FD0000
07FFFAFF
FF0B00FF
0013FF00
FFF90000
01FFFBF9
FE0F0201
01080000
FBFD0100
FE000004
FF0006FE
FF080000
FD01FF01
020107F9
0105FE00
FF07FF00
01010000
FA01FEFF
00FA01FF
00F9FF01
00FC0100
00FF01FC
000401FF
00000000
FBF601FF
F501F3F9
FF01FA00
FFFEFFFF
FEF90100
FAFFFF02
0100FDFF
01090000
F9FEFF00
0001F5FC
000004FF
0107FF01
02020000
09FEF505
010A0200
0009FF00
F900FFFF
FC00F900
FE02FEFF
FF00FFFF
FEF7FFFF
F401FEFE
FF01FC00
FF03FFFF
FA02FF01
0100F7FB
00FEFA00
0105FFFF
FD03FFFF
05FFF9FC
00FEFB01
FFFDFF01
FFFF0100
03FF09FA
FF02FE01
0003FF00
FE01FF01
FFFFFC00
01FD00FF
0000FE00
010200FF
0401F9FC
000CF7FF
FF140000
00000000
FF00FD00
0100FE00
000101FF
00050000
0001FEFF
FFFAFDFF
FF03FEFF
FFFDFF00
01FF07FB
FF07FBFF
FF0EFF00
050300FF
01FF0708
FEFC02FF
00FCFEFF
01FFFF00
07FF05FE
FEFF03FF
0002FFFF
FB000101
02FF0BF8
0001FAFF
FF0001FF
FAFCFF00
03FE00FE
FFFF02FF
FF050000
05FD00FF
020007FF
FF010601
FF08FF01
0102FFFE
04FF0506
FF0302FE
FFFEFFFF
FAFB0000
01FFF202
FF0DF8FF
FF0900FF
0302FF01
00FF0200
01FEFE00
FF0000FF
0101FF01
FE000700
FFFFFC00
00010100
FC020000
020103FE
00FF0100
0001FE01
00FE0000
00FF02FE
00FEFCFF
0001FF01
0301FF01
08000709
00040400
010C00FF
FDF8FF01
FDFFFA02
FF16F801
FF16FF00
03010000
FD010201
01FBFA01
01F900FF
FEFEFF00
FFFEFFFE
FF040000
FF040000
01FC0100
00FFFB04
FE000300
0101FF00
FDFCFFFF
02FF01F9
01FFFF01
FFFD00FE
05FF0101
01FF0201
01000000
00FEFF00
04FE00FF
02010005
00000200
00FFFFFF
0407FE00
01FFFE05
FF0004FE
FE000000
F7FF00FF
FFFFF0F4
012B0101
0122FF00
F8FB0000
02FFF6FB
FE01FFFF
0001FEFE
FC00FF01
FD000FFF
FF010000
0004FEFE
0000FFFE
02FF0300
00FF01FF
01000000
FEFD0001
0100FC00
0008FF00
FF06FEFF
02FEFFFF
0201FB01
01FE0100
00FF0000
0701FFFF
FFFF030F
FF020100
FF040001
0203FEFE
03010E06
FFF8FFFF
00F80001
FFFD00FF
00000003
FFFDFD00
FEFF00FF
FE010001
010000FE
01FA0000
00FA01FF
01000101
FE0102FE
0000FCFF
FF0201FF
06030100
FA000102
FF01FFFF
FFFDFFFF
FCFE00FF
0100F9F4
FE00F9FF
FF030000
FFFFFF00
03FFFEFC
0002FC00
010000FF
00010100
010100FE
00FE0100
FFFC00FF
05060001
FE00FF04
FFFF01FE
FEFDFF00
09000000
04FFFA06
00080601
01060001
F5F70001
05FFF4F4
0008FBFF
0005FF01
FCF1FF01
FF00FF02
FF030600
000200FF
00FB0000
01FFFDFD
0001FF01
FF020100
0406FF00
FCFE01FD
0002F9FF
FFFF00FF
FC00FF01
040002FC
0102F700
FF01FFFE
050400FF
FD0005FE
0104F5FF
010200FF
0703FEFF
02FE0405
FFFAFDFF
FEFA0000
FE0001FF
FC01F202
FF0B0100
FE0AFFFF
010101FF
01000503
01FA0100
01FDFF01
02020100
FF000201
FFFFFA00
0000FFFF
FF03FFFF
FC010C00
0003FD01
FF03FF00
01040001
07FE08FA
0001EC00
00000000
FBFF0000
01FE0EFB
FFFEF801
FFFE0001
FBFA0100
0201FBF7
01FFF800
01010100
FCFD0001
FEFEFFFF
000304FE
FF01FE00
01FDFF00
FF00EEFF
FF210A00
FF240101
01FD0000
0600FEFF
0003F8FF
FF02FF00
F6FC01FF
F7FEFAFF
00080400
FF070000
FBFB0101
03FFFBF6
FFFEF7FF
0102FE01
FB080001
FB0001F9
000505FF
0002FEFF
03040001
0000F407
FF040B01
0000FFFE
01010001
F801FE07
FE02FEFF
010F01FF
FE0300FE
FF000603
0000FEFE
00FEFFFE
F9FE0000
FA00FEFE
FF230AFE
FE220000
FFFF01FF
FD0001FC
01FBFD01
01FF0001
FF00FFFF
FFFF0002
FEFFFEFF
FF0101FF
FAFE0100
050108FC
FF05FFFF
0006FF01
04FFFFFF
03FF0A07
0100F8FF
01FBFFFF
0305FFFF
06010B02
0004FD00
01FFFFFF
01FDFF00
05FFF904
FEFFFD00
00FD0101
0302FE00
0600F9FF
000407FF
FFFFFF00
01020100
FE00EFF6
FF1C04FE
002800FF
FDFE0000
0400FF02
FF0706FF
00000000
0101FF00
FB00ECFF
000904FF
FF050001
F9FD0100
09FF0002
00020400
FFFF01FF
030CFF01
02FFF6FC
FF0202FE
00FD00FF
FF0801FF
FEFEF707
00060301
FF03FFFF
050100FF
08FEFF07
0001FA00
000A0001
03010000
00000501
FF040200
0006FEFF
F70300FF
0200FCEE
FF0A0000
010DFFFF
01030001
FD000201
01FDFB00
01FC0100
FFFD0100
FFFFFE01
0005FDFF
FF0500FF
FDFD0000
04FE00FD
00040500
00090001
00FAFF00
0501FC02
00010200
FFFEFF00
03FE0000
02FFFE04
FF0101FF
00FD0100
01FB0101
0601FB02
01060401
00010001
060600FF
03FFFC01
FE0005FE
FE00FFFF
000300FE
0000F7F1
FE0501FE
FF10FFFF
F8000000
0300F700
0105FE00
FF04FF01
04FDFFFF
FF00EFFF
FF020001
FF0A00FF
040001FF
09000401
FF0C0001
010B00FF
FC0B00FF
FDFF0700
FFFDFCFF
00F900FE
0806FFFF
03FFF604
FF0101FE
0104FFFE
01FFFFFF
06FF0602
0000FDFF
000AFF00
0402FE01
FFFFFF00
00050901
FF0800FF
000001FF
01FFFCFA
01FE0300
00FCFF00
FC0001FF
FB01FE01
00FB00FF
FFFD0100
FE000001
FF00FC01
0000FEFF
0002FF00
FBFC00FF
F700EF02
000202FF
0105FF00
08FDFF01
04FEF001
00000500
00FD00FF
030301FF
0400F9FF
0002FEFF
FFFF01FF
060101FF
01FFF703
01030400
FF0200FF
100C0000
05FF0806
00FE0200
FFFE00FF
0302FF00
040004FD
00F9F6FE
0003FFFF
0A0C0000
FD0004FE
010008FF
0105FF00
F009FF00
FB0103FB
000902FF
FF10FF00
0409FF00
FF00F9FF
FF090000
010B00FF
FE00FFFF
00FFF701
0000FCFF
00FF0000
0504FF00
07000604
0000FDFF
FFFCFFFF
FF00FFFF
03FE0602
FFFDF9FF
FE01FE00
0502FE00
02FF0406
FFFA0200
00FB00FF
FF07FFFF
01FF0C02
FE08FCFF
00010000
08020001
FEFF0704
FFF90101
FFF90001
FDFF0101
FF00FCFD
FF020000
0005FFFF
FFFFFFFF
02000302
FF06FFFF
000300FF
F3FFFF01
02FFF8F9
00000100
0000FFFF
07030000
FFFF0000
FF02FDFF
00070100
FCFDFFFF
0100FDFF
00FE0000
00FF00FF
0505FE00
00FF0106
FF0003FF
00FDFFFF
F6FDFFFE
F5FFF4FF
FE0901FF
01000101
EEFB0100
0201F6EE
000905FF
010EFFFF
FBFF01FF
040103FE
0105FFFF
FF07FF01
FE04FFFF
FEFF04FF
FF0105FF
00050000
0100FF01
FFFEFA01
FF0201FF
00FF0000
FD0000FF
02FFFDFD
FE0004FF
FF03FFFF
EEF1FF00
0600F9FF
FF0E0000
00070101
F3FB01FF
02FFF7FD
00FFFFFF
01FFFF00
030200FF
FD000003
FEFD0200
FEFBFF00
000200FF
FD0005FB
FFFBFDFF
FFFA0100
010100FF
0201F9FD
FF03FFFF
01050001
FC03FFFF
FDFE04F9
0000FE01
FF01FFFF
F4000001
01FEFBEE
FF01FF00
000800FF
F500FF00
0300F8FB
FE02FA00
FF050000
FAFEFF01
0300FCF0
0100F601
01020000
0BFBFFFF
FDFFFB02
010004FE
0000FFFF
02F6FF00
0600F303
000B0500
0013FE00
EFFC0001
0400FBE9
0103FC00
FF05FF01
00F801FF
FEFE00FF
000501FF
00FF0100
F4F9FFFF
02FFFEED
FF01FFFF
00020101
FF04FFFF
02FEF6FF
FF0D02FE
0007FFFE
EAF1FF00
04FFF5EA
0106FC00
0107FFFE
FFF30101
0900110B
FF1C0C00
00070001
0406FEFF
FB000505
0101FD01
00FBFEFF
FF02FF00
FCFFF302
FE0700FF
FF0701FE
010300FF
00FF08F9
000003FF
FFFE01FF
010A0000
01FFFDFE
FFFFF8FF
FFFE0100
030C0001
F9010B08
00060800
FFFCFFFF
191E0000
07001301
00FEECFE
00FBFFFF
E60300FF
040009F5
01FEFBFF
00000000
F1FC0100
0BFFFAE8
00FCF000
00FE01FF
0301FE00
0000FEFC
00020100
FE0700FF
FFF80000
F801EA00
011A07FF
FF10FF00
1114FF01
0B010AFE
0003F701
01040001
F1F70001
FCFFF7FE
FFFCFF01
FFFB0001
FF05FF01
0AFFFEF4
FFFCF2FF
FFFEFF00
0103FEFF
02FF00FE
FF080400
FF0AFFFE
FCF9FF00
0000ED01
01060300
010200FF
00F30000
F5010703
000709FF
0003FFFF
FBFAFF00
FE00FD02
000801FF
00FDFFFF
EFFCFF00
FC010003
00110300
00140000
020200FF
FD0100FE
00FE0600
00FC0000
010900FF
FD00FF07
FFFE01FF
FFFE0001
FF0401FF
FEFE0700
00030901
FF020100
061001FF
FCFF090A
FF020B01
01FD0001
0B0DFF00
04FF0E06
00FFF2FF
FF02FF00
020A0101
0BFF080A
01FCFD00
00F90101
FBFF0000
030008F9
00040801
0003FE00
04020000
F600EFFB
FE1807FF
FE18FEFF
01020001
F8FFF501
FF0101FF
FFFD0100
03FC00FF
0000F600
FF10FBFF
FF03FFFF
00040001
05FFFB10
FE020C00
00FE01FF
FCFBFF01
FEFEFBF6
0004FD00
0104FE01
FFFF0001
F700F403
000F04FF
0008FF00
04FC00FE
F7FFF505
FF000200
00020000
F9F501FF
02FE03FE
FF090300
0003FF01
E9EF0000
01FFFAE1
000BFA00
FF1300FE
00010001
000003FE
00FE0300
00FDFF01
FCFCFF00
FEFFFCFE
FF040200
0003FF00
0605FF01
00FFFD00
00FC0700
FFFC01FF
00070101
FB010AFD
00020201
010000FF
02FF0100
F900EE01
FF010300
00FCFFFF
01FFFF00
F9FFF1FF
FF070400
01FF0100
0505FEFF
FE00F800
FEFF07FF
00000000
FE060001
FF00FDF5
FF03FE00
FE0B0001
F8F9FF00
F9FFF9FF
00090501
FF14FE00
FF0400FF
FBFFF608
FF080500
0007FFFE
FEFB0000
FF00F802
00050400
01030100
FBFEFF00
03FFF8FB
00FFFAFE
FF020001
070201FF
04FFFD03
0004FF00
FF0700FF
040300FF
FA0003FF
FE0502FF
010F00FF
FC02FFFE
FD01FBF7
FF0C0100
010800FF
0202FFFF
FD010300
00FF0400
00FCFFFE
02010000
000004FD
00FCFFFF
01FD0101
FCFFFF00
FF00FE00
FF03FF01
FF050000
010A01FF
00FF0504
00FEED01
FFFF00FF
FB06FF00
FFFFFFFA
0000FB01
FF000001
FBFAFF01
00FFF202
00040400
000501FF
FDF9FF01
FFFEEA00
01000301
FF01FF00
01090000
FCFF0300
00FC0A00
FE00FE00
0201FE00
03000500
FEFC02FE
FE0601FF
03FCFF00
FC000001
01FD0801
01FC01FF
F8F80100
FC0003FD
FF020DFF
000500FF
00FE0001
FFFEEE01
FF080300
000B0000
02FCFF00
00FFFDFF
01F4FA00
00FAFF00
0209FFFF
04FF0506
FF01FC00
00FFFE00
0108FFFE
04FF04FF
FE0BFC01
000D01FF
0106FF00
02FEFD01
000100FE
FFFD0000
00FE0001
FAFF0003
00FE0300
FF000000
01FD00FF
FAFF0301
00FD0600
00020100
00020001
01FE00FD
0003FE01
00060001
FDFFFFFF
02FF0406
0106FD00
FF0D01FF
F9FCFF00
0300FCFB
000504FF
010A0100
0406FF00
FE00FDFD
FF04FD01
0109FF01
FC010101
05FF00F6
FE010301
0106FF00
0008FE00
FF0004FF
FFFFFE00
FFFCFF00
F90400FE
FCFFFFF8
FF04F7FF
01030101
EFFFFFFF
0200F5EE
0004FE00
FF0AFE01
FAF90001
0500F703
000901FF
0007FFFF
FB0A0001
020005FA
FF020300
FF040100
05050000
FE00FFFF
00EEF800
00EFFEFF
F9030100
0100FE02
00FD03FF
FF00FFFF
02F200FF
0200F509
FF1C00FF
FF1EFF00
FAFC0100
0600F8F9
FF0E0500
000E00FF
0406FE00
FB000300
FFFB01FF
FFF9FEFF
FC01FF00
F50006FE
00FE0200
01FD00FF
FFFF0100
02FFFFFC
010400FF
FF040000
00FCFF00
030104F7
0003FF00
0102FF01
DCFB01FF
040000E4
FEFF01FF
0005FF00
0607FFFF
02FE00FA
0004FF00
FF0800FF
F800FF01
050000F0
FEFD0000
FF0001FF
FF050000
0400FDF6
0003FCFE
0005FE00
FDFC0000
0900F400
FE14FF00
00090001
ED000101
05FE01F6
00010100
FF04FF01
FDFC0000
0101F8F8
0008FA00
0004FF00
E1FE0001
01FF04F3
00FE04FF
01000000
FE04FFFF
FEFFF6FB
0007F4FF
00FEFFFF
ECF300FF
03FEF0F6
00040200
FF050000
FBF80101
06FFF707
FE0DFC00
010C00FF
01FAFEFE
06FFF803
FFF9FC01
FE0100FF
0202FF00
FE00FB03
FF0C00FF
FF060000
05040000
F60007FE
00FE04FF
FFFFFF01
FDF3FFFF
03FEF9F9
FF01FA00
FF010100
0004FF00
09000B05
0005FF00
010400FF
0304FFFF
01FF0908
00030900
01010000
DDFBFFFF
020005F4
FFFCFF00
00030000
E6FB01FF
0AFE01EF
FEFC01FF
01FF00FF
FA07FEFF
08FF0503
0001FEFF
FF01FE01
FFFC0000
0AFFF3FA
001DFAFF
FF11FFFF
F4FA0001
080009F9
01020901
0106FF00
F10000FF
04FFF6F5
0005FFFF
000301FF
E4FBFF00
0DFF04F1
FFFE06FF
000000FF
0102FF00
00FFFC00
010B00FF
00060000
FB050000
09FFFD02
FF09FE01
FF06FFFF
0403FF00
FD0007FE
010BEC01
FF040000
000500FF
F9FE0BFF
01FAF501
FEFAFFFF
E901FF00
0101FDF8
FE1204FE
0018FE00
070100FF
FEFFFF02
010007FF
01030000
050C0100
F900FF0B
00FC00FF
00FCFF01
0303FFFF
FD0107FC
01FFF900
FF01FF00
FD090101
E10104F6
FE05F901
00020000
0BFF01FF
07FF0B0D
FEFE0AFF
010600FF
060BFFFF
07010808
FE060D01
FF000101
FCFDFEFF
0000FEFA
00090400
000400FF
00030000
FAFFEBFC
0011FB00
000FFE00
0003FFFF
EE00F1FF
00FF05FF
0000FF01
FC020000
0DFFF9FF
0004F5FF
FF030101
0907FFFF
FAFFE80D
00020C00
010000FF
FEFDFF01
FEFFFF00
FE08FE00
00040000
FBFDFF00
FC00E601
FF0E0500
010A0000
FCFD0000
01FFEB00
FF0CF400
FF0C0000
FDFD00FF
FEFEF4FD
FF09FA01
00030100
F6F3FF00
FFFF00EC
FF0AFC00
010BFEFE
00000000
FE000400
FFFE0001
FFFE00FF
FAFD0001
F800FCFE
000002FF
0001FF01
04030001
0200FEFC
FFFCFC01
0100FFFF
FF050101
FD00FFFA
0007FBFF
FE07FF00
02FF00FF
E9FFE700
FF000500
00FBFFFF
02FF0000
EDFFE4FF
FF020100
01010100
0009FFFF
FD01FCFD
00FF07FF
FE0100FF
FF01FFFF
0200FC04
FE0801FF
FE07FF00
0003FFFF
FE01FDFE
000105FF
00060000
FFFFFF00
0EFF08FF
FF000500
FFFCFF01
00FAFFFF
F700E6FD
00030301
0108FFFF
FB00FE01
03FFFBFF
01FCFEFF
01FE00FF
02FDFF01
0200ED04
FE0302FF
FF0701FE
04FF01FE
0900FDFA
FF08F300
001000FF
0305FE00
09FEFEFD
FF0BFBFF
FF09FF00
03FF00FF
FEFF09FC
FE0A0801
FF050100
0000FF00
00FFFEFC
01FD0101
01FF0001
FFFB0101
FF0101FD
01010000
0004FFFF
FD070100
06FFFD02
FF05F401
FF02FFFF
F804FF00
0AFFFFFC
FF0205FF
FF0E0100
F7F40001
FB01F401
01FF0201
00030000
FFF8FF00
FC00E902
FE02FF00
0000FF00
0105FEFE
FE000201
FF030800
FF01FFFE
0303FF00
00FE0402
FEFD0100
FE00FFFF
01FA00FF
FFFF01FC
00FF0300
010400FF
F9F8FFFF
FCFFFEFD
000201FF
010001FF
FEF7FF00
02FFEDFF
FE05FB01
000A0001
00FD0000
FDFEFB03
00F20200
FFF60000
020400FF
01FF0003
FF060001
FF02FFFF
0403FF01
040006FC
0006FD00
000300FF
FA0B0000
01FFFD04
FEFD0200
00FC01FF
0003FFFE
FD00FEFD
FF01FB00
01040001
02FAFF00
FCFF0208
000703FF
00080100
FD0301FF
0100F8FF
000AFE00
0008FF00
FAF60100
FA000808
000DFEFF
01030001
040800FF
0600FBF9
FF0502FF
0009FF01
FF080100
01010204
000002FF
FEFF0100
0101FF00
04FFFFFF
FF040301
FF080000
0503FF00
FE000204
FEFB0200
FF010000
0003FFFE
FFFFFFF9
FE0802FF
FE050000
0001FF01
01FF0201
01FDFEFF
FF030000
FF0101FF
01FFFB00
010201FE
FF00FF00
040400FF
04FE02FD
FE0000FF
010500FF
FE01FF00
FBFF00FB
00F2F701
00F30000
0203FFFF
050001FE
FF020000
FF02FF01
FD040001
00FEFBFE
000104FF
FE01FE00
00060000
08FF01F7
FE0AFD00
000D0100
0002FF00
01FE0201
00FC01FF
FFFAFF00
FF000000
FEFF01FD
FF03FEFF
0007FF01
FF010000
00000300
0002FF01
010300FF
FAF30100
00FEFEFC
FF08F901
01030100
F9FDFFFF
0500FA07
00FEFE01
0100FF00
FCFF01FF
03FFFFF9
FF0601FF
FF0A00FF
FCFBFF01
030100F9
FF00FEFF
0106FF00
070401FF
02FF0C05
FF04FE00
FE05FF01
F7FB0100
07FFFBF8
FF1C02FF
000C0100
0202FFFF
FB000704
00F7FFFF
01FCFFFF
FDFC0101
01FF04FC
0001FDFE
000101FF
02010100
03FF04F8
00020300
0005FF01
010400FF
FD00FDF7
FF01F101
FEFAFFFE
FDF0FFFF
05FEF7FC
FF03FF01
FF0A0000
F0040101
010103FD
FFFDFF01
FFFF00FF
FAF201FF
050002F6
00040100
010900FF
01040000
02FFF7FD
FF090300
FF0401FF
0502FF01
FDFF04FD
0106FDFF
01030101
FCF30001
02FFFF00
FF0000FF
0000FF00
FEF501FF
0700FF03
000EFDFF
FF06FF00
FEF7FF00
07FFFA00
0105FDFF
FF02FF00
F5FB0100
04000106
00FE00FF
FF02FFFF
F9F40100
01FFFE05
00FCFF00
01010000
01FD00FE
FD000F02
FF030200
FEFE00FF
FEFF0100
0A0101F0
FF27F401
001EFF01
02FEFF00
F8000307
FFF60401
00FAFF00
00FF0001
03FF0301
0102FE00
0003FF00
02F10100
06FFF705
FF0005FF
000600FF
0101FF01
FE00FF03
00FBF600
FEFDFF00
FCF4FF01
0700FF02
FF09F8FF
FF0A0100
FAFAFF00
0000FF01
0002FDFF
01030001
FAF2FFFF
0F01FEFD
FE05FC01
000A0000
F60300FF
FEFEF902
FE03FEFF
00080101
FB01FFFF
02FFFF01
01FF0101
FF060100
04FFFF01
FCFE0108
FFFEFF00
00FE0000
FDFEFF00
F6FFFB02
FF07F600
FF0D0100
04F8FF00
FBFFF902
0001FE00
01FF01FF
07EF01FF
FFFF040E
00FE0A01
0007FF01
FDF6FFFF
0400FF04
0003FD00
0002FF00
02F8FFFF
FEFF0B05
FE000000
00FBFE01
000001FF
FEFFFDFD
FF12F501
FF0FFE00
0302FF01
FB000706
00F40000
01FAFF00
03000000
02FF0204
0000FCFF
FF020100
FCFFFF01
04FEF7FE
000602FF
00060001
FBFFFF01
090003FD
01FCF1FF
FFF9FF00
FD0200FF
01FEF900
FE06FB00
FF0A0001
FB020100
0A0003FD
FE060200
FF0701FF
07010000
0500FFFF
00000200
0008FF01
FEF900FF
05FF00FF
FF070B00
000C00FF
0102FF00
01000000
0100F600
01FF0000
FE000100
FF00FEFE
00FF01FF
0001FF00
FBFDFF01
0500FA02
0009F701
FF060000
03FF0101
02FF01FE
FF05FC00
00010001
FEFD0000
F9FFEDFD
00FEFFFF
01FCFF00
03000000
FD00F901
00060001
0101FF00
0000FFFF
03000506
010400FF
FE02FFFF
0402FFFF
0300F905
FF0BFD00
000700FF
020101FF
F701FF01
00F90300
01000101
FC020100
00000001
0000FF01
FF020101
FF00FFFF
0100F7F8
FE06FF00
FF090001
FFFEFE01
0AFF01FF
01FCF9FF
FFF700FF
06020001
02000206
FE01FFFE
FF06FF00
0002FFFF
01FFFCFC
FF03FD01
00030001
FE0201FF
020002FA
FE0A02FF
0106FF01
00FCFFFF
FDFFFFFA
FE020000
00030000
0508FF01
01000303
0102FCFF
01FF0100
FDFD0000
01FF04FC
FF01FE01
010101FF
FF03FFFF
0100FF03
FEFC0000
FFFE01FE
1206FFFF
00FE0C02
FF000700
00010000
FAFDFF00
020003FD
00FC0300
00030100
FDFF0101
02FFF602
FEFD0100
FFFC0000
01FCFFFF
FCFF0608
FFFC07FE
FFF900FE
04020000
00000602
00FB0200
FEFBFF00
FF02FF01
FFFFFE00
FFFA0301
00FC00FF
FA00FF00
FF0000FF
0000FFFF
FF000000
0201FFFE
0701F7FE
01FEFB01
FF030000
FF0100FF
FD000303
FFF1FB00
01F40001
FAFB0001
02000502
000105FF
FF0801FF
FD040100
FE00F9FD
00FDFC00
01FFFF01
FC01FFFF
07000300
FE0A0600
00020000
FE010000
FE01FF00
0101FF01
01FF0000
FEFDFEFD
0000FFF8
FA00FCFF
FF0100FC
07FD0200
FFFF01FB
FDFE0100
FFFEFBFA
FD020102
FCFF0301
030201FF
000407FE
0BF90AFF
FF00F8FB
0DFE0B00
FF04FC0B
07FC0701
FE000503
0DFD04FE
FF02FA05
01F306FC
02FFFFFC
04F804FD
FEFAFA06
010101FE
FDFFFE02
000500FF
010206FD
01010100
FD00FFFC
01030001
000002FD
01FF0304
FD000003
030101FF
FFFFFFFC
FFFAFDF8
0000EDEE
F4F4F7FF
FFEDF2FB
04EF04FD
02FFF6F3
00F80101
FFFDFB05
F90401FC
0101FEF9
03FCFD00
00FF02FC
FC010303
FCFFFF02
050302FE
00070301
F808F601
FBFF0900
F8FE02FF
0100FF04
070500FF
0301FDFC
00000501
01FE01FE
FF02F003
FFFF06FF
00FB0401
00FCFB06
FA0800FC
FEFFFCF6
F100FF00
0101FD02
0AF90101
FF00FEF9
FDFD08FF
0100FE05
FCFEFF01
FDFF0100
FD00FE01
010203FD
040506FA
FF010200
0B010CFD
01FCFCFE
04FC04F9
FE000002
02F607FE
FFFBF600
FE0E03F2
FEFF0908
0006FF00
FFFD01FF
03FD0001
FD010202
F80101FF
FF010201
00010103
FCFFFBFD
0003FEFF
FF0003FF
02F80500
FEFFF3F2
F0FA04FF
FF03FC07
FEFCFAFD
FFFF06FF
00FAFDFF
00FAFBFA
0202FDF7
FFFF0E03
0DFCF8FF
FFFAFA04
F8FD03FE
FEFF0300
0301F9FF
000002FE
FAFD0202
FCFFF8FD
FE0400FF
00020302
040001F9
FF010202
FE03FB01
00FEFAFF
02FB05FB
00000EFA
01F3FD00
FFF2F901
0906F90A
000105FF
020403FF
00FF0502
FAFBFBFF
0000FFF8
F6FBFA01
00F9FEFB
0508EF04
FFFF210E
0A08FFFF
01060D05
01FAFF01
FF01FB00
FA040200
00090305
F90300FF
0000FFFD
0E0000FF
00FD00FA
FF0000F8
FDFE0203
02FC04FE
FEFDFCFD
FF0801F7
FEFF0402
0203FAFF
00FC05F7
FDF70001
FE00FD00
FAFEFD00
00FFFE01
FDFE0101
FDFFFD01
0B01FEFF
00020005
FFF6F2FB
FF010B0D
00F9FFFF
FFF4F9FF
F80403F8
FE0104FC
FCFAF6FE
FFF8FBF6
FC0604F7
00FF06FC
0AFCFC00
FFFBFDF6
FEFF0501
FEFFFF02
0004FB01
00010203
02F9FF02
FF01FCFA
F601FFFF
01060208
0312FC04
FFFF040A
FB010501
FFFDFDFD
ED05EBF5
00FF06FD
F9F9F5FF
00F2FBFA
000DF909
FFFF0C10
050702FF
FFFB0805
FC0CFBFF
01FF0105
040EFA01
FF0109FF
FF020103
FF001305
0B06FEFE
FF0F0C05
02FAFB02
FEFFFE01
F8030200
FF020201
F9FE07FF
0000FE03
0A01FB00
000302FF
FD0004FD
00FF0004
000300FD
FF030103
FE070302
01FF0306
050AFE00
FF080A03
FEF802FE
FD000201
F7FE0001
0104FE03
FFFD0201
FDFF0205
07060001
FF00FE00
FE03FBFC
FEFF0904
FD0202FE
00030403
FE0401FA
0000FBFB
FAFCFBFD
00FAFCF8
FC0B0801
0100F2F7
0A0300FE
000000FC
FE010402
FE00FF00
FB02FEFF
00FE0204
05F7FEFE
FE0102FF
F1FF03FE
0101FE04
01110203
FD00FEFF
030BFF01
000609FE
ECFBFCF4
FF0003FA
FA04ECFF
FF000001
010F0903
FFFF0B09
06160400
010815FA
FD0501FC
FF00FE02
0801FD00
01FD05FC
05130104
00FFFFF6
080C03FF
000604FC
02FCFF04
FE000301
FE0301FF
00020204
03FD0502
FF01FF02
00FF02FE
FF010106
FE0206FE
0001FE00
0504FEFD
FF050304
00F3F5FC
0001F8FD
F3FC04FF
FFFFFE06
FEF90000
FEFFFD01
FFFE0000
00FDFF01
FF0BFFFE
FF01FFFB
04FEFF00
FFFDFEFE
FA0A0201
00010002
FF03FEFE
00050303
F905FFFD
0001FC05
FC03FBFF
FEFBFE01
02FC0601
0000F3F9
01F900FF
00FCFCFE
FEFF02FF
FEFF01FE
FE02FE01
01FF0305
0405FF04
FF010401
F90407FF
FF020304
06FAFC04
FEFF0201
01FC00FF
00FCFFFD
EA0FFBF6
01011006
F90DEC00
00051404
0205FF04
FFFF0A0C
030E0001
01031002
01FF00FD
FF01FDFF
02FEFF01
0101FE00
05050703
00FFFCFD
0A080AFE
FF0501F6
00010102
FE000204
00080000
01020706
03FD0601
FFFF0202
0AFE05FF
FF03FC04
02030701
FFFFFF01
0904FFFF
FF050102
03F701FF
FFFFFEFB
02FB0600
01FDFE00
00FC0200
FCFF0202
03FE01FF
FE000002
FC0A03FE
FC010703
FE03FCFF
000002FE
FD020400
0000FDFE
0804FEFE
FF020400
F90501FF
FF000303
0A05FDFF
FFFD04F9
010505FF
01FF0308
0B0003FF
FF000106
0001FC01
FE0006FE
01000001
FFFD01FF
0200FD00
FE000301
00FE01FF
FF00FF02
FEFD0000
FF00FFFE
FE0000FF
00FE00FD
FFFDFE04
0100FF01
0000FFFF
010102FE
FD0605FB
00000507
04040100
FF0205FD
FFFB02FD
01010601
04FDFEFD
0002FBF9
FE0706FE
FE01FDFB
FFFE0300
00FF01FE
FC04FE00
FC01FF04
0100FE01
01FD03FB
05040602
01000106
080308FE
0005FE06
030103FF
FE000008
FE0203FF
00FE0001
FCF803F9
01000303
04F602FF
FEFBF901
0100FF01
FDFF09FF
FE040100
FF0306FE
0003FFFF
FC01FE00
0202FF00
01FE01FB
01010205
FDFFFE05
FF000100
01FF00FD
F103F8F9
FEFF1607
FCFAF600
00FCFD03
FBF604F1
01FF03FB
FCF7FDFE
FFFBFA00
FE0C0102
FF0002FF
F8010100
00030402
FF00FE02
FC00FE01
FC00FDFF
FEFBFEFD
FCF9FB03
FD000100
F1FC02FF
01F900FB
0EFDFEFC
FFFFF7FA
FE000AFF
00FEFF06
050AF0FF
01FF0B01
00020200
FFF9F800
FF09FFFE
FE010303
FAFF0300
FF01FA0A
01FAFD02
FFFFF9F9
05FBFBFF
00F8FA05
FEFD0100
FE01FC01
FE0101FF
FF020400
FC07FFFD
FFFFFF02
FA0303FE
00FDFDF8
01FE0301
FE000105
FA020100
00020002
FC0605FD
FE000408
FBFEFFFF
FFF8FBFB
03FBFF07
FC00FE00
FD050301
00060704
02FE0203
FEFFFDFF
00040100
01020401
06FFFEFB
0001F0ED
01FE0500
00060208
DB0800F4
FEFF0A0C
F6FBE4FD
00F9FBF6
F902FEFC
FDFF090E
FCFAF500
FFF3F8FA
FE0601FF
FCFF0605
03020201
FF0300FB
00FCFD03
FDFFFBF8
060200FF
00020202
F8F403FD
FF00FDFE
F6FAF501
00FCFDFC
FC0A0202
000108F8
07F7F3FF
FFF0F6F9
FE0702FB
0001FC04
02010501
FFFEF9FC
FD02FDFB
FE010401
FDFFFFFF
FFFA00FA
FB07E7FB
0001170A
0301F2FF
010007FC
030002FF
00FFFCFD
F9070700
FF080609
FAFCFC01
FD01FBFE
FA03F9FE
FF0104FA
01FCF407
FD000103
E1FEF9FF
FFFFFDFF
FBFFFD02
0000FDFF
FC00FE01
FF0003FF
06F70605
FF01FA00
FA010500
00020306
0EF90706
FD00FFFC
FDFF0FFF
FF030009
FAF5E903
FF000D10
F8F9F400
FFEDF6F3
F0FE01FE
FF0100FF
F3FDEB00
00F8FBFE
FCFFFE04
FE010003
F8FFF900
FFFEFFFF
FE0202F8
0001FEFD
FB000300
00030102
05FA05FE
FEFFF6F4
090308FF
FF04FE0B
FAF2FF00
00FFF803
F201FB00
0000FD01
FCFF040B
FD000607
FCFEF800
01F3FEFB
FE1100FD
FF000103
02000001
00F8F8FE
F50FFAF1
01FFF8FC
FB0EF501
01050EFF
FB01FF01
FD010503
0108FB00
01060C05
0601F905
00FF0200
F9FF0EFF
FFFDFEFF
FF00FE00
01FEFE01
F803FDFE
FF040505
FEF5F705
FEFFFB02
EAFFFAFE
FE030404
F806FDFE
00FFF6FE
FA0AFCFF
FF080B07
0AFCFF08
FEFFFF03
FFFD0AFF
0000FCFF
0903F0FC
FF010204
01FC0501
00F7FBF8
F9F5E906
FF010504
FAFDFDFE
00FF0403
FAFD0400
FE00F6FB
F603F6FF
00FD03FE
000902FB
0100E9F6
FB08F900
00090805
05000600
FEFFFF01
FFFA0B01
FFF9FCFD
00FC0402
000103FC
00FF0801
00F9F500
FF0D0202
FDFFF800
FB0D0000
010A0C05
00FBF60B
FFFF00FF
F80703FF
00020A04
0522FDF3
FFFF0407
FF170200
FF0017F5
02000DFB
FE00FDF8
020001FF
FF02FF03
F40CFF03
FF010602
0104F4FF
01000404
FF00FE06
FC0001FF
FEFD01FF
FFFCFFFF
07FCFF04
FEFFFF04
FA010401
00030203
FEFD01FF
FD000408
F802FC00
00070A05
FFF9F604
FFFFFFFE
FFFC03FF
FFFCFFFF
05FBFB02
FE010702
01FB04FE
00FBFD00
090E0001
FC000B01
FD060000
000002FB
FB00FEFF
FE00FF02
FD04FFFF
00030503
F8FDFFFE
FF010204
F60AFAFF
00020B04
03FD04FC
FFFFF9FA
FFF80400
FF01FB05
0001FC01
FC0101FE
FDFD01FF
FFFB00FE
FC03FB04
FEFF08FF
080103FE
00FBFDFB
FCFBFCFE
FEFF0201
FFFCFCFE
FFF9FCFC
0203FFFD
FF000302
FB07FFFD
000A0C09
FF03FAFF
FF010603
FF06F9FF
01FD0100
FEFFFFFF
FF01FF00
01000001
01FEFE01
F8090405
020009FB
0605FE00
000005FB
FF0302FF
FDFF0000
050601FF
00030401
04FC0101
FE000204
00FE0100
0002FC01
0307FEFD
FE000207
0304FFFF
00050401
FFFD03FF
FF0000FE
05010000
0000FEFF
FDF9FF03
FE000400
01FEFF00
FFFF0200
0303FF02
FE0104FC
0403FDFF
01020104
00030200
00FFFF00
0603FFFF
FF030301
0403FDFC
FB010504
0101F9FF
000008FF
020205FE
FF000503
07FDFD01
01FFFE04
03010100
FE0102FF
010200FF
00010301
00F8FF03
FE010100
04FD00FE
01010102
FF0003FE
FF01FDFC
0300FDFF
00FFFEFF
051B0302
FE000606
0406FEFF
FF0105F6
00FC0101
00010508
FDFF0000
FFF904FA
FEFE0000
FF0000FE
FCFEF9FD
00FDF8F4
080C00FA
FD000001
FD000701
00000103
0005FD03
FF01FE03
010102FF
FF0203FD
01FF09FF
01FFFCF8
0B0003FD
FF06FA07
FEFE0501
FEFF0001
07000700
0102FF03
FDFA04FE
FFFFFFFF
01F8F8FF
00FEFA01
FF06FFFF
FD01FE02
0105FFFF
FFFE03FE
00000001
FD00FC0A
01010100
FEFE00FE
0702FE03
FE010007
FE0105FF
0100FE02
FFFCFAFB
FFFF0504
F6F7F0FE
00F2F8F6
FFF902F9
FF01FAF8
FFF9F6FF
FEFFFAFF
F7120205
FD0002FE
FBFF0000
01FC0300
FF080200
FDFF01FC
FA03FF01
00FE0202
00010500
FE010505
F9020200
010002FE
FF0207F8
FF010E03
02FB0400
01FF0305
0E07EC02
FF010104
F601FB00
FFF9FCEE
FF08F9FA
FE000204
FCFF01FF
00FCFD00
050202FD
FF01FAF3
050603FF
FF050000
FF0101FE
FE01FDFF
02030100
00040203
03FC0302
FE00FCFA
02FC04FF
0102FB01
02FEFFFF
FE00FAF9
00FF02FF
FE05FD05
0102FC04
00010006
FDFB02FF
00FBFF00
FDFC00FF
FDFF0103
00FDFE00
01FF01FF
FD00FEFA
00FFFBF9
010201FF
00010302
0500F9F6
FE01F6EE
02020601
00050404
01FDFB06
00FF0005
FFFB03FE
FFF8F9FC
06FC0302
FF01060A
02FA03FF
00FFFD03
FC020400
FD0000FF
00060101
010202FD
F90100FB
FE00FDFA
FB020001
01FFFD01
FDF90206
FFFFFC03
F9030200
00010303
F606FEFC
FDFF00FE
F301F1FF
00FB02FB
090BF702
0101FDF6
020401FF
00FD0603
FF03FC04
FDFF0102
00FD00FF
01FDFDFD
00020102
FE00120E
FBFF01FE
FF01FDFA
FF0606F7
FFFFFDF6
050C08FF
01090807
000701FE
FF00FDF8
080102FF
00030200
07040D0A
00FF01FF
08FF05FF
0100FBFD
02010002
FE00FAFE
010503FE
FF020801
FFFBFA00
FDFFFAF6
02FF0000
FF000200
040615F0
FFFFFFFA
130206FF
0006030E
0203FD07
00FF0C0E
0005FB00
FFFF03F7
01FE0309
0000FAFB
010302FF
FF02FE02
07FF0004
FFFFFB01
03FE05FF
FFFFFE01
FC010600
010102F9
00030301
FF010000
F8F703F7
0000F6F0
FF05F7FF
FF020002
FFFCFF03
FFFFF500
F1070401
FF050201
06FEF904
00FF0404
FC04FEFF
FF0204FF
050402FD
0101FB02
FD030200
00FC0001
000DF800
00FFF9F9
FC0CFE00
01FF0DFC
0104FB04
0100FF02
FE0002FE
FF030504
FBFDF702
00FF0404
04FDF300
FFF5FEF1
01FE0500
0000FEFF
080401FF
00010805
09FDF808
FDFF0403
06FE0A01
FFFBFCF6
0209FDFD
00FFFCFE
FF0C03FF
00051004
FB0400F8
0001FCFB
05FFFE01
FFFFFC02
FFFEE900
FD000A0C
00F6F400
00EAF7E7
00F0D609
FE000103
FCF901FF
00F8FEFE
00FF0104
0000F9FD
020F02FF
00010901
060501FC
00FFF5F4
060A0801
FF030901
FD18FEF2
FD0000FE
060AFC01
FF000BFD
F80303FE
FF000400
0700F200
00FBF3F7
090D0204
FF00F501
FF0F0600
FF0B0C07
06060503
00000103
080205FE
00FF02FC
0B12FC02
01FF160E
F80A0101
000014FA
FE0D06FF
FFFF00FF
FE09FF00
000B0706
0300FEFF
FFFFFBF7
FA040600
000206FF
FF000203
FD000100
01FFFF01
00FE02FF
07F8F806
01000003
01FF0400
00FAFEFB
0308FB03
FFFF0604
FA030AFF
00FFFFFE
FB000006
FE010102
0301FDFF
01F705FA
01010B03
FD000A04
06FCFD01
00FBFCFE
FB06F806
FCFF0601
F900F901
FF000500
02000101
FF00FE02
FD0504FE
01050601
FA03FC00
FE000400
F7070100
FF051002
FCFC02FD
FD010101
03F90000
FFFDF902
FB00F803
FCFF0601
FEFAFD00
00FAFFF9
FB06FE02
FC001205
04FDF9FF
FFFCFBFB
02FF0100
FEFF0200
FFFB00FF
FFFDFCFE
0604FFFF
00000001
03010800
01FF04FE
0309030D
00010806
030D0300
01011100
FF010101
0100FF01
0002FE01
010101FF
FD0101FF
0000FFFE
FC0300FE
000003FD
000507FF
FD01FFFE
030202FF
FF010304
03FCFC03
FE000004
FEFD0200
00FCF9FA
0303FC02
FE000002
030203FF
000302FF
04010500
FE000102
01030301
FF040503
FEFC0003
FDFF0000
01FF0000
00FF0101
FC04FE00
FEFF02FF
0206FD00
FF050A04
03FF03FF
FF000000
01040400
FE060700
06070200
FE000100
0209FD00
FFFD0103
03030002
FD000301
FC00FF01
FF010103
FF0204FF
FFFF00FE
0101FC00
00030404
FD010101
FF010300
0100FD00
010003FF
FFFE01FD
FF00FEFC
03FEFC01
0000FF02
0608FE01
FEFF0206
010704FF
000006FC
090F0B05
FF00120E
0E12FD01
FF0614FD
000505FA
FFFFFDF9
FDFFFA01
FFFFF7FD
FE0303FF
0300FEFF
FF000100
FFFEFE01
0008FE01
FD000100
FF000201
000102FE
02FB0608
00010003
070104FF
00060406
00000602
FE01070A
090402FE
00030600
00FB0301
0100FEFC
03FBFDFE
00FEFA02
060800FF
FF000103
FF0202FF
FE0000FF
0507FEFE
FD000508
010304FE
000000FF
01070103
FFFF0308
01050700
00040203
04FDF803
FFFE0807
0003F901
FFF9FAFF
00040602
01FF00FB
0608F7FF
FF01FCF8
0911F8F7
02010803
EC02FF01
FF0103F8
0504FDFD
FEFF0203
FE0300FD
00FEFFFF
FF040400
FCFF00FF
FF010001
00000101
FCFF01F5
FEFFF8FA
02FDF600
FF0000FA
040A0308
FE010305
03010401
00020501
03FBF4FD
01000307
F9F9FFFF
00FDFCFF
03FFF5FD
FEFF00FB
FA0A0201
0000FFFA
FE03FDFD
FE010406
FD0302FF
01000500
FDFF0303
FF01FC00
03000001
FE04FFFE
FD0AFFFD
FD000F08
00050000
FF050600
00040200
00010204
00FE01FE
FFFE0000
03FFFE00
FDFF0303
030000FF
01FF04FF
0205FCFE
FD010203
020202FF
FFFF04FE
0500FF02
FEFF0205
FF030700
00030702
08040300
FEFFFF02
FF000100
0003FF03
01FF02FB
03000705
FA0100FF
00FEFF02
01060501
FF01F5FB
F1FE0200
01020402
0100FEFE
FD0100FD
01FF00FE
00FEFE01
00020101
FE000201
01010000
00FE05FE
04FEFE05
FFFF0306
00FB04FE
00FDFDFE
FC050404
01010004
05FD01FF
00F7FCFE
0305F9FF
00FFFAFD
FBFB0000
01FC00FC
0A14F001
FEFF0F0D
FA0AFEFE
010101F9
F80A00F8
FF000702
0208FE00
FF060600
FC0302FE
00010101
0104FCFF
FF070502
F300FBFB
FE000D02
FC01F401
01060201
0007FF00
FF00FBFD
050303FE
01FD06FE
FCFF05FB
FC00FFFB
07FDFC01
01FF0302
FA07FCF8
FEFF0702
FF04F6FF
FF080604
070CFA03
FF000A07
010AFA00
00040DFF
0601FDFE
01FFFAFC
FA0601FE
FF000602
0209F700
0001F900
FFFDFE01
00F602FB
FB07FEF8
FF00FFFA
EE070000
00020101
01FCFEFE
FF00FEFD
030005FE
00050400
030700FD
FF000202
060505FF
FF030904
060CFEFB
FE0101FC
070501FE
00FE05FC
F906FD01
00000108
06FDFB01
00FC0002
0104FDFE
00000704
FC0A0601
00FF0FFA
02FA02FD
01FFFCFF
050105FE
01FE0002
F60CFF00
FF000903
0002EB01
00020501
F308FFFE
FF010407
FA02F400
FE030501
E807FFFF
FE000302
FB04E100
00030500
010601FE
FF010A08
050D05FF
FF040F00
F6FC03FA
FF00FEFC
07FCF300
00FEFF03
0309FE05
FD000D0E
05FFF500
00FF01FC
05FAF207
FFFF0303
0AFA07FF
FFFAFFFB
020402FF
01010C04
FD0C02FE
FE030FFC
FF03F8FB
01FF0301
F6070200
000208F7
0C13FCFC
0000FBF7
01160900
FF030E01
FBFE0401
FE0102F8
0300F900
FF070601
0009FFFE
FD0001FE
0200F8FF
00FE0500
12050001
FE000409
00010AFF
01080501
FF0C0502
FFFF0B04
090CFDFF
0006050A
FA06FEFF
FD011003
FF09FEFF
00090303
FEFDFDFD
FEFF04FF
FD0200FF
FFFD01F8
020E0405
FE000102
FF020400
00030505
FBFBFE06
FE000001
FA01F7FE
FFFEFEFD
FE0E0201
FE000602
FD00FAFF
000001FE
F6FFFC04
FD000701
FEFFF5FE
0100FE02
FA02FD02
FD000807
FE03F300
00FE0503
FF0BFB03
FD000600
0503FDFF
01020903
03030502
0101FD02
0C050CFE
00030600
F9080006
00FF0808
FE05FF00
FF080402
F9FD05FA
FDFF0A07
FEF9F5FF
00FDF8FD
0508FF00
FE01FE00
FFFD0301
01000201
FE0E0306
FBFF0305
00070200
01050208
010907FF
FE00FFFF
01FEFD01
00FE00FE
04FAF908
FB000100
FF0002FF
FFFA03FE
FF09FE06
0101FD02
0507FC01
FF030900
0103FE00
0100FF00
FDFFFE00
010000FD
05000102
FEFFFDFB
FE0007FE
FF02FF02
020E0705
FE0002FF
FF0907FF
FF070A09
FEFD0203
FE01FF01
04FF0000
FF02FAFE
030A0201
FE010400
000101FF
0005FEFE
030300FE
FE01FDFE
FA0004FF
FF030306
04030305
FC010300
FE00FF01
00020107
040B0401
FEFF04FD
07030100
FF030300
06FC03FF
FEFFFFFE
050106FF
FF020400
FB110204
FE010304
0307FA01
FE000904
FE02FE00
01FFFD00
FDFEFF01
00FE00FE
020602FF
FE01FFFC
FFFF01FF
00020000
0106FB01
FFFF0302
FD030000
00010103
04050501
FFFFFDFE
01FDFC00
00FFFE03
03030104
02000702
FE04FFFF
000001F5
F311FA06
01FF06FE
0504FA00
FFFBFFFB
02FC01F5
0001FAFB
00FB01FF
0102FB04
00040003
FE010101
FF04FE01
00050601
FC01FEFC
FDFF00FE
0003FD01
000103FA
FE00FFFE
FDFF00FE
0103FE00
FF010300
FF0002FE
FE00FE04
0302FFFF
FFFF02FE
01020501
FC010205
04020300
FF0302FF
01020202
FDFF0204
06FDFEFD
01FFFD00
FC11F5FA
FC0008FE
E9010400
FFFDFCFD
FE03FF00
FDFF0103
0006FFFF
FF030700
FDF9FE02
FF0101FA
FDFEFAFF
00FE01F7
FCFE0101
FCFF0203
02FDFDFF
FFFFFEFA
05FB00FC
00000004
FEFF0100
00FC02FE
00010301
FC010100
050200FE
000203FF
0203F802
010002FD
FB050400
00FA07FA
FEFB01FF
FDFFFEFC
040303FE
0003FF08
F9FB00FA
01000302
08F7FB00
FD00FA00
01FD01FD
01FFFAFA
F7FC0101
00FFFA01
FFFFFF04
FDFFFEFE
FE03FFFF
01020401
01FA0201
FC01FAF8
02FEFC01
00FEFDFE
01030203
FD01FF02
F807FF00
FF030303
0102FFFB
FE01FD07
FD05FE01
FF0204FB
FEFD0000
FC00FC05
FA00FE00
00FF00FE
01010001
FE01FF00
03FEFC00
01FFFFFA
0107FBFA
0100FDFD
F2040200
0101FCFB
01050202
FC000004
FD0A0000
FF070607
F30007F0
FD000302
F706F900
FF000600
FCFAFE02
FD000105
FD01FC01
FF0201FD
0003F5F9
FFFF0704
04FAF5FE
FEF8FCF6
04040404
0001FA00
F60A08FF
0008050B
FFF9FEFC
010104FA
02F702FE
FDF8FFF5
01FC07FC
00FE0401
08FC08FF
FFFFFA0A
F811F9F4
FD000F07
0807F5FF
00FBFEF9
01FCFBFF
FFFFFC00
FA0105FF
01FC00FC
01FFFD00
FD00FCFD
F9000201
01030103
FBF90103
FF010202
06FFFF00
00FDFCFF
FFFFFE01
FF00FFFD
EE05FFFF
01FE0203
04FD0204
FC01FCFF
FA050000
00020200
FDFA0203
FE01FD01
EF02FC01
FF030004
00FF0105
0001FD07
FF00FBFF
FF040204
0206FBFD
FD002D1E
F800FD00
00FF02F9
02FE05FF
FEFF0104
F40301FF
FE040306
FB03FEFD
FCFF0C05
F903F800
00FE01FE
FFFA0100
FE01FB03
F500FBFF
01020203
F705FBFF
FF01FFFA
F3F5F1FF
00FBF4FE
05FAF2FC
FF000306
04FE03FF
00FDFC09
0305EAF5
FF000609
FF01FCFE
FFF301F3
FB0200F6
FE0005FF
0BFFFDFF
FFFBFDF6
0013FDFE
FFFF0A00
0A02FAFF
FFFF06FB
0401FDFC
0001FD00
FC0204FF
01FC03FA
01FAFD03
FFFFFFFF
F9FF0201
FF0303FF
FE0302FC
00FF0508
0901FA00
FF000201
FE05F8FE
FFFF0102
FBFFFB00
FFFCFCFD
03000003
FFFF0000
F7FE00FF
FF030000
01F7FFFE
00000104
E700FDFF
FF02FF07
01FC0601
00000000
02FFFD00
01050309
0F08F3FE
FF010D06
FA010B00
00FC06FF
03F9FAFF
FD000403
FDFE02FF
01FBFDFA
04020002
FDFF0509
F405F800
FEFF0408
01F90000
FF000306
F0FFFEFF
01000001
0503FF03
0100FBF7
FBFDFDFF
FFFE0000
01FCFAFE
FD000506
03FF05FE
FF00FF05
060BFEF7
FF000409
02040800
FF00FEFA
FC0407FD
FEFF0003
0504FBFE
FE0105FE
02100D04
00000B06
0F0DFE00
FF090CFF
FF0000FB
00FFFEFD
0200FFFF
FF03FEFD
FF00FF03
0000FFFE
FF0102FE
00030301
000E0202
FE010407
0909FC00
000209FD
FD0DFB01
00000300
0702FA00
00FA00FE
0005F702
FE01FD01
FCFFFE00
01FB00FE
02FDFD03
FEFF0603
FCFC0201
00FBFE01
03FA0400
FF000302
04FF0100
00000104
0608FDF9
010102FF
010609FF
01000102
0203FF03
FDFF0101
FE010301
FFFEFFFE
FDF9FEFC
FF0103FF
FCFFFB00
0001FD04
04FC0005
FEFF0604
020204FF
FFFE0203
FB04FD04
FFFFFCFC
FB040300
FEFFFCF9
FE0701FD
FEFFFE06
020AFBFF
00030300
00110102
02FFFCF9
020606FF
FEFE01F9
FF0C0604
00000506
FF0701FF
00060805
FEFBF5FE
00FE0100
F4FEFC01
FF0201FF
01FF02FD
FF01FCF9
FCFAFFFF
00FAF9FF
FFFDFF01
FE00FE00
FF00FF01
FFFF0000
01F6F7FF
FD00FAF8
FBFCFF00
FFFFFF02
04060004
FD00FC07
FF060400
00FE0200
0208FFFF
FC000205
0103FF00
FF0404FF
01000004
FD010003
02FE0300
0000FF00
05FE0203
FEFF01FF
02020200
01020104
01070006
FF00F5FC
0005FFFE
FE0002FD
0004FC02
FEFF0802
FF020100
FE030402
F60BF6FC
FF01FEF6
F903F700
01FE0A00
0200FF06
FFFF0505
FCFF0100
FF0001FE
01FDFD02
FE010801
FC01FF00
00020003
00080C02
00FEFAFF
080A03FE
FF0802FE
FF0B0504
01FEF8F9
020804FE
FF0002F6
FFFE03FE
FFFFFE01
0300FFFE
0101FF02
05FC0600
FF0000FC
0AFD01FF
0001FDFF
FC0005FD
01FFFAF6
08010301
0100FF00
FF05FE02
FDFFFF01
01030100
00060600
03000202
FD010004
02010100
FF0101FD
FF0000FF
FE00FF00
FF030001
00FE01FC
03FE01FC
FC001005
04FFFE01
FF0002FE
02000204
FCFF0003
00010100
FF020200
02FFFF03
FC000108
FF030400
FF010300
0105F9FD
00010200
FAF605FE
00F1F9F8
FE050103
FC000100
F70601FF
FF030A02
050A00FC
FCFF0607
020D08FF
000404FC
FD030001
FC000004
FD02FDFF
00FFFFFA
FE010500
00FFFF04
FF01FA00
FFFC01FF
02030000
FDFF0000
FD02FEFF
FFFF02FC
04030300
010001FF
FF050401
010407FF
FE030002
FC010202
0006FE00
FF0205FE
FAF401F9
00FF0702
00F7FBFE
FFF8F501
FFFEFE01
00FFFBFD
FEFDF900
00F7FFFE
FF00FC04
FCFFFD01
FE0503FF
00070503
000105FC
FD01FFF8
05010300
0102FEFB
05030101
FEFFFEFE
FC030301
01020404
020300FE
FEFF0C06
040300FF
FF0204FD
FCFE0001
FCFFFB04
F901FF01
FF020101
FD01FEFE
FE01FDFB
FC00FD00
00FE0002
0108FAFD
02FF07FE
0204FFFF
00FF05FE
020003FC
FCFFFCFF
FE050300
FF040405
FFFE1403
FD000404
FB0000FF
0000FFFC
FEFD0100
FD00FA01
00020100
FF030303
0105FBFA
FE000D0A
0303FDFE
FFFC00F0
0606FEFE
FF01FAFF
FD080601
FF090608
FF0502FF
FFFF0D09
0B0503FF
FF0606FF
F9FCFDFF
FEFF0107
F800FE01
FF07FF06
0009FFFC
FC000305
FEFB00FF
00FEF902
0001FAFD
01FFFCFD
FB00F901
00F90301
060102FF
01FFFCFB
FE030601
01070105
07F8FA06
FE000100
FEF90200
00FBFAFA
19040803
FEFFF6F3
FFFE1400
00FFFB0A
07FD05FC
FF01FDF8
07020400
01040104
0AFC0601
FF00F6FC
FC030500
0109020C
FEFDFD02
0101F8FC
FD00FCFF
01040207
FDFEF8FD
FD00161A
F903F2FF
FF0703FA
15050E07
FEFFFF04
03061500
00090010
FAFBFD04
FE01F8FB
FAFE0300
FFFC00FE
0BFC0902
FE00F6FC
04030A00
0007010D
0207FE04
00FF0500
FFF803FF
00FCFC02
05FFF9FF
FDFF080A
01FD00FE
FFFBFB08
F5FCF6FE
FEFF080A
EDF6F701
00F5F9FC
FAF5E8FF
FCFF0205
E5FCF9FE
FFF2FAF6
FF01FD01
FE0100FB
FF01FBFE
00FD09FF
0201FDFB
00FFFD01
FBFAFC01
00FDFCFE
03FA0003
FD0001FF
F8FA07FF
01FBFBFA
07FFFD0B
FDFF0405
020107FF
00FE03FA
07FFEB05
FEFF0401
00F90BFF
00F1F9F1
0B080808
FE0000FD
06FA0AFF
00030007
11FC060B
FEFF0202
F8FD1000
0006FD0F
06030203
FD01FF03
FF0006FF
000103FC
FF02F804
FF000805
FBF9FFFE
FFFA0204
04FAEBFE
FD000002
F5FC0601
FFF2F9E8
FD04FEFE
FF010406
F20600FF
01060400
06FFF609
FE000604
FD0009FE
0103FEFF
01020100
FF000100
FEFDFE00
FF000000
FEF4DBFF
FFFF0608
04F80100
01F9FE00
F1EDFCFD
FE00FCFF
F6FDF8FF
FEFC01FE
F7F7F705
FE00FFFF
F0FDF900
FFFA01FE
F70EFEFD
0001FFFD
FE13F8FE
FF091700
020002F9
0101FEFA
FDFC0001
0103FFFD
00FBFD03
FEFF01FF
02FE0001
010000FF
02000007
FFFFFD01
0508FE01
00040605
01050A02
FE010501
07000200
FFFD00F9
0703E905
FDFFFF01
FEFA0401
00F7FAFC
0204E705
FD010303
FEF90500
FFF4F8F5
04FD07FF
00FFFE00
05FFFD00
010003FF
00FF00FC
0000FCFF
FD0300FF
00050205
FCFEED04
FD0103FF
F7FF03FE
FFFC02FD
FDFE0405
FF00FE00
FAFEFDFE
000102FF
FF00F003
FFFF0502
FEFD00FF
00FD00FC
00080303
00000200
0003FBFF
FF0200FC
FFFF05FE
FF010105
0303FFFF
FF040201
F4F801FC
FDFF0205
FA04F400
00000900
F7FEFE04
FEFF030D
F705F500
FF030505
03FBED06
010000FC
F7F804FF
01FAF9F9
04FCFEFD
0001F9F9
FD02FD01
01FE02FF
FEFE0000
FF000100
04020200
00030302
070A0104
FF0100FC
06040401
0106FE00
070C0602
FEFFFE01
01030200
00FCFFFD
FE020006
FF000C03
02000100
FF030206
FD03FE02
FFFFFEFF
00FFFF00
FF000300
02FC0006
FF00FBFB
01FF04FF
FF020106
00070201
01FFFAFB
FF06FCFF
FF050602
FBF602FD
FE00FEFB
FEFCFEFF
0001FD01
F9F7FD02
FDFFFAF9
01FCF9FF
00020400
FDFBFF03
FF010102
FD0001FF
FF0004FD
01F90003
000003F4
03FF01FF
FF01FBFD
FF0E0300
0000FFFA
020906FF
FF0500FF
FA0202F9
FD000A0B
FD01F7FE
00070A06
FF04FE00
0000FF03
FD05FE00
FF050501
F9FA02FF
FF0001FB
04FDFCFE
FFFDFEFD
F903FDF5
01FFFFFC
FD05F7FF
FF0100F8
0005FE03
FEFFFE01
02020001
01050401
FC1108FD
FC010707
05070201
01080A00
FF090002
FC000302
FE030000
01000200
060300FD
FEFF1206
FFFFFEFF
FFFE02FC
05040503
FD000203
FE0203FF
00030002
0200FC05
FE01FF02
FD000400
00FEFE00
0410FBFE
FE010102
05FE08FF
01F5FDFB
0102FFFE
FEFF01FF
FE020201
01000402
060A0102
FE00050D
05100900
FF080C04
0500FD00
FC00FE03
FCFF01FE
FF00FFFF
FCFF1100
FE00F9F0
F9FEFB00
FFFAF6FD
0301FCFF
FDFF00FF
FF000100
01FEFF00
FF14FD01
FF001A19
03070100
FEFD0DFA
010DFD04
FD000506
FB0704FF
FF040601
FBF70300
00010002
00F9F1FF
00FAF8FA
FB020100
00FFFBFC
FFFFFBFF
0000FCFA
FF02FA04
FEFFFEFF
00040300
00040603
FF0003FA
FEFFFCFD
03010000
FF03FFFD
FD0200FA
FEFFFDF7
00010100
01030403
0309FDFF
FE000606
FE0401FF
000001FD
02FFFFFE
00FF0201
00030400
01030104
0101FEFD
FF00F8FD
FDFE04FF
0101FF00
060AFAFE
02FE07FE
020804FF
FF0107FD
0100FEFE
0001FD01
FD030400
FF010204
02FBFF0A
FFFF0705
F3FF03FF
00010503
FDFFFFFD
FF000200
0101FF01
FF010002
FEFCFCF9
00000505
0000FAFF
00FCFBF0
0104FAFC
FFFF00F9
FC050701
FF050302
0015F904
FF010D07
0313FB00
FF031501
FF06FAFC
FEFFF8FA
FE0A01FE
FF050B0B
FF030001
FE000306
FEFCFFFF
FFFCFD04
FBFA0201
FF0101FC
02FEF900
00FCFCFC
020203FB
00FFFAFD
01070600
FF070504
05030606
00001006
FA0AFF00
01080B01
F3050BF0
0000FFFA
0700FA00
01000204
00FF03FA
00FFFBF3
02000000
01020202
08FF00FB
FFFF01F8
03010C00
000C010F
0602FB03
FF01FE03
00FC04FF
01050408
0310FB0B
FF001419
040CF900
FE0E0E00
F90A07F9
0000FBFA
030605FF
00050606
04FC0906
FF01FCFF
FB0003FF
000005FE
FF0A04F8
FFFF00F9
080908FE
0009090A
0108FFFA
FE00FDFE
00FBFA00
00FFFB03
03110803
FF000F12
FC08FFFF
00070502
FD04060F
FF000A0B
F00200FF
FFF9FDF9
FEFCFC08
FFFFFF04
F0F9FF00
01F2F5F3
FF06FD00
FD0002FE
FE020100
00FC05FE
FEFFFF01
FFFF00FE
0202FDFF
00FE01FE
FDFEFE01
FEFF01FE
00FAFB00
FFF7FAF6
FEFC0004
FD00FDFC
01F800FF
FFFCFDFC
F5FEF608
FFFF0001
FCF7E2FF
01F4FCF4
FC0C07F5
0000FEFC
0E00F801
00010405
FB191AFD
FD000A07
1903F901
FF050007
05FF00FC
FF000301
FDFA0200
FF00FEFF
02FDEA06
00FE0707
00F604FF
FFF9FFFD
FD010004
FEFF0100
F7FA0001
01F3FEF3
040DFD01
FE010104
F80403FF
FF050502
F90AFC06
FF011008
0700F300
00FC00F3
040100FF
00FFFA00
FEFD00FE
00FD0200
01F6DA02
FF000508
F3F8FFFE
00F6FEF5
00F7E30B
FF000B07
BF00FE01
00FE00FA
03FAE50C
FE000303
F3F808FE
FFF4FCF5
0106F9FE
FFFEF6FC
F60DFFFE
000212FE
F80400FA
00000001
FE00FD01
01020001
FEF9F802
FE01FFFF
00F8FDFF
01F8FCF7
0406FFFB
FE00F9FD
FF01FC00
FF040403
FE09FB01
FC0003FF
F804FB00
01FD04FA
FF04F106
FC01FE03
04FCFB01
00EFFAF7
FE0BEE05
FD000602
05F9FC00
FFF0FAE8
02F902FD
FFFFFAFD
FBFB02FF
00FE0003
00FD0003
00FFFF01
030402FD
000203FE
0004FB03
FD000500
FAFE0100
0100FFFB
03030303
FDFFFF02
FF070101
FF070A01
FE05F508
FC010A04
00FEFEFF
01FD01FB
04FF0303
0101FCFD
FAFF04FF
FF0001FF
03020000
FF00FB00
FD0401FF
FF0307FF
FE03FCFC
FE000302
E106FB00
00060902
0203F602
00000103
FA090300
FF020B03
0108050B
FE000802
01FDFF01
FF00FFFA
FE00FF01
FF00FEFD
FEFDFBFF
FFFDFE02
FF010001
FF0000FD
00020001
01020401
050AFCF8
FD0000FE
0300F9FE
010502FE
FB08FD02
FE000301
F906F9FF
00050501
FAFF0305
FE010400
0301FC01
00010206
FD08FA04
FFFF0001
FDFEFF00
FFFF0101
01F9FB07
FF01FFFE
FA0202FF
01020001
01FFFDFD
00FFFBFD
0002FEFE
FEFE01FD
FEFB0001
FE0000FB
01FF0100
00010000
FDFFFCFF
FEFFFBF8
00FCFFFF
00020100
0004FE05
FEFF0303
F8FF0001
FFFD05FE
FFFC00F8
FF0100FE
03FE01FF
00FFFA00
00030000
FFFFFFFF
000605FF
01030201
02FDFE01
FF00FE07
FB05FD01
00010900
05FEF900
FE00FAFF
FD0303FF
FEFFFFFD
04020001
FF00FF02
FE00FC00
FF00FFFD
FE0500FC
00000400
0103FEFF
FFFF02F9
0009FF03
FDFF0004
FF02FF00
FFFE05FE
FE0F0302
FEFF0403
08000301
FFFE00FD
03090201
FFFF0405
00040300
FE0202FF
0300FFFD
FE000201
040300FF
000105FC
01070300
FD000603
030302FF
00030101
FA060403
010001FF
030D00FE
FF0103FD
00020004
FFFF0606
FFFE00FF
01FB02FF
FEFE01FE
FD0000FF
0202FFFE
00020302
010201FF
FE00FEFF
000001FF
00000001
020100FD
FCFFFDFF
FFFF01FF
FFFEFF00
00090A00
FF00FDF7
020BF001
FF06FBFC
050501FD
FE000102
04060100
0001FF01
0103FE00
FF0000FF
0000FF00
00010201
060EFCFE
FEFF090A
FE0506FE
00010302
02FC02FE
0100FDFC
0401FBFF
00FEFAFD
FD040100
010002FE
0302FCFF
00FE00FE
00060001
FDFFFFFE
02020201
FF020402
030BFCFB
FF0007FE
FB0D0200
01000CF9
01FF00FC
FD0002FF
04010400
FF0002FF
0805FF01
FEFF0708
FE010401
FF030300
FF05FFFE
FE000707
FC01FF01
00FF02FE
FF0B00FF
FF00FEFE
03FF0500
FF00FDFC
FC08FF08
00FF0E03
FD0E0401
FF0002F9
FBFD02F9
FD01FAF5
00FEFC01
FFFCFEFE
000102FF
FD01FF00
00020200
00010500
01FFFEFD
FDFFFF05
FEFF01FF
FF000202
07FB05F4
FF00FBFD
F90100FE
FF02FEF6
FE0403FE
FF000201
FF0403FF
01010701
00FF01FB
FF00FCFC
020002FF
FFFFFDFE
FF0703FB
FDFF090A
000602FF
FE040B01
02FEFB01
01FF0107
04FD02FF
0000FD05
0101FF04
FF000300
08FA0301
00FBFFFD
0200FEFC
FE0101FD
02020400
01040500
FC150503
FEFF100C
0C08FF00
00070703
FC0204FD
FE010407
0205FE00
00070901
000004F9
FF0100F9
020204FF
FF040702
01FBFCFD
FE000903
FD02FFFF
00040400
F7080305
FFFF03FE
0703FC00
00FD02FD
0D1BFB08
FE001414
FE0EFCFF
FF0511F5
F9F9FDF9
FE00FBF3
FDFAFC00
00FFFDFF
02020201
FD010100
FF0101FF
00010400
FC06FBFD
FEFF0707
FC0601FF
FF060C00
09FBFCF5
0001F6FA
EDF705FE
00F9F4F9
0A0C02FA
FDFF0704
FD0701FF
FF0C0901
00FF01FD
FFFFFCFE
010105FF
00000200
FB1F07FB
FFFF0804
FD0EFFFF
FF0B1002
0303FF02
FF01FDFD
04FF0400
FFFC01FF
0100FC03
FF01FDF9
01020101
00030300
F90501FA
FD0102FC
05FDF600
FFFCFEF9
00FAF906
FF000905
10FA03FE
00F8FBFF
FDFD0204
FEFF0405
09FD0000
00FCFFFD
F80103FA
FE010D04
FDFDF501
FF030407
E51300FB
FD010701
F602E100
FF020403
02FB0406
02FF0000
0DFE04FE
FF02FCFB
0103FD00
00000306
000102FF
FF0601FB
FEF803FC
FD00F9F2
FBF9F8FF
FEFDFA01
FF080200
FEFF01FE
FE02FBFF
000004FE
F30D0104
FE010909
F604E8FF
000307FF
06FBFCFB
0001F0F5
EFFD03FF
00F9FDFB
04FD0302
00010805
0D0404FF
010005FE
051602F9
FF010504
FC080801
00080C06
FD050D02
FF01060A
FF03FEFF
FE040900
0102FEFF
01000403
040B03FF
FF000FFC
030401FE
0001FDFF
FFFE0000
0101FC03
FD08FD03
FEFF0200
FFFFFE00
01FC02FD
0101FE01
FF00FFFA
08000200
FF0401FD
04020303
FCFF03FD
010201FF
0100FFFE
0209F805
FCFF0002
FFFDFB00
FFFD0001
FD0A0001
FFFF0701
FDFFFA00
FFFE00FB
FB00FE00
0000FBFC
0B020101
01010001
FEFBF702
00010002
040102FF
FF0103FF
04F904F9
FD0004FC
FCFAFEFF
FFFBFCFF
000601FF
FE000100
FF00FD00
FFFF01FE
050D0506
FC010604
0003FF01
01070A06
06FD00FE
0000F6FA
F8FD09FF
01FAFCF8
04030103
FFFFFE02
0B0104FE
FF0004FC
04060601
FEFF0101
04FEFF00
0103FE00
020C0302
FF000204
FF0501FF
00030700
FB05FD03
FC000603
F701FC00
0104FF04
FF020300
00010102
0400FEFF
0101FF01
010401FF
FF00FCFC
FF020300
00040505
00FF01FF
FEFF0101
050004FE
FF00FE00
00FC0402
FEFFFB01
00FBFE00
FF00FE02
FF040204
FD000100
0100FFFF
00020004
FFFFFE03
FEFFFF00
FFFFFF01
FE04FF02
FCFAFF03
01FFFBFB
01FEFD01
FF00FBFF
FAFB01FB
FF01FBFE
0100FDFF
00F9FFFC
03FB0400
FD00FF01
00FB0200
FF02FC00
02020100
FE00FFFC
FEFBFE01
01FFFDFE
02FE0405
FD01FA04
020300FF
00040402
FCF9FEFC
FDFFFCFD
01F90301
FFF9F7FC
01040304
FF0003FC
07040100
FE050600
FB07F900
FEFFF7FE
00FCFC01
FFFFFD02
0004FD03
FFFF0102
020A0200
00040401
00040001
FE000101
01FF00FF
FEFFFFFF
FBFDFFFF
FF01FCFF
FF02FB00
05FF00FF
031004FF
00000501
FFFC0800
00FFF6FF
FEFDFEFF
01FF03FE
0001FD01
00FF05FF
070300FE
00FEFD00
000A0A00
0600FCFF
03FE0001
FF010401
FE090700
080000FF
0802FB00
FFFF03FF
FF070BFF
0400FA01
FEFD00FE
00FFFFFF
FD01FF01
FE000801
FE00FE00
00FFFFFF
FF030000
010003FF
000203FF
000003FF
00010200
FF0102FF
F80803FF
FF00EEFF
FEF8FCFF
FA00FEFF
0603FB00
00FFFDFE
00030901
03FEF7FF
FAFCFC01
01FFFDFF
00FF0400
FF0009FF
FFFAFB00
FFFF0100
000302FF
FF0007FF
FDEF0501
FFFFFC01
0001F201
00010A00
040B02FF
0000FBFF
00F907FF
FC010201
FE050600
00FFFD00
FF03FC01
FC0106FF
00F5F700
0100F800
00FB0000
06FF00FF
06060100
01010000
FF00FD00
0400FC01
FDFEFEFF
FF00FCFE
00FEFFFF
03FF0601
FF07FE00
FEFE05FF
FE080300
02FE0000
01030301
FFFF0200
FF0202FF
01FEFDFF
FC05FB00
000003FF
FE02F6FF
03FE0BFF
FF010200
000002FE
FEFF0201
000002FF
FD03FDFF
0000FBFE
00FE0000
FC01FDFF
04020300
0100F500
00F80BFF
FB00F6FE
FA06F9FE
FFFEFD00
01FEFC00
FA0001FF
F100F7FF
01FF07FE
000CF500
07FF05FF
FD01FC00
FF0003FF
FF04FEFF
03000000
FFFCFA01
FFFEFB00
FEFD02FF
FF00FDFF
00FE02FF
00FFFC00
0008F6FF
06000300
FC0DFC00
000105FE
010708FF
07FEF9FF
06000601
FFFFFD01
FF08FE00
0500FF00
FDF3F601
FF00FF00
FEFBFDFF
060001FF
FF080200
FE000CFF
010CF400
0CFF0100
FFFE01FF
FF00FD00
01FB0100
F7FFFF01
FC06FFFE
FE000300
FF0BFCFF
06FFFD00
00040100
00FF05FF
FE06FBFE
04FF00FF
F3FE0100
01FE05FF
0005FAFF
09000700
FD02FF00
00FFFEFF
FFFE0601
FEFF0200
FF050000
FFFEFF00
FF020601
F600FDFF
010001FE
00FF0B00
FF07F001
0C000500
F804FEFF
00FE0100
FE00FC00
FDFF02FF
F601F8FE
00FF02FF
0008F7FE
040000FE
FE07FD00
FFFF00FF
00FA0301
FAFF0000
00020400
00FFFA00
FFF805FF
F0000201
050A0200
01FF02FE
00FFFE01
0001FA01
F508F500
00010801
0005FAFF
0FFF04FE
020102FF
00FF0400
FF05FEFF
F7FF0001
F8F30300
01FFFF00
010DECFF
0BFF0001
FB000101
00FF07FF
FF05F700
FDFE0500
02FCFF00
010102FF
00F60001
FE01FBFF
FD0400FF
FEFD01FF
000A00FE
0700FD00
FE0201FE
00FFFE01
FF0602FF
0300FE00
FCFBFFFF
01FF0701
010DFDFF
10FFFF00
FBFBFAFF
FFFF03FF
00FD0600
0000FE00
FD03FEFF
00FFFEFE
00FF0B00
F7FF02FF
FFFBFAFF
00FE02FF
FF02F4FF
04FF05FF
F9FBFDFE
00FEFD01
FFFC04FE
02FFFE00
F60101FF
FFFEF301
FF0603FF
01FFFC00
0300FA01
00FF0200
01FB0500
FF0006FF
02000501
FFFFFFFE
FFF304FF
FA01FD00
FCF90000
0001FEFF
0006FB01
04FFF7FF
EFFAEFFF
FF00FDFE
FF01F701
06000100
010C0400
00000600
FF000200
FB001701
0001FD00
0000FA00
01FFFE00
F4FF00FF
FAFC0200
0000F901
FF07FF00
0300FDFF
01FBFC01
FFFF0000
00FEFF00
FE010300
02FF01FE
FFFFFF00
FF0404FF
0200FFFE
FFFF04FF
FFFEFC00
FF0705FF
00FEFDFF
FE00FBFE
FF01FAFE
01F8FDFF
0001FE01
FFFEFBFF
FFFFFF00
01020100
00FF01FF
FF06FF00
FF010001
0103FEFF
F4FFFE00
FF00FAFF
00FEF9FF
FF03FEFF
02000300
FCFBFEFF
FEFDFFFF
0003FD00
03FEFF00
010502FF
010002FE
00FF0101
00FFF801
0101FDFF
01FFFC00
00FF0101
FCFF0401
FFFF00FF
FF0001FF
FFFB04FF
FF0008FF
0503FF01
00FF0100
0000FC02
000006FF
E8F5EBFE
00FF01FF
FF03F8FE
060004FF
FBF90801
01FF0800
FF070101
09001900
0002FFFF
FF00FE01
01010001
FE00FDFF
0700F9FF
00FF01FF
010A08FF
0700FE01
FF060500
00010001
0000FD00
FE0103FF
030102FF
FEFF0300
FE0906FF
05FFFE00
01030201
FFFE0001
FE050600
01FFFFFE
050208FF
00000100
010205FF
00FFF901
00FB0000
FF0004FF
FE0301FF
03FF0901
FBFC0000
01FF07FF
0004FDFF
06010400
01FF0000
FFFF01FF
FF0403FF
00FEFE00
FC04F600
FEFD0001
FE0501FF
FFFE07FF
FE040200
010002FF
01030600
01000301
FEFB0200
00000000
00020201
FF000401
00FD0200
FFFF01FE
FE020000
020007FE
FF0000FF
FFFF0100
FFFEFEFF
FFFF00FF
03FAFDFF
0001FD00
0104F9FF
FEFF07FF
FAFF0401
01FF0501
000305FF
01000B01
FC000000
00FF0300
010402FF
00FF0000
0106FF01
FF0003FF
FEFFFE01
FFFFFA01
FDFFFE00
FF0004FF
0000FB00
02FF0300
0004FF00
FF0006FE
FF0707FF
070108FF
00070501
00FFFFFF
FF010100
FEFF0100
FE0202FE
00000200
00030600
00FF00FE
01FD02FF
FF000500
FEFFFE01
000006FE
FD000200
FFFF00FF
0001FF01
FF00FEFF
010104FF
FF000300
00FF01FF
02010200
F700EB00
FEFE0A01
0102FCFF
01000BFF
FE020200
00FE0400
FFFE0500
FBFFFB00
FF02FF00
01FF0700
FF03FDFF
0700FE01
FF030301
FFFFFDFF
FF0000FF
FF000001
FDFDFCFF
01FF0001
FFF4FB00
FD00FF01
040203FF
0101FCFE
00020200
0100FAFF
FBFFFE00
0001FC01
0000F401
FE001301
0202FA00
FF01FEFE
FEFEEF01
FD0007FE
0309FA00
FF01F100
01FF0400
FAFEFA00
00FEFEFF
00FFFDFF
FE00FF01
FB000000
FC0803FF
FEFF0200
FEFE05FF
01FE0200
FF05FEFF
01FF0200
01F802FF
FBFF04FF
FC06FDFF
010003FE
00FDF700
010006FF
03FE0100
01000000
0000FE00
00000100
04FE0100
01FFFB01
FE03FFFF
FF0000FF
0900FCFF
0100ECFE
FF040500
03FFF4FF
EC01F3FF
00FE0600
FEFA00FF
FCFF0CFE
F700FEFF
01FF03FF
00FCF7FF
FDFF0BFF
FDFCF900
00FF0700
FF030201
01FF0501
04020001
01FFF500
FF020300
FCFFFC00
FAFAFBFF
00FF04FF
00FDFAFF
0600FE01
F610F300
00FF0500
FF010AFE
05FE03FE
020D0201
01FFF8FF
FF050300
0200F301
FD00FAFF
FF0002FF
FE01FF01
02FE06FE
FFF5FAFF
00020B01
0105F002
06FE0800
06020001
FFFFF500
FFF80200
F700FC00
FC03FEFF
0000FFFF
FEFEFCFF
FF00FEFF
0405FDFF
FF010800
00EB03FE
F9FF0100
FFFBF700
01FFFD00
00FFFB01
01FF02FE
05FD0201
FEFFF400
00FB0500
F700FCFF
0D000A00
FF01F500
01F70F00
F300F7FE
FCF6F6FE
00020CFE
01FEE901
07FF0DFF
FCFDF5FF
FFFF04FF
FFFAF800
FE0002FE
FDFCFFFE
FFFEFF00
00FDF8FF
FD000400
01FBFE00
0000F801
00010200
01FFFC00
0D0605FF
0101EF00
FFFC0901
F3FFFBFF
03FA0200
00FFF200
01FB0000
FF000100
FCF7F200
FFFF04FE
FFF50601
FBFF0801
FE0B0300
FF00FA01
010100FF
FF01EEFF
F2F9EB01
0000F600
0004F900
0801FA00
01FCFAFF
00FFFFFF
0000F6FF
02FE0800
06030901
000107FF
FFF80200
FF01FD00
01FE00FF
00FFFC00
FEFAFD00
F9FFFD00
06FEF700
FF00FDFE
FEEF0201
F9FE07FE
FEF8EFFF
FE00EF01
FF00FDFF
0000F801
0B0706FF
FFFFFEFF
FFF70400
02FFF700
000C0E00
FF0001FF
FFFEFF01
0701FC01
03E7F600
FF0000FE
00FDEDFF
01FF0600
01F9F4FF
FFFEF900
FFFA04FE
F9FEF900
FF0000FF
00FFDE01
00FB03FF
F600F600
02080B01
FFFF0500
01FD08FF
0001FA00
05090B00
FF010400
FFFE06FF
0300F9FF
FDFF0501
0000F900
00F5FA00
F000F800
06F9F800
00FEFF01
00F1FAFF
F30003FF
F90A1101
FF0100FF
FFFAFDFF
FA010801
FF0500FF
FF01FC00
000600FF
0300FB01
FD03FCFE
FFFF00FF
FE00FFFE
02FE09FE
00FCFE01
00FE00FF
FFFFFE00
FFFF04FF
000207FF
00FF0300
FFF807FF
FCFE01FF
02FBFE01
FFFF0300
00FB06FE
FEFE0CFF
0300FA00
000002FE
FF01FF01
06FF04FF
04000100
FF0001FF
00010701
05FF0401
03110400
000003FF
FF000000
09FF02FF
02FEFAFE
00FEFD01
00000101
FEFF01FF
FEF7F700
00FF04FE
00F8FC00
F10000FE
030904FE
00FE01FE
FFFD0400
0200FB00
03FFFCFF
FF01FDFE
00FFFF01
FD010301
FE07FAFF
FFFF0100
000AFC00
020000FF
FDFFFB00
FFFF01FF
0102FE00
05FF0200
01FDF8FF
FFFF02FE
FFF306FF
F900FFFE
FEFAFE01
FF000001
000200FF
FE002300
FEFFFA00
000002FF
FF03FFFF
02FF0000
FF04F4FF
01FD06FE
00060200
04FF0000
FE070300
FF01FE00
FF0200FF
00FF0D00
FF000100
FE0005FF
FF0102FF
01FE00FF
FF090100
000000FF
FEFE0500
FFFF00FF
010803FF
FF0002FE
FF04FF00
010003FF
FE02FFFF
00000300
0102FFFF
010006FF
FB0502FF
FFFF0201
0104FE00
0BFF04FF
02030000
FEFE01FF
FF040401
01FE0100
FEFB0800
FF000000
FFFA08FE
FC0008FF
FC070200
FFFF0401
FF040100
04010300
020001FF
FF00FEFF
00000200
010005FF
01FDFEFF
FF0000FF
FE05FDFF
010005FF
FE0202FF
FFFFFDFF
00020200
FD00FDFE
F80204FF
00FF01FF
01FF0100
010101FF
FCFB0801
FF010700
01FDFCFF
FDFF0AFF
FB030700
FF01FDFF
FFFAFFFF
F7FFFE00
01040B01
00000100
00FE0100
FD00F8FF
01000100
FFFF0400
FF00FC00
02FF0101
000AFAFF
FF00FCFE
FF0F0801
10FF01FF
030A01FF
00010000
FE0C06FF
0600F9FF
FD0104FF
00FFFFFF
FE030700
030001FE
01FF0200
FFFF0201
0001FDFF
FF0102FF
00030400
FF000201
FEFFFFFF
FE0102FF
060707FF
FF0002FF
FFFD01FF
FE01FD00
EF030000
00FFFB00
FEF8FFFF
F80005FE
F8020000
FFFFFB00
FE000501
0300FD00
0000F901
01FEFB00
FF020100
02000000
FE02FFFF
0100FF00
FFFE0400
FD01FA01
010AFF00
00010400
FEFBFF00
01FFF8FF
0101F7FF
FF000900
FF0304FE
03000200
FDF703FF
01FFF500
00F3F5FF
FB000D01
FD03FEFF
00010000
FFFAF201
F80006FE
0806F400
FF00F9FF
00090200
0200FB01
0300FDFF
0000F9FF
0004FFFF
0101FBFF
000401FE
FE00FFFF
FE0902FF
0700FC00
0509FE01
00FFFCFF
FF0201FF
02FFF900
01020000
FF000000
00FFF901
FFFE0500
FF00FD00
0001FDFF
FFFD0000
FAFF00FF
FE03FEFE
00FFF700
00050000
05FFFA00
06FFF4FF
FF00F5FF
FF0102FF
FF00FDFF
04020000
FF00FDFF
FEFFF6FF
FBFF0500
00020600
FF0100FF
FE03FA00
000006FF
00F8F701
00FFFEFF
FF02FE01
0401FAFF
FD0702FF
0100F5FF
FF06FF00
0301F4FF
0003FA00
FF00F600
00FF0000
0201FA01
F8FCF8FF
0000FF00
00F90500
FFFE0001
030F0401
0100F500
FFFBFD00
0001F101
00040201
FEFF02FE
FEFEFEFF
FCFE02FE
FD020300
000007FF
FFFD0101
FB000AFE
FF05FDFF
0000F800
FF0406FF
0401FAFF
01F802FE
01FEFC01
FE0A01FF
0300F8FF
0A1209FF
0000FDFF
01FD04FF
FA00F400
01FD02FE
0100F800
FFFDFEFF
FC00FBFE
03F3FE01
0000F5FF
FFFB01FF
F8FFFD00
F60F01FF
00FFFEFF
FF1413FF
12FFF700
00FB0501
FF020900
00FFF7FF
01FF0900
0500FEFF
FF00FA00
FE0005FF
F800FB00
030206FF
FF00FB00
00000000
FDFFFBFF
0100F601
FF00FAFE
FF040001
0200FA01
F604FF00
FF00F7FF
01010001
FD01F700
03FCF9FF
0100F1FF
FFF8FD00
F000F900
05F30000
0001FD01
FEFC01FE
FCFE0000
FF060701
000008FF
000104FF
0001E9FF
0302FCFF
FFFFFB00
00FBFB01
FBFFF800
03000300
FFFEFDFF
FFFCF6FF
FCFE0100
F5FD0200
01FF05FF
FF02F000
06010501
03040600
FFFFFE00
FE0904FE
02FFFEFE
0AFF0BFF
000102FF
FE05FCFF
03FFFEFF
0100FC00
0000F700
FFFAFC00
F700FB00
020301FF
000102FF
000205FF
02FFFAFF
F90901FF
01000D00
0105E9FF
06FF0C00
06EF0200
01FF0000
FFFFE8FF
01FF03FF
05040000
FFFEF001
FFFA02FE
F2FFF8FE
03070400
FF00F801
FF01FFFF
FD01F6FF
FD0E05FF
FF0002FF
010004FF
01000101
F91106FF
000007FF
FF03F7FF
0A01F900
06100BFF
0000F200
FFF80700
F8FFFD00
080A09FF
00FFF3FF
00F901FE
F6FEFD00
F80715FF
00FF1201
00FCFD00
03FF0CFF
FFFE0000
00010100
00FE05FF
FF00FF00
0202FFFF
0100FE01
FF0003FE
02FFFA00
01F90001
0100FB00
00FCFD01
FC010AFF
01FE0BFF
010004FF
FF05FEFF
06FF02FE
05FE07FF
FF0104FF
FFFB08FF
FE000B00
01FDF7FE
FEFEFFFE
0104F901
02FF09FF
0207FE00
010103FF
010302FF
01FF0300
03FCFBFE
0000FDFE
FFFDF400
FE000500
03FF02FF
FFFE0201
FEFF0000
00FFFD00
0201F9FE
00FD02FF
FFF902FF
03FF0100
010602FF
01FF02FE
01040800
04FF0001
00F50000
FF01FE01
0003F401
00FF0CFF
F7FE01FF
01FF02FE
0003F301
04FF0701
02F7FFFE
FFFFFFFF
00FEF8FF
010105FF
04070BFE
FFFF00FF
FFFE0300
FFFF01FF
02020400
00000500
010207FF
00FF11FF
00FF0000
0000FEFE
FF00FD01
FE010200
FF0104FF
00FEFFFF
FF00FFFF
01FFFDFE
FC040201
FF00FBFF
FF0104FF
FC010B00
00FC07FF
FFFE0300
FEFFFA00
00FFFD00
FF030501
01FE00FE
00050000
04FE00FF
00020200
FF00FCFF
00FE02FF
FC010100
01FEFCFF
0000FF00
FF01F801
010002FF
03F60001
0001FF00
00FEF800
00FF0200
01000500
00FF03FF
FE010200
01FFFFFE
FFF3FFFE
FF010000
FE050200
06FF0800
0102FE00
0101FD00
FFFA0101
FFFF0100
FEFEFD01
FF01FB00
00020401
FF0001FE
FEFAFD01
010001FF
0002F800
020005FF
FFFBFF00
00FFFE00
FF000000
FF00FF00
FB0108FE
01000600
0102FEFF
01FE0200
FB12FF01
00000A00
00FC0CFF
F9010CFF
F904FF00
00FFFB00
FF020101
FFFF00FF
FFFEFE01
FFFFFC00
00FEFFFF
FD01FB00
00F702FF
000000FE
01FEFE00
FF00FB01
0604FF01
FEFE02FE
FF0A0501
08010500
03050000
FFFF0800
FF070100
010001FF
00010201
0101FD00
000507FE
05000000
03000AFF
010107FE
FFFEFF00
FFFE0200
02030801
01FF0300
FFFCFF01
FD010101
01010200
FF0006FF
00FEFF00
FF010100
FC030A00
FFFF03FF
FE02FBFE
03FF03FE
F801FC00
01FF0400
FE0802FF
05000300
FAEF08FF
0000F301
FFF3F100
F7011100
00050700
FF010200
FEFEFD00
FFFF0501
FFF1FDFF
01000100
00FDFFFF
0201FD01
FB01FE00
FFFFF8FF
FE020101
03FFFFFE
02FCFE00
00FFFC00
01FFFF01
FE000E00
FE000700
FF00FEFF
00FDEB02
010109FF
0305FDFF
00000B00
00FFF800
03000700
01030401
0001FAFF
0000FC00
FE010100
0107FCFE
00FE03FE
00050300
00FF0000
FD04FEFE
00000C00
FEFFFFFF
050106FF
FF0C0500
0101FE00
00FC0101
FD000200
01F70200
FF0102FF
0105FFFF
0701FF00
010102FF
FF00FD00
00FE0000
FF00FC00
0601FEFE
01000200
00FCFFFF
000002FE
FEFC0500
0100FC01
000AFD00
09FF0000
F70C0500
0000FBFE
00F6F901
FA010700
031005FF
0100F9FF
00F90500
F7FFF201
02090600
010003FF
0000FA01
03FFFBFF
FEFF01FF
00FF0200
FF00FBFF
04FFFBFF
03F90801
00FF0500
FE00F600
00FF05FF
030A06FF
0101FE00
FFFEFC00
FFFFFEFF
FDFB0601
0000FCFF
FFFEFCFF
0200FB00
02F20200
FF01FDFF
00FDF602
FCFF0D00
01FCF500
01FF06FE
0102FFFF
08FF03FF
0104FBFF
FFFE0500
01030101
02010501
FAFDEA00
FF0001FF
FE01FF00
03010000
010405FF
FE00FCFE
0001FEFF
FE00FB01
01FBFD00
0001FDFF
FF070101
07000201
FA00F6FF
FF010300
0000FF00
04000600
05000A00
01000800
FFFBF901
FBFF0500
FF0407FF
0001FA00
FEFF0400
0800F6FF
FDF90200
01FFFBFF
00F8FC01
F6010000
FA020501
FFFE0000
00F20100
F800F900
01FDFF00
FF0004FF
FF01FCFF
0401FCFF
04FA01FF
00FFFF01
00FFFCFF
FF000101
FC020B00
FF00FFFF
FF00FD00
FBFF0000
020FFA00
01010701
01FD0001
FEFFFE01
FC0002FF
FFFF0601
00FBFE00
0200FB01
FDFAFEFF
FFFFFDFF
FF0C0800
0A0001FF
F400FA01
01000200
00FDF3FF
01FF06FF
F702F6FF
00FF0200
000104FF
05010A00
F5F3F0FF
00FFFF00
00FAF600
F5FF02FF
00FF00FF
01000FFF
FF050001
03FF00FF
02F7F900
FFFF0000
FF090200
06FF05FF
06FA0301
000007FE
FF01F8FF
FEFF0C00
08F905FF
FEFFFFFF
0003F600
FCFF04FE
010508FF
FF000BFF
FEFF00FF
0800FE00
FAFD0000
00FE0301
FFF5FD01
F9000001
01051100
01FFFDFF
00FC0300
FBFF0700
00F9F701
FFFF05FE
FF0500FF
02000600
FB03FF00
00FF0300
FFFEFC00
00FF0600
040A0BFE
01FF07FF
00FD0500
FA00FCFE
0801F8FF
00FF02FF
00090001
01FF0A01
02FAFB00
FF000201
000002FF
000005FF
FD01FE01
FE000800
FF07FB02
0FFFFF00
050602FF
00FFFB00
FFFFFFFF
FA0105FF
01FDF8FF
FFFE00FF
0103FE01
04FF05FF
FB01FE00
01010501
00FFFEFF
FE010100
01F1F7FE
0100FFFE
01FEF2FF
FA010500
03F2FF00
000003FF
FF03FE00
010009FF
040A0000
0001FF00
FF03FC01
02FF0300
05050300
00000101
FF040100
03FFFEFF
06F603FF
000102FF
00FE03FF
FFFF0DFF
FCFAF601
010001FF
01FD0000
000001FF
05FF0200
0000FDFF
FFF9FC01
F70004FF
03FF0700
0001FBFE
FFFAFC01
F9010500
03090101
FFFFFCFF
00000000
FC0004FF
0500FDFF
00FF0300
00FDFEFF
01FF00FF
08FBF600
FF00F900
0104F900
FA01FD00
01FDFF01
00FFFFFF
00FEFE00
FE0001FF
000105FF
FEFFFC00
000201FF
FFFFFFFF
01060201
01FFFCFF
00F706FF
F6000801
0002FE00
FEFF02FF
FE05FF00
060004FF
FFFFFFFF
000007FF
FE00FF00
020104FE
01080801
0100FBFF
FEF60501
F5000000
06FD0100
000101FF
FE010000
FF000301
06FDFFFF
FFFF0900
FE05FFFF
06000700
02010700
FEFE04FF
FE0403FF
0500FB00
FFFDFB00
0000FAFF
FFFFF900
FA000600
00020100
FFFFFE00
FEFB01FF
FD0001FE
010300FF
00FFFEFF
FEFD0400
FCFF0200
02000600
FF000100
FFF8F900
FA0004FF
00FD0301
00FFFD00
FF0004FF
FD010200
FF070701
00000900
0001FFFF
00000000
FA00F601
0000FA01
FFFFF600
F8010001
05FFFF01
0100FA00
FFFF0201
FA00FA00
01FBFE00
00010001
FF00FD01
00010400
00FBFB00
FFFFFF00
00FEFDFF
00FF0200
FEFDFF00
00FFFF00
FD010100
FFFE0101
01FD0101
FEFF02FF
FF0000FF
00000A01
FFFB0200
FFFF0500
FE030200
04FF0801
01FF0400
FE0005FF
FE040100
05000800
FEFDFC00
FF00F601
01F4F501
F7011000
FEFAFD00
FFFEFEFF
00FFFE00
FEFF0CFF
010503FF
00FFFE00
FEFF07FF
0100FAFF
FB000200
00FE04FF
FE0000FE
01000400
FC01FF00
01FF0100
00FEFDFF
FFFF0400
FEFA0000
01FF02FF
FF010101
01000601
060202FF
01000000
00FB0302
FF0105FF
03FEFD00
00FFFC00
FD05FF00
00010101
F301F4FF
000003FF
FF0601FF
02FF0000
01040000
FF010101
010002FF
FFFFF801
00FC0100
000100FE
00FEFEFF
FCFF06FF
FE0501FF
FFFFFD00
FFFEFEFF
FE00FD01
FFFDFE01
FF01FB00
FEFA0200
F700FFFF
FE040200
FFFFFDFF
FFFEFDFF
FBFF06FF
FF010000
FF00FF00
FFFC0100
00FF0300
FE0103FE
FE000200
FE02FAFF
03FF0200
02F709FF
FFFF04FF
0004F700
05000800
00F8FCFF
0101FD01
FFFE01FF
F8010401
FFFCEC01
FF0005FE
00FF0A01
02000B01
FBFBFD00
FFFE01FF
FE00FF00
01010800
F20CFAFE
FFFFFDFF
FEFCF801
FA0002FF
0AFF00FF
00FFF600
FEF809FF
F3FEFC00
050108FF
FE00FA00
00FCFD01
F9000A00
060402FE
FFFF0700
000104FF
FFFF02FF
F7FFF6FE
FEFE0501
0004F2FE
02000F00
04000200
FFFF05FF
01010500
FF00FBFF
00FF0401
01FF0100
01F80401
F901FE00
0309FDFF
00FE0101
FFFB0001
FEFF0300
010903FF
00FFFDFF
00E60601
E501FC01
02010300
FF00FDFE
01F70300
F2010100
FEFDFE00
FFFFFD00
FFEF03FF
F4FF0300
03FAFFFF
FFFF0200
FF0400FF
0400FFFF
FBEE0DFF
FF021A00
0104F5FF
070029FE
010503FF
00FEFCFF
00F20900
F4FF0900
03F7FB00
00010300
FFFCFB01
02FF1200
FFFF0100
FFFFFB00
FFF50101
F00106FF
F002FAFF
0001F8FF
FFFAFB00
FE00FDFE
080106FF
000103FF
FF08FAFF
0E000300
02FA0200
FEFF0200
00FDD900
FE001300
F9080400
FEFF0700
FE07FE00
00FFFDFF
F80305FF
01FE0A01
FE0AF000
0BFE0400
01FF00FF
FF00FF00
00FEFBFF
F9FFFD00
0100FF00
00000200
01F80300
FD01FE00
FD0101FF
000001FF
000207FF
FA010300
FE04FC00
00FE0300
00F70601
FF000001
FFFE00FF
00FFFE00
FFF60400
F600FB00
FFFE01FF
FF010000
FFEE07FF
F9FFFD01
03FB03FE
FF000200
000504FE
050000FF
06E603FE
0000FFFF
FFFDF001
05FE1CFE
FFFD0201
0100FF00
00FF06FF
00010401
02F1FD01
000008FE
FFF804FF
00000DFF
010200FF
01010101
00F205FF
000001FF
F5FF0400
00FEFEFF
FFFDFEFF
03FEFEFF
FFFD0301
00000100
FF04F801
04000300
08FF07FF
00FE0000
FFFFF400
FB000BFF
FA0404FE
FFFE0400
000400FF
00FEFFFE
FE0306FF
00FE0AFF
FE0FFCFF
10010301
0103FDFF
000000FF
00FD0601
0100F901
FFF7FD00
FFFF0100
00FF0100
FEFF0301
0002FBFF
FFFF0600
0003FDFF
050103FF
FC0AFA00
FEFF02FF
000502FF
07010700
FE000001
00FFFFFF
00FD0202
03000800
00FD01FF
00FF0300
00FF0600
02FF0401
00FF07FF
FF000100
000506FF
07000100
01F9FA00
01FFF6FF
FF010101
04010300
030901FF
FFFFFE00
00FEFD00
02000AFF
FF00FA00
FF00F9FF
00FF0100
000003FF
010403FF
00FF03FF
FF000301
020108FF
FC0400FF
FF01F701
00FDFC00
FBFFFEFE
FC020300
FF000100
FF06FBFF
04FFFE00
010102FF
00FE0101
FFFF0100
01000200
FDF9FB00
FEFE0701
FF03FFFF
04FF02FF
FAFEFDFF
FFFF0100
01FBFDFE
FFFFFEFF
FF000101
0101FAFF
FFFD0201
FF01FDFF
00FCFE01
010000FF
FF00FEFF
0000FA01
05F2FF01
FF00FD01
FE00FAFF
040100FF
04FC0400
000102FF
FF01FC00
02FE0E01
FE030500
0001FF01
00FE0000
FE000B01
00FB0200
FFFF01FE
00020400
02FE0801
02090400
000101FE
FE040400
05FFFDFF
01000300
FFFFFE00
FF00FCFF
FDFFFBFF
01FF04FF
000107FE
FF02FE00
070007FF
FAFB0300
01000200
FFFBFDFF
FD01FB00
02FE0800
00010200
FFFEFF01
010008FF
00FFFDFF
000001FE
FFF802FE
FA00FEFF
030300FE
FEFEFC02
FE0607FE
0500FE01
FF0102FF
FFFEFD00
000002FF
FEFFFF00
FF04FDFF
FFFE0001
FF0404FF
0300FF00
03FF06FF
01000300
FF060401
0100FFFF
0007F400
0000FAFF
000305FF
FFFFF701
00FE0001
0001FFFF
00FFFFFF
FE0102FF
030304FF
00FE0100
FFFF0301
FFFF0000
FEFC00FF
FFFFFF01
0001FFFF
00FFFD00
00050700
FFFE1100
FF01FD00
FFFF07FF
01FF01FF
010102FE
FF000300
FF010000
FEFE02FF
FF010301
FEFBFFFE
02FF0CFF
FBF5F701
FE00FD01
01F2FFFF
F5010301
00FF0000
0000FEFF
FFFA01FF
FD0004FE
020C00FE
01000600
FFFE0800
FCFF0F00
FE0100FF
FF0001FF
0001FE00
020004FF
FC020000
000000FE
00FA08FE
FF0004FE
FF0301FF
00FF03FE
FFFD01FF
00FF0101
05FAFE00
0001FC00
FF0208FF
00010F00
FCFD01FF
FFFF0000
FEFFFEFF
0201FF00
F801FE00
00000201
FF0101FE
FF0001FE
F90400FF
00FFFE01
010205FF
FDFFF901
04FC01FF
FFFFFCFE
FF00FE00
FDFF0100
0206FF00
0000FC00
FF020700
FDFFFB00
02FB03FF
01FFF8FF
000000FF
0100FFFF
FF0407FE
01FF0BFF
FEFEFF00
F9FF03FF
01020101
00FFF9FE
00F904FF
F40103FF
FFFFF8FF
FF0003FE
FE03FE00
05FFF9FE
FDF9FD00
00FE0CFE
0002F3FE
09FF0100
04FF0300
FFFFF9FF
000102FF
FE00FEFF
FF00FEFF
FF010300
FFFB0700
FD010801
03FDFFFF
FFFEF900
000201FF
03000200
F40400FF
FF000600
00FBFC00
FD000700
05F80200
01FEF500
FF0201FF
FFFEFA00
FE08F6FF
FFFF0900
FF0D0400
0F010E00
FCFCFAFE
00FF0200
FEF304FF
00000CFF
0004FFFF
00FF0100
FF00F500
00010D00
02010100
0001FF01
00FB05FF
FE01F600
03000800
0000FB00
01FC07FF
FBFFFA00
02030500
01FF05FF
0001FEFF
0600FB00
101015FF
FFFFEA01
00F112FF
EDFEF401
040205FF
FFFFFA00
FF0509FF
FCFFFB00
0AFD07FF
FF01EE01
FFFB06FF
F300FAFF
06F800FF
FFFEF500
00020200
00FFF7FF
F7E4FDFF
000113FE
00FCF300
05FF31FF
100D18FF
FF00FBFF
00FC1800
F301FFFF
02F3F601
0101FC01
00FAFFFF
FB0001FF
0E0108FF
FFFFF3FF
00010D00
F400FBFF
050600FE
FEFE05FF
FFFDFBFF
01FE02FE
FDFE01FE
FE000400
0103F800
05FE05FF
F703EF00
010006FE
0000FE00
06001100
FC05FAFE
000006FF
01F3FA00
00FF0500
FEFA0000
FFFE03FF
FFFFFCFE
02FF0EFF
04FE02FF
FFFFFE01
00FCFCFF
FEFFFA01
01040601
00FF05FF
FFF907FF
FEFFFA00
06FF0700
00010500
0000FC00
050102FF
0D010CFF
00FF07FF
0107FC01
13FF0500
0D080801
FFFFFD00
FF010B00
FD01F4FF
15090A01
000003FF
FFEF1301
F3FFF901
03F3FE00
01FFFF00
FF030F00
05010200
02EA01FE
FFFE02FF
FEFEED00
020115FF
FCF60100
00FFFEFF
FFFDFE00
030003FF
FCEDFA00
00010200
FFFB0300
FBFF03FF
070205FF
00010A01
00FD09FF
08FFFE00
00FFFC00
FF00FFFF
00FFFA00
FC00FA00
F9FA00FF
00FFFF01
0003EC00
04000600
F7F7F100
00FFFC01
00FFFD01
02000A00
FC00F7FF
00FEFEFF
FEFBFC00
FCFFFFFE
F8FBF900
FEFEF900
0001F9FF
03FF0A01
0204FEFF
01010201
01FB0400
FFFFFE00
FFF9FB01
000000FF
00010200
01FF0200
07FF0200
0001FDFF
0104FD00
03FE0400
000705FF
FF000001
0006FE00
070100FF
05F105FF
010000FF
0004FBFF
040105FF
FD0000FF
FFFF00FF
0101FB00
01FF05FF
FF0102FF
FFFEFEFF
0004FDFF
04FF0200
FEFE04FE
0100F8FF
FEFD03FF
FCFE02FF
00F7F4FF
010001FF
01FCF401
05FF0400
02060001
FFFF02FF
0001FDFF
0200FD00
FEF6FDFF
000100FF
0106F600
05FF0300
FCFEFBFE
FFFEFFFE
FEFF02FF
FBFE00FF
FF010001
FFFF01FF
FE0102FE
000002FE
FFFFFDFF
FF0005FE
0005FD00
000105FF
02F6F500
FFFE01FF
00F904FF
FDFF05FE
04020101
FF00FF00
FFFBFC01
02000100
0503FE00
00FFFE01
010201FF
0000FA00
00FAFEFF
FF010200
FF01FF00
01FF0400
05060700
00010000
FEF8FF01
F4FEFAFE
00090600
00000200
FE02F7FE
FDFFFFFF
04F5FE00
00010900
FF08FFFE
05000AFE
FEF4FB00
0000FEFE
0003F900
02000501
060004FF
0100FF00
FF04FEFF
0AFFFD00
000301FF
FFFE01FE
00FFFE01
0001FC01
FEF8F6FF
FF00FEFF
FF08FCFF
0B010400
0402EF00
FF0001FF
0008FC00
0EFF01FE
FEF9FD01
01FF0100
FF05FEFE
080008FF
0201FD01
FF010100
FE0002FF
FD00F9FE
FD0200FF
00FEFD00
FE030600
04FFFD00
FC0101FF
01FFFFFF
FE0005FF
FAFF0C00
FE0103FE
00FEFFFF
FDFF03FF
00FF02FF
FDFFF500
01FF0000
000601FF
0600FF00
F903F801
FF0003FF
FF03FBFE
03FFFEFF
020000FF
0001FF00
FF00FD00
FD00FC01
03FE04FE
00FF05FF
0002FF00
00FF04FF
01FE0001
000004FF
FFFE0001
02FFFD00
00010900
FF001200
FEFFFF01
00FF09FF
03020301
000004FE
FEFF0100
FEFFFD00
FDFB01FE
FF02FE00
FFFAFB00
010108FF
FD07FDFF
FF00FB00
00F8FCFF
F3000101
0300FEFF
00FF0000
00FB0200
FB010000
04F40400
000006FF
FE06F8FF
06FF0E00
02020500
FFFE00FF
FEFEFF01
FF000701
FA05FE00
0100F1FE
FFFD0BFF
F9FEF8FF
000402FF
FFFF0200
FEFF0000
01FF00FF
03000701
01011000
0104FD00
060126FF
02020401
00FE08FF
FFFC0100
0200FDFF
F80304FF
FFFFFCFF
FE0203FF
00FFFE00
FD07FE00
00FF0200
000304FE
0301FBFF
03FE0100
FF00FDFF
00FFFEFF
FF01FC00
FCFCFDFF
0001FC00
FF01FC01
FF01F9FF
FE01FE01
0101F5FE
0102FFFF
0101FB01
FE0809FF
FFFF0500
01FBFE00
0100FF00
040201FF
FF00FA01
FF0002FF
FEFF0100
02FB02FE
0000FAFF
FEF9FEFF
FB00FAFF
00F80000
010006FF
0001F6FF
010008FE
03FF03FE
0101FF00
000200FF
0301FF00
02FE02FF
FFFFFC01
01F80001
FEFE0800
FFFFFE00
0100FEFF
00040200
06010101
FBFF09FF
FE010200
FFFE00FF
FA0001FF
FFFDF8FF
FF010000
FE02FE01
0400FD00
FE0001FF
FFFF0301
FE01F801
FD000EFF
00F4FCFF
FE00F800
00FFFBFF
FE00FFFF
FEFF0001
FFFFFD00
FDFFFC01
FFFF0BFF
FE04FE00
010002FF
FFFFFFFF
0300FC01
03FDFFFF
00FFF6FE
FF03FFFF
0200FB01
000600FF
000006FF
FFFC0301
FE0009FF
EF0DF901
00FF03FF
00030A00
0A0002FF
FE00FD00
00FFFA00
00000100
FD00FB00
0A0100FF
01FFF700
01090CFF
03FFFC00
0CFF0000
FFFF02FF
FEFB03FE
FAFF00FE
03EAFDFF
00020FFF
00FCF1FF
F9FF2AFE
F801F9FF
0100F8FF
FF0607FF
070000FF
00F703FF
FF01F7FE
01000000
F801FAFF
00FFFCFF
01FFFA01
FF0A05FF
0900FC01
FE0408FF
0000FCFF
FFFCFDFE
FD00FBFF
FC010DFF
00010A00
00FC04FF
01FF0600
FF080200
FFFF06FF
00E406FE
E8000701
04050200
FE010300
00EBFE00
EDFEFE00
FEFC02FF
000005FF
0000FE00
FFFF08FF
FF02FB01
00FF04FF
FF01F9FF
0400FD00
FC0B0400
FF000400
FFFE0400
0000FC00
070200FF
0100FA01
01FA0100
F8010100
FDF901FF
FFFFFD00
00F3E8FF
F1FF0F00
0014FCFF
000102FE
FF0F07FF
0F01FC00
F5170BFF
01000901
011C0B01
1600FF00
00F501FE
01FE0200
FFFB07FF
FC0006FF
FFE702FF
FFFFFFFF
0000F3FF
FE000DFF
FAEDFF00
00010200
00FFED00
02FF0400
06FF08FF
01FFFEFF
01F501FF
F4000000
F1F30501
00FF09FF
010BE800
11FF0300
FF0004FE
FE000100
FFF9FDFE
FDFFF7FF
FEEC04FF
00FEFF00
00FFE200
03000501
02EDFF01
01000200
FFC9F9FF
E4000100
0CFD0100
00FEFF00
FFF2F1FF
FA0003FF
FFFBFE00
FFFEF1FF
FFF9F901
F70005FF
FF01FBFF
FFFF0100
FFFF0201
0201FEFF
00F3FFFF
01FFFD00
FFFFFC00
FDFF0301
030402FF
FF00F7FF
FFFBFFFF
F8FF00FF
FFF704FF
FF00F9FF
00FCF9FF
FC010701
00DDFE00
FF00FF00
0007E001
06FF0C00
FDF1FEFF
FF0102FE
FF03DB00
00FF05FF
FD0007FF
0000FC01
00F9FF00
0200FDFF
000004FF
01000700
FE020000
0300FDFE
00FFFD01
00FF0401
FFFFFEFE
03FE04FF
020D0401
00FFFFFF
01040901
040005FF
FEE8FAFE
00FF0000
FFFEE4FF
FEFF06FF
FF0003FF
FFFFFE00
00F80401
FCFFF8FF
00FB02FF
01FF0001
FE01FC00
02FFFF00
03FEFEFF
00FFFC00
00E00200
ED01FB00
06FE05FF
FF000100
00FA03FF
FBFF0800
FFFEFEFF
FF010601
FF020500
05000DFF
FEFFFF00
010101FF
FFFD0200
FE00FC01
02F9FC01
FFFF0001
FF01FE00
020003FF
FF030B00
01FF00FF
FFF80300
EE01F900
010A0101
00FF0600
00F80000
FB01FEFF
03F5F800
00FF03FF
FE0AFBFF
070105FF
FFEFF9FF
FF000200
FE00F601
00010300
05FC0200
01FF0400
FE02FCFF
0601FDFF
000403FE
FEFF00FF
FF020001
0200FAFE
02FEFA00
FFFF01FF
FF00FDFF
030104FF
01FDF700
00FFFEFF
FE02FD01
05FFFCFF
FEF3FE00
0000FFFF
FEFAFBFF
FC000600
0200FE01
FFFF0500
FE00FEFF
0600FCFE
00FD0001
00FDFEFF
FF0103FE
03FFFEFF
03FC0701
0001FDFF
FEF50700
F90009FF
FF060600
FEFFFE01
FDFD0200
FEFFFE00
00F901FF
0000FEFF
FFFBFEFF
FAFF03FF
FE02FC00
FFFF04FF
0006FC00
03000701
FEFE0201
FFFF02FF
00FEF801
FE01FEFF
FC02F801
000003FE
000304FF
FF00FE00
010104FF
00FE0500
01FF03FF
FDFFFE00
FB030500
FF010300
0003FE00
04010B00
03000300
01FF08FF
FF020100
0200FC00
FE07F5FF
FFFD0000
00040602
00000601
01F100FF
0100FCFF
FF03FFFF
010007FF
0101FF00
00000400
FD010201
FF00FF01
01FB0100
00FF00FF
00FFFF00
0201F7FF
FF000200
0101FD01
01FFFEFF
FDFFFC01
F7050001
00FFF6FF
FFFC0301
FA00FAFE
FF02FFFF
FFFE0900
FFFE0000
FE00FD00
FF010200
FFFEFF01
0002FF00
04FFFEFF
04FD0800
FF0007FF
FFF80300
FC00FEFF
FF020201
FFFFFD01
FE0401FE
01FFFDFF
FEFF01FF
01FF0101
00060301
FE000000
03FF0200
00FE02FF
01FEFEFF
00FFF9FF
FEF8FD01
0000FFFF
FF00F8FF
000000FF
000403FF
FF010401
00010000
0400FBFE
FFFE0C01
FF000500
00FD0000
010003FF
FE0200FF
01010400
00FB02FF
FC0005FF
FE09FA00
00FE0401
000003FE
FA0001FF
03F90200
FFFE0D00
FF05FD00
06FF06FF
FA0AFD00
00FFFE00
FF020400
0200F801
FFFFFE01
FFFFFF00
00FF01FF
FE00FA01
FE000301
0000FDFE
01FCFFFF
FFFF0200
F50308FE
0100FAFF
FFF200FE
F5FE00FE
03F9FB00
FF0000FF
FFFE0001
FEFF09FF
00020300
FF01F900
00000500
02FFF600
010204FF
01010300
FFFD01FF
00000B00
FE0102FF
00FFFE01
0109F800
06000700
01FC0101
01000301
01010300
FFFF0100
02FEFCFF
FFFFFE00
0101FEFF
0101FEFF
FDF5FBFF
FF0109FF
01080001
FD011D00
FCFCF901
00FF0700
FF02FDFF
FFFF0DFF
00020201
FFFF00FF
FE030100
02FFFC00
01F9F4FF
FFFF0200
FFF90000
FE000500
FF04F4FF
00FF01FF
FE0A0401
04010100
06FB09FE
FF0002FF
FEFAF4FE
F00119FF
FC06F801
FF010300
FF020300
0500FA00
01000001
FFFFFF01
00FE0101
FFFF0100
FFF9FA01
FF0003FF
00FCFBFF
00010801
F5010200
0000F800
FFEDFDFE
F3FEF900
FBF1FD00
00FF0AFE
000003FF
01FF0C01
03020401
00000201
00FDFEFF
0001FEFF
FAFDFF00
FFFF02FF
01FE0201
FF0012FF
FEFB0201
010001FF
FD030001
00FFFA00
0301FD00
FF010000
0001FEFF
FF01F901
F8FFFA00
00010100
010301FF
010006FF
04F3F800
FF000301
000AFB01
FF0110FF
04F9FC00
000103FF
0005F8FF
01FF0EFF
FEF3F4FF
01011500
FF060501
0E010B00
F2F7EA00
FF0001FF
FFF7FF01
F9010300
0806F6FF
0000FEFF
000F1000
09FF09FF
FBEBFCFF
FF00FE00
010109FF
FEFF0C00
FE03FBFF
01FF0000
FE03FF01
01FFFC00
00FEFE01
0100FFFF
00FD0101
FFFF05FF
F2FEF8FF
00010301
00F4FC00
F9010CFF
FE030600
FF00F6FF
00EAFEFE
EBFFF5FE
05EE01FF
FEFEFFFF
FF0406FF
FD001100
FD050400
FF0107FF
FF010CFF
000007FF
F7FC01FF
010101FF
0000FAFF
FFFF11FE
00F90500
01FF08FF
FF06FC00
0AFF0600
01FD0401
FF01FE01
00FF0401
FAFFFC01
03FA0100
0001FD01
00FFFD01
FC000501
05FDFCFF
00FF0101
FF000001
FE000200
01050101
FF0102FE
FFFC0300
FFFF0100
01E8FB00
000000FF
0001F700
FF010900
FFF8FC01
000104FF
01FAFCFF
F9FF0600
0008FFFF
FEFEFFFF
00090300
05FFFE00
FFF7FC00
01000700
0006FE00
0601FAFF
FBFCFE00
FF0104FF
FE030300
03FF0200
02020001
00FFFFFF
FFFE01FF
FE0103FF
FFFFFF00
FF01FE01
FFFAF9FF
F90009FF
F80007FE
00FFFDFF
01F80600
FCFFF9FF
01050300
FFFF02FF
FF06FE01
00FE0900
FF020301
0101FD01
FFFB0200
F8000500
000300FF
01000100
FEFF0201
FEFF0C00
01F1F601
FFFF01FE
00FA00FF
FD000F00
000102FF
00000000
FF000300
02FFFD00
03FCFEFF
01FFFEFF
00FE02FF
FD000301
03FF0500
FFFF0100
FD0202FF
FD00FEFF
01030001
01FF0300
FF0304FF
04FF04FF
0402FF00
01FF00FF
000203FF
FDFF05FF
01FBFA01
FFFF0100
FFFDFBFF
FD010500
0201F5FE
01FEFE00
FE08F9FF
09FFFCFF
FC0200FF
FFFEFAFF
FF02FCFF
FF00FDFF
FF000301
FF010001
FE040101
030006FF
0004FE01
FF00FFFF
FFF9FD00
FCFF05FF
0012FF01
00FFFA01
FEF300FF
F8FF05FF
0606FAFF
0100FAFF
0001FAFF
FFFF0000
0200F6FF
00FE05FF
FE0702FF
08FEFD00
0003FB00
FFFFFAFF
FFF2FD00
F6FF0301
FEFF0000
FEFF03FE
00070000
0AFFFEFF
01FEFF00
FE010000
FFFF0000
01FF00FF
000100FA
0000FA00
05F8F7FF
FDFC04FE
0002FF03
00FF05FF
010603FF
02F6FFFE
FF010101
01FFFEFF
0901FBFF
0A0004FF
FE02FF00
FDFE08FE
FC030801
F4F402FF
FE010101
FF0006FF
FF070BFE
FD000101
00F7FFFD
FFFF05FF
F50102FF
F7F9FFFF
000001FF
00FFFFFF
02FAFCFF
0204FEFF
FE010103
000102FF
030100FF
FF02FF00
FFFE0002
FE01FEFE
0405FC01
FFFB04FF
00FBFFFC
00FFFCFE
F70205FE
ECEAF0FD
00F7FE03
FFFE05FF
F30401FF
F7F5FFFE
FFFCFFFD
FF00F8FF
FE010201
040CF7FE
000001FE
00010200
03FCFBFF
00020100
000201F9
FF00F301
0DFCFC00
FF10F700
00FEFFFF
0001F800
FDFC0101
FE050101
010400FD
0100FD01
04FA0401
FD03FC01
000D00F9
00010100
06F6F500
FD11F601
02FF0107
00FF0C00
04060500
FFFA0000
FE010100
000001FF
05FEF500
02050101
FFFB00FF
00FE01FE
FFFF0BFF
F9FAFCFF
FFFCFFFF
00FE05FF
FA0205FE
F8F7FFFF
FE02FFF8
FF00F9FE
0BF9FEFF
0213F201
00010001
00000400
FD02F9FF
01FB06FE
FEFFFF07
FF000400
FC0000FF
FEF804FF
0105FF01
00000901
FA050101
FCF5FCFD
FEF5FEFD
0000FFFF
FCFD0A00
F901FAFF
FD0000F9
0000F8FE
0AFD0400
000DF700
FF0000FD
000002FF
0A05F9FF
08030000
FE00FFFE
FFFF04FF
FFFFF501
00FD02FF
01070006
00FF05FF
1503FEFF
0207F9FF
02F500F0
01FE0801
08FC02FF
F0FCF4FE
FFFF0106
FF000201
0601FFFF
06030901
0005FF00
0101FFFF
0E06E900
090CF700
FF0D0101
01FEFCFF
15030200
0A060201
00020104
00FF0301
FD07EFFE
040003FF
FD000000
FEFFFFFD
00030B01
FFFCFA01
FF01FFFF
FF0001FE
00FF02FF
FEFBFF01
FE050002
000003FF
1301F6FE
0B09FE01
FFFF0100
FE000300
F9FEFAFF
FDFCFE01
00FBFF00
00FF06FF
FB040301
00FB05FF
010600F7
FFFFF700
09FF00FF
F904FD00
FE02FEFC
FFFE01FF
02FD0101
FA07FAFF
FFFF00F9
FE00FF00
0AFE04FF
FF09F800
FFFF0005
FEFF0401
060601FF
08FDFF00
FFFE0100
FF000600
F800F900
FDFD04FF
FF040004
FF0108FF
0A0AF600
0F1008FF
000B00F3
FFFFFF01
0DFAFA01
FC0AF0FF
00F8FF04
0000F7FF
05FF0400
101D0600
FF0E01FF
00FF0300
20F50000
0D0C01FF
FF03FF02
FF000301
0C00FFFF
14100201
FFFCFF03
0000F600
F905FB00
00010301
FD040005
FFFF06FE
00070901
01F90101
FE05FF02
FFFE06FF
02030201
05FD0000
FE11FE08
FF010EFF
15FEF3FF
090605FF
FF000000
0001FD00
F400F801
FCFE01FE
00F60001
FE01F600
F5070A00
FDFC05FE
FF06FFFF
FEFE06FF
08FCFF00
0503FB01
FEFEFF00
FFFF0100
0505FD01
0102FDFF
FD04FE04
01FF04FE
080004FF
06000000
0000FF00
0101FE00
FD000DFF
0505FE00
01F701FF
0101F7FF
F503FFFF
FDFE0301
0104FF01
FFFFFBFF
00020301
0B050001
000C00F4
01000301
10F8F900
0E03F2FF
FEF90007
00FFFB01
FE020400
161405FF
FFF701F3
FF000601
FAF705FF
0604FCFF
FF02FFFB
FEFEFFFF
0601FFFF
1106FC00
FF02FFFE
0001FE01
07FDFD00
040803FF
FF03FF00
FFFF0201
FE070600
FDFA0400
FF04FF01
00FF0300
FF050601
05FC0201
FF04FFF8
FF000301
01FCFEFF
FBFAF8FE
FFFCFFFE
00FF0000
FDFFFD00
FDFFFEFF
FFFAFFFD
FF01F6FF
FEFEFDFF
FC0300FF
FF03FFFF
FFFF05FE
04FE0500
0E04FB01
FD08FF03
01FF03FF
00FE0700
FE080200
FDFFFF05
FF000001
FB0400FF
FBF70500
00FF01FF
01000000
060202FE
0706FDFF
FF05FFFE
0000FBFF
01FEF4FF
040E0500
FFFD0002
FF00FDFF
0600FF00
FE0B04FF
FE12FFF7
FFFF0801
15FAF7FF
1E09F501
FF08FF09
FF0001FF
120503FF
110F06FF
01FE0001
0001FF01
FDFE0200
FCFDFE00
FD020106
00FE03FF
FC0201FF
FF0005FF
01020003
00FFFEFF
01040300
05050100
FD000104
FEFF03FD
FF0B0BFF
FDF801FF
FD010102
000004FF
FF040701
00FA0002
FFFDFF05
01FF0201
020106FE
FC01FE00
FF000000
01000200
FFFF0500
0208FE00
0106FFFF
0000FD00
06FDFE00
030A02FF
FF03FF07
FEFF01FF
00020400
03FCFDFF
FC03FFFF
000002FF
FD041200
050AFE00
000201FE
00FF09FF
15000301
09140201
FFFEFF01
FEFFFC01
05070500
0508FC00
00000000
01000400
FF030500
FF050200
01FCFF00
FFFFFF01
05FFFD00
01FFFF01
FD03FF02
00FE0000
FF050201
02FD05FF
0002FF02
01000201
030A0600
070D0101
FFFAFFFF
01FE00FE
FC01FE00
FAFB03FD
FFFE0000
00000100
FD01FD00
FEFB00FE
00FE0103
FF00FCFF
0402FCFF
02010500
FF05FFFE
FEFF08FF
07020801
FE0BFB01
FE040006
FFFE08FE
060400FF
00FA0AFE
00FAFFFD
00FE0100
FC030301
F9FDFDFE
FE000103
FF0001FF
0AF7FEFE
040CFFFF
FFFEFF02
FFFFFE00
03F80100
00FDFFFF
0000FF04
0101FFFF
FE07F700
FEFA05FF
FFFFFEF3
00FFFBFF
14FF0400
FC0FEEFF
FEF8FFFF
FEFE00FF
F80204FF
F900F8FF
FF010100
00FFFA00
060200FF
0402FB00
FEFE0002
01FFFA01
00FF01FF
FDFC04FE
FE02FFFD
0000F8FF
01FBF6FE
FFFEFEFE
01FDFFFE
FFFF08FF
F7080200
FAFBF6FD
000000F8
FF01F501
10FA0501
F71CFCFF
FF00FFFD
FF00FCFF
05FDFDFF
FC11FA00
01000000
010000FF
040207FF
F3F6FFFE
00040104
FF000201
0102F1FE
030205FF
FEFAFE00
FF0000FF
FE040400
FAFD04FD
FE000006
00010701
0407FFFF
00FC0BFF
FFFEFF00
01FF0200
0204FE00
FE070001
FE02000A
0001FF00
0205F801
04FA0400
00020005
00FF0500
FE05EFFF
01FC0300
010AFFFC
FEFF0AFF
08FA08FF
FFFBF3FE
FFFD00F4
00FFFAFF
05F5F700
0013F8FE
FFF9FF02
01FEF5FF
0002FD01
FD080101
0101FFFB
00FFFF00
0A02FAFE
090D06FF
FEFEFFFF
FF000200
01020500
FBF30000
000301FD
FFFFFDFF
FF04FC00
FCFCFEFF
010000FC
FE000700
02FD03FF
F302FA00
01FF0001
010000FF
FF020E01
F90BF9FF
00FFFFF4
FFFFFD00
0EDCF900
0C0EFA01
00FF01FE
FF00F600
0EFCFEFF
070501FF
FFFF0005
01FF02FF
0301EE00
05FCFEFF
02030003
FFFFFFFE
FEF6FB00
05020000
FEFBFF04
0000F601
F403F001
FDFD0DFD
0003FFFC
FF01FD00
06E3F400
0C09FEFF
00FC0103
010009FF
F901FCFE
FBF9FDFF
FFF8FF01
00FF06FF
F4070000
FBFFFEFF
00F5FF02
FEFFED00
0B00F900
F9010900
FE01FE02
FFFF0001
03FCFEFF
050BFB00
0000FE02
00FFFEFE
03FCFC00
020CFFFF
FFFD01F9
FF000401
09FFF500
0202FC00
0101FF02
000108FF
FA030AFF
FAF8F700
FFFEFF02
00000601
FAF5F3FF
00FFFFFF
00FB0002
00FF0501
FB01F1FF
FF040D01
00F601F7
0100FE00
F8F307FF
042AFF00
FF0AFEE3
00FF0700
15D6EAFE
120BED00
000601FC
FEFF03FF
09F701FF
0D0CFF00
01F6FF0C
FF01E9FF
FB110401
FFFF0600
0202FE05
FE0003FF
FA090000
01040100
FE00FFFD
00FFF700
F503F900
00040401
000600FB
01FF0301
09F1ECFF
0A03F800
00F7FF09
FE00F600
F20A01FF
F7FC0100
01FC01F8
FE00EE01
F90103FF
FB0200FF
FF06FEFE
FFFF02FF
03FBF800
030101FF
FF04FEFE
00FF03FF
0605F1FF
0602FFFF
FD0000ED
00FF00FF
01F0FBFF
0A05F800
00FA000D
FF01FD01
FC140601
FDFA02FE
FFF7FF06
FF01F300
F30B08FE
F3F7FFFE
00020006
0001FD01
0403FAFF
0C0702FF
FFFEFF05
FFFFF9FF
FD03F801
0A0908FF
02F100F4
0001F801
FD020CFF
170E02FF
FF09FFFE
01FF0B00
03FEFF01
FEFBFE00
FE0500F1
01FF00FF
07FB00FF
0F11FC01
FF0101FF
0000FBFF
0AFDFCFF
010402FF
FFFCFFFE
FE01FF00
F8040200
FE030301
FF02FFFC
0001FDFE
FAFE02FF
090D0000
FD0201FD
FFFF0200
01FF0101
F9FB00FF
01FA00FD
FF00FB01
03F8FC00
FC000201
FF0501FE
FFFFFE01
0606F600
FF010200
FE0400FD
FFFF0200
02FD0000
0A03FFFF
FD03FE03
00FFFEFF
FF00FB00
09FD0AFE
FEFDFF02
01FEFE01
FD0201FF
F8F7FB00
FFFF00FE
0000F900
08FBFDFF
020501FF
000800FE
01FFFEFF
05FEFF00
FD03FF00
FF0000FC
0001FB01
05FE0000
FC03FEFF
FFFAFF04
01FEF801
F80A00FF
0C02FEFF
010500FE
00FF0801
0AFE06FF
0807FDFF
0000FF00
FF000500
09010200
FEFC0001
FD06FF05
FFFFFE01
030405FF
0502FE00
01040100
FFFFFEFF
02020500
070CFF00
FFFF0003
FFFFFF00
FD0A0400
FFF900FF
FFF901FE
0000FDFE
010207FF
03FDFF00
00FEFF01
00FF0300
070306FF
00FEF800
FF03FFFE
FF0105FE
05FAFC00
0205FE00
FF08FFFD
FF000600
03FC0300
0204FD00
FE01FF04
FF000000
000303FF
05FCFC00
FEFBFFFF
FF01F8FF
02FCFE01
040CFDFF
0003FF02
FF0000FF
08FD0300
01FF0000
FF02FF02
000001FE
09020000
0502FEFF
00020002
FFFF0600
03FF02FE
0000FDFF
00FE0100
00FF0001
05FD03FF
01FBFCFF
FDF8FFFC
00FFF3FF
0006FF00
09090601
FFFF0106
00000601
00070000
FF0A0500
FF03FF03
FFFEFEFF
F902FF00
F9FD00FE
FEFEFF03
FFFF01FF
020303FF
00FE0000
FE030002
00FFFC01
05FE0000
080102FF
000A00FD
FF000C00
070206FF
FAFA0103
01030004
FFFF09FF
0BFF06FF
FFEE06FD
FF010002
00000200
FE0303FF
F9FDFFFF
00FFFF01
FF00FEFF
00FD01FF
0004FC00
00FD0001
00FFFD00
01FC0100
03FC02FF
FF010003
0100FF00
0401FC00
01FB0200
FF00FF03
0000FB01
FCFEFD00
F50506FF
FF01FF00
00FF0400
FD040200
FCF8FBFF
01FB00FD
FF00FD00
05F6FAFF
FF10FBFE
FF0500FB
FF010301
030208FE
00FAFCFF
FEFE0102
FFFF00FF
06FDF600
06FF0100
01FAFFFC
010103FF
05F8FD01
FF09FCFE
FFFA01FB
FF00F001
FDFCFA00
F41C0900
FFFA00FC
00FFF600
FAFBFEFF
F80FFCFF
000100FC
00FE04FF
02040700
00F8F5FF
000501FE
FFFF0301
07EFFA00
03FDFE00
000700FF
00010B01
05FFFBFF
FBFB0200
FF050005
FFFF0400
040508FE
FFF6FD02
FFFEFF00
00000000
FCFFFB00
FA090600
00FF0001
FFFFFD01
020400FF
01FAFF00
000001F2
00010000
FED7F6FF
02FCF701
FF00FFDC
00FFFDFE
06DF0801
01F9E7FE
FEFA0003
FF00FB00
F9FEFA00
FB090AFF
FF060004
FEFF03FF
FB04FE01
FD0709FF
FF010003
010001FF
FDF7FF01
00000100
FFFDFFF9
FFFFFDFF
00F702FF
FBEFFB00
000300FF
FF01FEFF
04FDF2FF
04FC05FF
000000FC
00FF0300
0400FA00
FE02F8FF
0001FF02
0101F901
FE02FD00
F91BFFFF
00FA0004
01FFFBFF
FDFCFEFF
020B02FE
01040105
FFFEFF01
040002FF
FD090AFE
FF0300F0
FFFF0901
07EE0500
09F9F600
0106FFFC
FFFF0A00
03EE03FF
010400FE
FE050010
FE000EFF
F9080600
FAFA07FE
FF010100
FF00FE00
FFF2FC00
060501FE
01FCFFFB
00FFFD00
01F903FF
00FBF301
010600F4
00001800
03000EFF
01FFEB00
FEF8FF0B
0000F7FE
0102FD01
FF0111FF
FFFEFE00
FF000000
F9FF02FE
050703FF
FEFE00FF
FF000201
FBFD0100
00050300
000001F3
FF000701
04F300FF
0F01FAFF
01FB00E7
FF000000
FBF005FF
FAF0EE01
01030000
01FF0101
09EDF600
03010400
0103FE03
00FEFDFF
FC0109FF
010403FE
010300FF
FF000801
F203FDFF
03050300
FFF9FFEB
0001F8FF
FEEEECFE
11080200
000101FF
FF000001
FCFD0100
02000700
FFFB010C
01FFF9FF
00151001
FFFF0800
0205FF08
000007FF
FB0A0901
0300FDFF
FFF8FF05
FF00F700
F20408FF
FB0009FE
FEFA00DD
00FFFAFF
FDEAFAFF
0A01FAFF
010200FA
000002FF
FC030DFE
FC05F200
0002FF03
0000FFFF
030506FE
021C02FF
00FF0002
FF00FDFE
FD00FD00
FDFE0600
FDFA0000
FFFE02FF
FBFE0000
070104FD
FDFBFFF8
00FEFEFF
FFFF01FF
0703FA00
01F900F9
FF010301
01FC0800
090CF7FE
000300FD
FFFF0AFF
FE0A0C00
F6F3FFFF
01FFFF05
0001FEFF
FFFF07FF
0A0706FE
FFFAFE03
FFFE0001
02010900
021404FF
010A00FF
010100FF
080B0700
1F170200
00050003
0001FFFF
08FE0200
05050100
FFFE00FF
0001FFFE
FCFB0000
09070301
00030000
00FF05FF
FFFEFF00
06070400
00FE0005
FFFE0200
F90200FF
FF0106FF
01F900FF
00FEEEFF
FBFEFE00
010A0100
FEFFFFFC
FFFF05FF
06FBFD00
02FE00FF
00080002
FEFE04FF
00FBFBFF
FD0A0500
000500FD
FF0005FF
0800F8FE
020408FF
FE0300FF
FEFFFFFE
01FFF8FF
060001FF
FCFBFE08
00FFFA01
FFF7FAFF
0A0103FF
FD000002
01000500
02010200
FCFAFBFF
01020002
0100FA01
01FD0000
010702FF
000400FD
FFFFFAFF
07F9FB00
FD030801
0000FF00
0101FEFF
0002FDFF
02020101
FFFBFF01
FF00FC01
FC06FE01
00050300
FE040000
FF010200
10FB0901
070B03FF
00000101
00010000
02FDFB01
02000000
FE04FF04
FFFF03FF
FF00FF00
0306FC00
FF0301FC
010102FE
01FE0200
0308FF00
FFFAFF04
FEFFFBFE
FB090501
FEF804FF
FF00FE00
FFFF02FE
06020801
06FD0200
000000FF
000106FF
FDFE0100
040001FF
0101FFFF
010002FF
01FB0101
FFFFFD00
010600F7
00010300
01FD01FF
0905FEFF
FE00FF07
FEFE0100
00020200
04FEFE00
000B0002
00FF0500
090000FE
050800FE
01FFFF01
00010100
FF02FD00
01000401
010500FD
01FF0400
010000FF
03FEFC00
000600FD
010004FF
0401FE01
00FFFFFF
01FEFFFD
FF00FF00
FC000100
FFFFFBFF
FEFC00FB
FF000000
09FE0301
0B040100
FF02FFFF
FF000301
09FA04FF
0C1AFC00
0002FFFE
00FF0500
05030100
FCFCFCFE
010001FD
FFFF0201
FEFF0001
FE050001
00FFFF01
00FFFF01
00FB0100
02010101
FF04FF00
FF0003FF
02070BFF
02FE03FE
00020002
FFFF0401
0C0706FF
04FC01FE
FF010002
FFFF03FF
FD0203FF
FAF901FE
01FFFF02
0000FC00
050304FF
0106FDFF
0000FF03
0101FE00
08FFFF00
020600FF
FEFF0100
0100FF00
05040301
05FF0200
FEFF0107
FF00FAFF
FB0201FF
FB040C01
FE0900FF
FEFE07FF
02020100
00FEFFFF
00FC00FF
FF00F000
FFF4EDFF
04110701
FF02FF01
00000100
080604FF
FF03FFFE
FF030100
FFFFFD01
04FCFBFF
030100FF
000200F4
FFFE03FE
FEFC00FF
FDFAFA00
FEFAFFF9
0001F7FF
FEF90200
07140400
FFFFFF00
00FEF6FF
FDFEF900
F71006FD
FFFA0100
01FFF5FF
0502FF00
06FEFD00
FF0001FD
FFFF0100
02F4FF00
04FF0400
FFFFFFFD
FE000500
FF010801
01FBFFFF
01040101
FF0001FF
0BFEF700
0A0501FF
FDFDFF00
FE00FE00
01000301
FE0D01FE
01FF0003
FF01FD01
060104FF
0207FFFE
00FEFF03
0100FFFF
00F6FEFF
06FDFDFF
00FB0002
FF00F901
05000100
06FFFD00
FF07FF01
010000FF
0100FBFE
FE070100
00FFFF02
FEFEF801
FB000000
FB110001
FF0101FC
FEFFFE00
FBFFEB01
FF0400FF
FE050103
00000000
040205FF
FFF3FEFF
01FE0005
01010000
04FEFC00
06FC03FF
FFFE0004
01FF0000
03060100
000003FF
01FC0102
FEFFFD01
F7FF0E01
F40CFC01
FEFD01FF
01010001
FC01FA01
FB0802FD
00010001
01FFF100
FFFAF500
04090900
00FF00F3
FFFF0200
0E020B01
0908F9FF
010200FD
000104FF
06FCFE01
07FFFA00
01FF01FB
FE00FFFE
0E01FCFF
05F8F6FE
FF010003
FFFF02FF
FFF9FBFF
000703FF
FF0601FB
00000500
05F805FE
0009F500
00FC00F2
0000FDFF
03F7FAFF
090DF6FE
00FF0009
0100F700
FF05FD00
02040900
0003FFFC
01FF00FF
FDFBFDFF
0102FD00
FEFC0000
0000F901
FCF7FA01
FD0406FF
000201FD
FF010100
0202F100
01FD00FE
010200FD
00FFF701
FE0103FF
04FCFB00
FFFCFFFF
00FFFA00
07050600
0901FAFE
FF000006
FF000501
07030400
0805FFFF
010401FE
01FF01FF
03000401
0309FD00
FFFDFF02
FFFFFD00
FC05F500
0A0D0002
FF0000FB
FFFE03FF
02030100
FEFB04FE
0101FF05
00000501
07090C00
050A0C01
000301FE
FEFE07FF
0703FA01
0C03F901
0001FF00
FFFF0600
0807FF01
06FCFCFF
FEFC00F4
FF00FAFF
00FBFA01
0708F503
FF07FFFA
00000800
FFFB00FF
010AF6FF
01020108
00FF0101
03FB00FF
0A110AFF
00FCFE00
FFFFFAFE
FDFE05FF
FEFF09FF
0008FF06
00FF0500
FE0203FF
0B10FB01
00FBFFF9
0100FD00
FB06FE01
0105F602
0100FFFB
0100FB01
11040200
0B0EFCFF
010901FE
00000500
0300FF00
0500FCFF
FFFEFF04
FF000301
020405FF
060500FE
00F9FF0A
FFFEF9FF
0003FF01
06090DFF
0002FF03
01000101
0A000100
0B1DFA00
000000FE
FFFEFE00
0DFBF8FF
0E11FC01
FEFEFE02
000000FF
02FDFB01
000006FF
010401FF
FF000C00
FEFAFE00
02120701
0003FEFC
FE010600
0801FF00
FFFDFD01
FE04FFFE
FF000000
06FD0101
000304FF
01FC01FD
FFFFFE00
0CFDFEFF
0E010101
FF060005
FFFF0401
01FFFFFF
030F0701
FF0C0000
000006FF
03FDFDFE
02090600
01FF00FE
0100FE00
FF02FF01
010002FD
00FDFF02
01FF02FF
04FB0001
0D15FFFE
FFFCFFFF
01FF0001
02FF0001
FDFDFC01
00FE0103
00000200
F800FBFF
FC080400
0106FF02
0000F901
01FAFFFF
000908FF
FF00FF03
FFFF04FF
FCFDFDFF
000701FF
FE03FFFC
01FFF901
FFFA0001
02FE06FF
01FF00FC
0000FC01
FFFBFFFF
07170200
01000100
0001FE01
FC000100
00030100
FF040000
FF0003FF
FF0300FF
0000F900
00FF0000
010002FF
FEFCFF00
070A0300
FF000002
FEFF03FE
04070901
FD030000
FF0200FD
0000FCFF
000002FF
000500FE
01FF0000
FFFF03FF
F6FFFF00
000000FF
00040002
00FF0400
FCFB01FF
010700FF
010500FD
010004FF
0300FFFF
020D00FF
FEFFFF08
FEFF03FE
FE0201FF
FFFC0000
01FAFF01
01FFF9FE
FA0701FF
11080600
00FE00FF
0000FFFF
F60200FF
FE0200FE
01FF01FD
0100FF01
F303FF00
FF02FD00
FF03FF00
0001F900
FE02FEFF
01020101
FFFE0001
00FF05FF
F80104FF
FD020200
00020004
FF00FEFF
FF060900
060CFE01
01F6FFF8
FF00F5FF
06000200
080EF701
00F800FE
01FF0000
FA030301
FAFAFD00
FF02FF02
00FF0000
0602F901
070601FE
FF01FF02
FFFFFCFF
0AFE0000
020700FE
FE0201FF
FF010100
03FBFBFF
0003FE00
FFFFFFFF
FFFFFEFF
01FE03FE
0203FF01
FE000103
00FF0300
0404FFFF
020204FE
00020005
FEFF01FF
04090801
FF020100
00FF01F5
0000ED01
03FCF500
FF26F6FF
FE00FFFE
FF0000FF
06FBF5FE
040705FF
FFFAFE02
000101FF
00FDFAFE
F9FD04FE
00FE0005
00FEFD01
010300FF
FEFD03FD
00FB0000
0100FCFF
FCFE0201
010104FF
FFFF0002
FF00FF00
0302FD00
000801FF
01FE0004
0001FEFF
060D04FF
030BFDFF
FE0201FF
FE0009FE
04010AFF
03FDFFFF
FEF4FFF8
00000300
02FC03FF
F8FEFEFF
FF00FF06
00FF03FF
01FEFFFF
01FB0000
FEFF0002
00FF0401
0302F900
04050000
00000001
FF010400
FE0309FF
FCFBFE00
0002FFFF
000007FF
FE00F200
00FD0700
FEFE0002
FF010000
01FE02FF
03FE0200
00000003
FFFF0001
0101F6FF
FEF90600
FF03FF0B
FF000300
05070100
FFFF0400
000301F7
FF00FF01
0609F800
FF03FAFF
FF040003
01FF0501
02FEE401
05030900
0102FFF9
01000100
09FDF6FF
020BF600
01000005
FFFF0100
0305F100
FEFC0701
FFFAFE00
01FFFDFF
020105FF
FA0403FF
000A0002
00FF11FF
0003F900
08FC02FF
FFF8FF01
00FFFE00
F6070301
F5090200
FFF500FC
FFFE04FD
F90103FF
F9FDFDFF
FD0000FF
FFFFF9FE
0BFA0300
0317F500
0001FF06
00FF0600
FA0200FF
FFFB0000
01FBFF02
000100FF
F902FAFF
0000FFFE
FFFAFF01
00010101
FAFA0900
F80404FF
01F80000
FE000200
F100FE00
00FF0100
FFFFFF06
000107FF
F800FCFF
01FF04FF
0101FF02
00FF0600
F8FEEC01
FEFD0500
0006FF06
FFFE0900
0204F1FF
03050902
0307FF00
01FF0000
1003F3FF
0C2C0B00
FFF9FF00
000002FF
FB06FB00
FF0206FF
0003FF00
FF010500
0CFAF701
050CFF01
00FEFFFF
01FF0300
F8FEEDFF
FBFE04FF
FE060001
FFFFFF00
01FDFE01
FF04F900
01FFFFFB
0000F700
040705FE
FA01FEFE
FE010001
FE00FAFF
03040200
FF1D0001
FDFDFFF9
FFFEFFFF
02FB08FF
FCFDF901
FF07FFFA
0100FDFE
12FDFB00
101DFE02
00F9FFFE
FF000101
FDFFFB00
FDFEFD00
FFFC0102
0000F9FF
FA00FD00
01040001
00FE01FB
FF01FB00
F6FE06FF
0505FDFF
00F6FF00
0000F4FF
F20105FE
FCFF0200
FFFB0105
0000FD01
EC010500
FCFE0001
00F8FF01
0001FCFF
F003FAFF
FCFC0300
0007FEFC
00000401
FD040101
01020501
000A00FF
FFFF0501
09010100
0E3FFC00
01FBFF01
FFFFF100
04020200
FC0602FF
FF030102
00010300
02FFFEFF
03150201
FFF901FF
FF00F301
F3FCFDFF
FD010300
FF01FF04
01FEFC01
01050100
00050500
0006FFFF
FFFF0600
05FF01FF
0102FC01
FEFB0105
FEFF02FF
060405FF
FF110200
FD03FF03
FEFF04FF
070BFE01
0A00FF01
FD0EFE02
01010AFF
16FCFBFF
0D070501
01FB00FE
00FFFF01
FC010400
0000FAFF
FFFFFFFF
FF00FDFF
05FE0000
030C00FF
FF04FFFF
0001FBFF
0A00FD00
0808FD01
FFFFFFFB
0000FA00
00FDFD01
000AFEFF
00FDFF00
FE01F501
F800FFFF
FF020300
00FEFF00
00FFFAFF
FE01FB00
FC060300
0103FFFB
FFFE03FF
01050401
000202FF
0001FFFD
FFFF00FE
01FE0500
060FF900
00FA0101
0000FE01
04FFFC01
020801FF
FF0001F9
0101FE01
09FCFCFF
0305F900
FF030001
FF01FA01
02010000
020D06FF
FDFEFFFD
FF00FF01
06FC04FF
05FF0600
0004FFFF
FEFF0100
02070100
07010001
FEFB01FD
FFFFFAFE
FA0000FF
050E02FE
FC0CFF00
00FE03FE
0506F800
0B030001
FE01FFF5
FF0101FF
FDFE00FF
00FEFD00
01FBFF00
0001FEFF
FD000100
FEFDFD01
00FF00FF
FF000100
05FF01FF
000300FF
01010003
FFFFFF00
05FE03FF
0308FC00
00020004
FFFFFF01
FD0204FE
02080900
0102FF01
FE0000FF
020004FE
080303FF
FEFF0001
FFFF0201
000204FE
00050201
01FFFFFF
00FE0400
FE070501
01FA0300
FFFFFF06
00FEFE00
FE010100
040105FF
FF03FF01
000107FF
04FF0C01
050BFFFF
FFFFFFFB
00000200
0AEC0A00
1416F701
0000FF00
FEFFFFFE
0302FD01
020F0501
FE02FF04
0000FD00
06060000
08FC0200
FE030003
00FE05FF
FF080101
00FA0100
FCFF0001
FEFFFD00
FF0100FF
02010300
FC040101
FDFE05FF
00050500
FFF900FF
00FCFF01
01FF0100
01040D00
FE00F9FE
FF0200FB
FFFF04FF
F90206FF
FDF8F9FF
FEFF0101
0000FE01
0300FB01
060601FF
00FE0006
FF00FE01
070606FE
02FF05FE
FFFFFF03
FEFF00FF
03F50000
01FCFFFF
00FBFF05
00FF00FF
09020A01
0313FFFF
FF000002
FF0000FF
01FFFA01
FFFA04FE
01FCFF02
00FF0100
FE070100
FF090600
FFFA00F5
FFFFF701
F8F9FA00
FB04FAFF
FF0500FE
000000FF
05F4EA00
050B01FE
01FEFFFB
01FFF700
08F9FCFF
030C0101
FEFD0005
0100FDFF
FF04F400
FF0306FF
00FAFE01
FFFFFB00
06010100
00FC04FF
00FC0002
0001FDFF
0000F6FF
FE0104FD
0102FFF6
FF00FF00
09E2F7FF
060FFA00
FF02FF00
FEFF0100
06FAF900
04F905FD
00F500FF
FFFF00FD
FE030401
F7FD01FE
FF02FFFF
FFFF0000
FE01FE00
FFF9FFFF
0000FF01
0000FF01
0200FA00
060202FF
00FEFFF9
00010400
FEFB00FF
FDF9F900
FF020106
FF000400
FEFBE9FF
01FC02FF
00FC0100
0001FF01
0CFA03FF
020601FE
FEFE0100
01FFFFFF
FDFDED01
00FB0500
010400FF
FFFF05FF
FE0305FF
FD05FAFE
020500FE
0000FAFF
0903F800
070504FD
FE0400FE
FFFF04FF
FFF9ED01
02FF01FF
00FD0101
FFFF09FF
FD00FBFF
FC0603FF
00FFFF02
000001FF
01FAF0FE
00FA0201
00FA0001
00FFF800
02FB03FF
000D0400
000AFFFD
FF0008FF
09EEEE00
04FF03FE
FE06FFFA
FF0009FF
09FC08FF
050604FF
FE0000FF
00FF04FF
05050601
03FC02FE
FEFD0101
FFFF0300
010303FE
FC12F901
FF030100
00010600
FD00FFFF
02FD0101
00FFFF06
00000401
FD04FA00
00FEFAFF
FFFDFF07
FFFFFE01
FF070A01
F9030301
FEF3FF0A
01000BFF
F5141301
F8FEF901
01000000
FF010A00
FEEBFEFF
FF00FAFF
01FF0105
FFFF08FF
F6F5EAFF
FCFB00FF
02040006
01000301
FD05FC01
0305FDFE
01060001
FFFFFB00
0CFEF601
011C0800
FF01FF0C
FF000A00
F8180000
FE020400
0100FF03
FFFFFE01
FEF8FBFF
FEFA02FE
01040008
01FF0900
FA08F500
FCFB00FF
FF050005
0100FCFF
04FF0200
FF0A0401
FFF5FF00
FFFFF900
05FFFDFF
F8FF06FF
00FB01FD
FF01FD00
0300F801
FF0DFEFE
02F50102
0100E7FF
FDFAFE00
FAFE0401
FF0200F6
FFFFFC00
05E1FD00
0C19FE02
0100FF00
FF00FE00
FD000001
FD000301
00F60107
0001F4FF
F5070201
FBFF02FF
0106FF04
0001FEFF
0BFBFD00
05FE02FF
00FB000B
0000F2FF
FF0906FE
FC020300
FFFBFF13
01010600
F40A0400
FEFFFEFF
00F30012
01FFF600
F20C0000
FBFA03FF
030700FC
FFFFFA01
FFFBFFFF
020A0400
0307FEFE
FFFF0500
01FFFCFF
052703FF
00F201FD
FF00E1FF
F8FCFBFF
FAFF0301
00FCFFFB
FF00F8FF
F6F9F0FF
0A010000
00F2FF0A
0000E6FF
FB0A01FF
FDFC0600
FEFFFFFB
00FE00FF
01F9FB01
0206FF01
0106FFFB
01FFFC00
02FCFFFF
020BFE01
FF03FFF7
0000FFFE
0BFD0400
0602F500
00FFFFFF
FF00FC00
FE00F200
0300FBFF
FE06FFF1
FFFF04FF
0FE7EE01
1216F302
00FFFFFD
01000100
FFFC0101
FEFFFBFF
00FF0100
00FFF800
05FE00FF
01060201
FF0B0004
00010400
090504FF
02FC04FF
010500FF
00FF09FF
04FDFD01
FC06FD01
FFFCFF01
FF01F800
FBFDFEFF
F9FE03FE
01FDFFFD
00FFEF01
FCFDFCFE
FD0402FE
0204FE00
01FF0600
04030000
0207FE00
000100FB
FFFF02FF
FFF20500
0D09FFFF
FF030101
0000F500
04FDE9FF
02050400
0102FF00
00FFFB00
06FDF6FE
03040301
0104FFFC
0001F7FF
03FCFCFE
FF0402FF
00FB0005
0100FB01
00FCFBFF
06010501
0001FF02
00FF05FF
0305FD00
070403FF
0006FFFF
00010700
0F03FFFF
0D07FEFF
FEFEFF00
FF00FFFF
FD00F700
0A0B08FF
FFFA01FD
00FEF9FF
FEFE00FF
FAFC0201
FFFF01FE
00000200
FAFE0301
02F80001
0100FFFF
00000301
050204FE
0002FFFF
FFFBFF03
FFFFFFFF
03020700
0700FE00
0105FFFF
FEFF05FF
FDFDFB00
FD0205FF
000AFF03
00FF0B00
0DFDFCFF
060802FF
000401FE
FF000400
04FFF9FF
00FEFF00
02090000
FFFF0D01
040103FF
02FAFFFF
000400FC
FEFEFDFF
FD0101FF
0601FDFE
010500FE
00000CFE
030205FF
01FEFDFF
FF0600FF
000001FF
05FB03FE
0300FD00
FF0401FD
00010100
0301F900
050800FE
FFFCFF03
FFFFFE00
00010201
03F80200
FD0001FA
FFFFFFFF
FEFD03FF
0002F5FF
0000FFFC
00000600
0F01FDFF
0C0AF8FE
FC02FF01
FEFFFF01
FFFEFFFF
07FDFF00
FF01FFFE
00000101
030302FF
FCFBFC01
0005FFF5
00000200
FFFEFE00
0300F601
0001FF00
010101FF
00FF01FF
0400FFFE
00000103
00000500
0904FCFF
0C0301FF
0001FF00
0001FFFF
02FCF5FE
0101FFFE
FFFB0004
FF010000
090406FE
0415FDFE
0001FF03
000104FF
01FDF600
00FD02FF
FFFBFF00
00FF0101
02000201
FC0402FD
00F100F9
FF01FB00
FFF9FE01
FA1700FF
FF0200FD
00FFFE00
03F5FAFE
0102FBFE
0005FFFF
FF00FE00
0AFC00FF
0E130200
FFFEFF00
00FFFFFF
FFFCFDFF
FE000300
000300FF
01FF04FF
FD020500
F7F0FDFF
FEFE00FD
0001FFFF
02FE0101
FFFDFEFE
FFF80105
0000F300
0A05F6FF
112A03FE
0006FF01
FF00FE00
01FDF7FF
06040700
FF02FE02
000002FF
FC0302FE
F9FB05FF
FF01FFFE
000107FF
00FF02FF
02FDFE01
010001FE
FF01FB00
02FAFEFF
03FEFFFF
FFFF00FC
FF000100
F9FA02FF
03FBFCFF
FF03FFF1
00000000
FFD3EE00
05FBF8FF
00FF0003
01FFFF00
05F6FE00
020C00FF
0102FFFE
FF00FBFF
07EEFD00
02FA00FE
00FF00FD
FF000501
00FFFCFF
FE0BFCFF
01FA0002
0000F9FF
0FFC01FF
0E0CFFFD
FF03FFFC
00FFFE00
FFEDF200
03FFFEFF
FF00000A
FFFF00FF
0403EC00
06FF0DFF
FE01FFF9
010000FF
FFE0FA00
FEF9FDFF
FFF8FE00
FFFFF5FE
FAFC0101
FD0307FE
0000FFF2
00FFF900
04DEF6FF
0101F5FD
00FE0000
0000F6FF
06FAFAFF
0E13FB00
FD01FFFB
FFFFFFFE
10040200
0BF8F4FE
FFFDFFFE
00FE0600
FE020200
FB1201FF
000100FF
00FF0100
00030300
FFFBFCFF
0002FFFD
00000101
06FEFDFF
05FFF9FF
FF01FF04
00FF0600
FD0702FF
0A0705FF
000300F3
00FF0CFF
040907FF
FD08F900
00FF01F9
01000101
01DB0100
0502F0FE
000201EC
00000600
00E10101
FDF9F100
02FEFF04
FF00FC01
FC020200
FF08FF02
0101FF06
00FFFCFD
05FDF801
08231200
000601ED
FF010900
01F2FE00
0305F6FF
FFFFFFFF
00FF06FF
01FCF4FF
FE0005FF
0102FFE4
01FF0701
05E20601
04FCF800
01FFFF02
00FF01FF
F9000300
FB0D02FF
FFFA0012
0100FE01
090CF600
01071B00
FFF00008
FFFF04FF
F501E700
FF061101
02F10014
FF00FF00
FE07F701
FAF90AFF
FE010001
FF00FF00
02F0F9FE
061100FF
0106FFF9
00000101
06070100
02FDFE01
00FA010B
01FF0000
F90C0B00
FC02FFFF
00FC00FE
FF0105FF
04000900
FC0401FF
01FD00FF
00FF02FF
FFFFFD01
04060A00
FF0300F7
00011401
01FD12FE
020DF200
FF0FFFFD
01001701
04030B00
07050001
01FCFEFA
0001FFFF
FFF7FC01
FF0FFEFF
01FC0101
0100ED00
FC02FD00
FF1703FE
01FEFF03
FFFFFD00
FF04FF00
FC010C00
01FAFF0A
0001F9FF
FCFCFDFF
03000900
FF05000C
FF0004FF
05120400
00050C01
FEF90004
00FFFD01
F8FFF900
FF070700
00FFFFFC
00FFD900
FDFDF7FF
00050600
00EC0001
0000CF00
EBFBE500
040407FE
00E60000
00FFE800
F6FEF101
FC0107FF
00FD01E0
FF00FBFF
FCEFEC00
0F0FF201
010201FE
FF000301
07000100
03FDFF00
01FB0000
01FFF7FF
FEFDFE00
FD01FF00
01FD0101
0000FF01
00000500
01FCFDFF
00FE00FF
FFFFF900
FFF7FC00
04060300
0106FFFF
0101FE00
FEFB01FF
FCF907FE
FFFEFF01
00FFF6FF
FDFE00FE
FD020700
0005FF00
0100FF01
02FDFCFF
050500FF
0100FEFF
FF01FEFF
01F90001
070502FE
01FFFF02
01FFFB00
0303FAFE
00020500
01FDFFFB
FFFF0500
FDFFFCFF
010203FF
FF020001
FF00FDFF
05FDFC00
FE070700
FEF9FFF8
FFFFFD01
F8FDFD01
FEFDFCFF
00020001
000104FF
0502FA00
040102FF
FFF20103
FF00EDFE
EB04FCFF
030401FF
FFF900FE
0000F7FF
FEFF02FF
070500FF
00000004
000104FF
060103FF
050D0200
FF00FFFD
FF0100FF
0001FF01
02FB01FF
000101FC
FFFFFFFE
04030200
0100FFFE
FFF100F6
0001F300
F9050200
0304FF01
01FD01FA
0001F701
04F90300
0107FE01
0009FF01
FFFF0CFF
06FCF9FF
04060201
0102FFFF
FF000401
FF02F6FF
000203FF
0104FE03
000001FF
00050001
05FF0101
FF0001F9
FEFEFEFF
FC000500
01FCF600
FE02FFFE
01FF02FE
0402FBFF
FEFFFE00
FF0101FA
0001FC00
FBF801FE
0101FA00
00FD0000
FF01FCFF
FF02F6FF
04040501
FF0101FD
00FEFD01
FB020500
FBF3FD00
FD0401FC
FFFE0300
0003FD01
0104FC00
FEFEFF05
0000FEFF
FC030000
03100400
FE0000FF
FF00FD00
FFFE00FF
01FB0201
FFFD0003
00FFFD01
FE03FA00
01020300
0002FFFE
01FF0000
06FEFE00
010AFB00
FEFD0102
FF00FBFF
0400FD00
0A030300
FF00FF00
FF000301
FF0108FF
010100FF
FE010002
00FF0100
0401FCFF
0305FFFF
FEFEFF04
010000FF
030101FF
050001FE
FE05FF00
FEFF03FF
0502FE00
00010100
FFFD00F8
010107FF
02000A00
010300FF
FFFF01FD
0001FEFF
03FEFD00
000E0400
FF0100FC
FFFE04FF
05030800
01FFFAFF
00010001
0001FE01
01FE01FF
00FC00FF
FFFFFFFD
010101FF
FEFEFB00
FEFFFD00
FF090008
00FE0B00
020204FF
FEF2FCFF
FF010003
00000300
030400FF
04FEFFFF
FFFE00FD
FF010001
01FAFC00
0000FC00
00FF0103
FFFFFD00
0800FB00
07070300
FF030001
FFFF00FE
FC010100
FBF900FF
0003FFFC
01FF0201
FFFCFD00
0502FE01
FEFEFE05
0100FF00
02FE04FF
06FC00FF
FF01FFFC
FF00F400
0CF6F200
0B0AFDFF
FFFB0001
0000FE00
01F8FD01
07FFFCFE
FF000004
01000100
0CFEF7FF
030C02FF
FEFEFF03
00FFFDFF
0200F3FF
02FE00FF
00F800FF
00FEFF00
00030800
FE0DFAFF
01010001
0001FFFF
13FBF5FF
1616FEFF
FF00FFF9
01000601
00010600
FEF6F7FE
00FEFF00
FFFF0000
00FE0100
01FBFEFF
00FD0101
0001FDFF
FCFFF9FF
FFFCFEFF
FEFBFF05
FFFE02FF
FEFE0201
FDF90100
FF000006
00FFFC00
0300EDFF
040A0000
FFFDFFFE
0100FB01
00FE03FF
FCF9FAFF
00000005
010001FE
05F9F700
06090402
FF05FFFE
FF00FE00
FF0101FF
F90D0400
01FB0002
00010200
FCFF07FF
FE050000
0100FFFC
0001FC01
06FD0400
02FDFBFF
FF030005
00FF0100
03080100
04120600
01FE01F9
FFFFFE00
02FC0001
080DFE00
FE0100FD
FF00FFFF
02F502FF
0A06F700
FFFC00FC
00FFF800
0301FDFF
06FFFDFE
010201F9
FE0006FE
0D0206FF
0306FF00
00FD0007
01FEFC00
09FEF400
0B1C0B01
FE0400FE
00FF0301
FF000000
F8FDEE00
00FEFF02
FF00FE00
020008FF
010500FF
0001FFF7
00FFF801
0504FF00
090600FF
00F500FF
00FEFC01
F402FF01
F7FC01FF
FFF900F8
FFFFF801
04FFF500
05140401
00FBFFFC
0100FCFF
07FCFEFE
00FBFE00
0000FFF2
00FFFC00
FFEFF500
0A1EFB01
FFFDFF00
FF00FF00
FCFF00FE
FD03FFFF
FFFD0102
0001FBFF
FFFC0000
00FF01FF
00FCFF05
01000401
020307FF
FF03FCFE
FFF60101
FF00F0FF
020304FF
FE170600
00FE0002
00000400
03FF0600
05090300
FF0601FD
FFFF0700
0604F800
050CF6FD
0001FFF8
000002FF
02FEFD01
0A06FAFE
01FFFEFF
FF000DFF
06FE0B00
FA07FA00
00F200FA
FF01FBFF
02FCFF01
001500FF
FF080003
00010A01
0209FD01
F6FCFAFE
FFFFFF00
01000300
FFFF0400
0107FFFF
01010000
01FFFFFF
0400FDFF
090D05FE
FFF4FF03
FEFFFCFF
F3FAFA01
F9F905FF
000001FB
FFFFF801
05FB06FF
060E0400
0102FEFC
01010000
0BFCFC00
0B080401
00050106
01000500
050A00FF
0A0E0EFE
0000FFF8
0000FD01
FFFEF5FF
0C15FF00
FFFD00FE
0101FD01
FF0100FF
FFFE0001
00010104
00FF0000
FBFFFE00
010A0501
00F600FF
0000F800
F9F70701
02080200
00FA0101
00010100
FCFEFEFF
00030000
FE030000
01FF01FF
00FF0100
FF020200
0101FFFE
FFFFFE00
FDFF02FE
00080400
FFFD0000
00FE0301
0E010601
060DFC01
FFFAFF01
0101FAFE
01FA0200
05010000
FF030003
01FF02FF
0302FF00
FA00FFFF
00010100
00FF02FF
FBFF0101
000700FF
0105FFFD
FFFF00FF
00FAFF01
010D0500
FFF3FFFA
FF00FA01
F1FF02FF
FBF8FB01
00FEFFFE
0100FE00
FF0104FF
000404FD
00FEFF00
000105FF
FEFF00FF
FC0B00FE
FF03FFFE
01FF02FE
FD01F900
050B03FF
00FFFFFC
000004FF
0BFDFA00
0712FE00
00FF0100
01010001
FF020400
FFFDFF01
000101FF
FFFF0300
FA01FEFF
00010000
00FA00FF
01FEFEFE
03FF0300
FDFEF9FE
FE050005
FF0107FF
FD06FE00
000AFEFE
0105FF02
FF0004FF
02FDFF01
FE0401FF
FE00FFFD
00010001
010104FE
0101FF00
0002FE02
FEFF0300
0203FE00
FFFDFF00
000100FB
FFFF0200
000104FF
FDFAF7FE
FF0201FF
01000300
020103FF
FE0002FE
01FB0100
FF00F9FF
FAFF0200
FE04FEFE
02FBFF00
FFFFFBFF
FE0106FE
020502FF
03F7FFFC
00FF00FF
FE020701
FBEEF8FF
FF0000F9
FFFE01FE
05FEFDFF
0401FB00
FFFB00FE
FF00F8FF
F60100FF
FDFFFC00
FE07FE00
00FEFFFE
03FCFD00
08FFFF00
FF000001
0100FD01
F8010000
FF0300FF
0000002B
FFFFFFDA
000000C4
00000116
000002F9
0000022A
FFFFFF93
0000013F
FFFFFFC7
000001E4
FFFFFF5F
FFFFFF6F
FFFFFF86
00000015
00000047
FFFFFFBD
000000FD
0000026E
FFFFFFA7
000000C8
0000017E
0000000C
FFFFFFBC
FFFFFF7F
FFFFFF7C
0000015E
000000C4
000002D7
00000182
000000AE
000001B8
FFFFFFB5
0000003F
00000100
00000088
00000100
FFFFFF89
0000014F
FFFFFF94
FFFFFFC2
FFFFFFD3
0000029E
0000029F
FFFFFFB5
FFFFFFFA
0000003D
FFFFFFCF
00000246
0000018D
0000002D
00000145
FFFFFF4D
00000003
0000018D
FFFFFFD1
00000011
FFFFFFE0
00000271
00000225
000000C7
FFFFFFAB
000001D1
FFFFFF56
00000053
00000007
03FCFB00
00000002
00000000
00000000
FF02FF01
00000004
00000000
00000000
2816F4F2
00000034
00000000
00000000
2109DAEA
00000020
00000000
00000000
F7F0DDE7
000000F5
00000000
00000000
15FC1ED9
00000015
00000000
00000000
FC010300
000000FD
00000000
00000000
FE0E0D28
000000FC
00000000
00000000
FF0106FF
00000002
00000000
00000000
EBE4F313
000000DF
00000000
00000000
0100002F
00000001
00000000
00000000
00FC0301
00000006
00000000
00000000
07010002
00000002
00000000
00000000
FE010500
000000FC
00000000
00000000
01000028
00000001
00000000
00000000
FFFE0101
00000005
00000000
00000000
F30DF92F
000000ED
00000000
00000000
12E225F6
00000017
00000000
00000000
09FC042C
0000000B
00000000
00000000
062F020C
0000000B
00000000
00000000
0100FA39
00000001
00000000
00000000
02FEF71C
00000002
00000000
00000000
02FE0100
00000000
00000000
00000000
FE03FD01
00000010
00000000
00000000
060507FE
00000005
00000000
00000000
EE3B0F25
000000EF
00000000
00000000
00FF081F
00000000
00000000
00000000
33BDFCF7
0000004C
00000000
00000000
ED021E0F
000000E1
00000000
00000000
FE000722
000000FD
00000000
00000000
FC000F26
000000FA
00000000
00000000
020201FA
000000FF
00000000
00000000
FE040302
00000004
00000000
00000000
1522FF0C
00000024
00000000
00000000
300D0EEB
0000003B
00000000
00000000
F11E0C09
000000E3
00000000
00000000
02020501
000000FE
00000000
00000000
FDF7ED1A
000000FB
00000000
00000000
02020001
00000005
00000000
00000000
FE01FF02
000000FE
00000000
00000000
FF00FA02
000000FF
00000000
00000000
F60D27D1
000000F4
00000000
00000000
08D800F8
0000000E
00000000
00000000
01040102
00000006
00000000
00000000
FC01FC04
00000000
00000000
00000000
00FEFB2A
00000000
00000000
00000000
FEFE0101
00000004
00000000
00000000
ECCBEFFF
000000E8
00000000
00000000
ED24E30D
000000E5
00000000
00000000
FBFCFD00
000000FD
00000000
00000000
EEE10924
000000E5
00000000
00000000
FD000204
000000FE
00000000
00000000
01FF0001
00000001
00000000
00000000
EDD917EB
000000E9
00000000
00000000
02FD08FF
00000005
00000000
00000000
0100FE00
00000005
00000000
00000000
000401FF
000000FE
00000000
00000000
26EAEFD4
00000031
00000000
00000000
0111D8EF
00000001
00000000
00000000
FFF1014A
000000FF
00000000
00000000
05FE0301
00000008
00000000
00000000
FB0AF936
000000F7
00000000
00000000
01FFFF21
00000001
00000000
00000000
00FE0325
000000FF
00000000
00000000
00003362
00003157
00002DAF
00001343
00001B1E
00000000
00000000
00000000
00000000
00000000
00000000
00000000
00000000
00000000
00000000
00000000
00000004
