@00000000
E2F7E8F1
E1E7DFF1
F7F6FAE9
0B01FF03
D7E40200
2714082C
31F7F1F2
E410EFFB
E9EDFEEF
2A06DEEF
F6D9F119
1FFE0317
05043A1B
F6E6DE14
D33717F9
FEFE020F
030D2716
D4E80DF6
C1F00719
FC070D3A
05E909E5
E1D740E9
210AFE28
0724D80B
F705F8EB
EFF8E5D0
EEF8F4F0
02DFCADA
46351404
12103824
D5221CF8
0A14F4E6
DEE3110B
0BF8040F
3D212734
F4FD03FB
03050C00
04F7FE26
F7F8FDF9
09070606
C5E20503
231A0D15
1DFE03FA
F607F9F9
FD01FC02
4FFEFA20
E1DEE027
F4C0DCFB
E7E0F3E7
01ECD9ED
CB411AEB
12F80003
FC121D20
D0E310E5
B90307FE
FD021F37
03F80AEE
DED64AEA
18F6F321
FC11C610
17FEECDE
2D1D2209
18240533
FCFEEF03
FBF707EC
E8C8FEFE
021203ED
E6010E09
CDC9FBE6
F1F9000C
F3F8F9ED
FDEDFADA
110017F8
270A0D42
04040509
1013100E
D1E00D07
23180716
06FBFEF8
FCFC02F9
140DF818
2E01EC01
EADEE318
20F20405
0C163017
FCECFB18
D73712F4
FD050107
F7080D0C
E8F211F3
C3F9F909
FE05162A
06EC10F4
ECDA3AF0
1708F520
F620E902
060400FF
E5F500E2
EAF3F6F0
08101220
E6E00CF6
D3C610F7
24FC040B
0004091D
ECE6FD04
F50F0E0C
E9ED05E5
1AF803EB
00000000
00000000
00000000
00000000
00000000
00000000
00000000
00000000
00000000
00000000
00000000
00000000
00000000
00000000
00000000
00000000
00000000
00000000
00000000
00000000
00000000
00000000
00000000
00000000
00000000
00000000
00000000
00000000
00000000
00000000
00000000
00000000
00000000
00000000
00000000
00000000
00000000
00000000
00000000
00000000
00000000
00000000
00000000
00000000
00000000
00000000
00000000
00000000
00000000
00000000
00000000
00000000
00000000
00000000
00000000
00000000
00000000
00000000
00000000
00000000
00000000
00000000
00000000
00000000
00000000
00000000
00000000
00000000
00000000
00000000
00000000
00000000
00000000
00000000
00000000
00000000
00000000
00000000
00000000
00000000
00000000
00000000
00000000
00000000
00000000
00000000
00000000
00000000
00000000
00000000
00000000
00000000
00000000
00000000
00000000
00000000
00000000
00000000
00000000
00000000
00000000
00000000
00000000
00000000
00000000
00000000
00000000
00000000
00000000
00000000
00000000
00000000
00000000
00000000
00000000
00000000
00000000
00000000
00000000
00000000
00000000
00000000
00000000
00000000
00000000
00000000
00000000
00000000
00000000
00000000
00000000
00000000
00000000
00000000
00000000
00000000
00000000
00000000
00000000
00000000
00000000
00000000
00000000
00000000
00000000
00000000
00000000
00000000
00000000
00000000
00000000
00000000
00000000
00000000
00000000
00000000
00000000
00000000
00000000
00000000
00000000
00000000
00000000
00000000
00000000
00000000
00000000
00000000
00000000
00000000
00000000
00000000
00000000
00000000
00000000
00000000
00000000
00000000
00000000
00000000
00000000
00000000
00000000
00000000
00000000
00000000
00000000
00000000
00000000
00000000
00000000
00000000
00000000
00000000
00000000
00000000
00000000
00000000
00000000
00000000
00000000
00000000
00000000
00000000
00000000
00000000
00000000
00000000
00000000
00000000
00000000
00000000
00000000
00000000
00000000
00000000
00000000
00000000
00000000
00000000
00000000
00000000
00000000
00000000
00000000
00000000
00000000
00000000
00000000
00000000
00000000
00000000
00000000
00000000
00000000
00000000
00000000
00000000
00000000
00000000
00000000
00000000
00000000
00000000
00000000
00000000
00000000
00000000
00000000
00000000
00000000
00000000
00000000
00000000
00000000
00000000
00000000
00000000
00000000
00000000
00000000
00000000
00000000
00000000
00000000
00000000
00000000
00000000
00000000
00000000
00000000
00000000
00000000
00000000
00000000
00000000
00000000
00000000
00000000
00000000
00000000
00000000
00000000
00000000
00000000
00000000
00000000
00000000
00000000
00000000
00000000
00000000
00000000
00000000
00000000
00000000
00000000
00000000
00000000
00000000
00000000
00000000
00000000
00000000
00000000
00000000
00000000
00000000
00000000
00000000
00000000
00000000
00000000
00000000
00000000
00000000
00000000
00000000
00000000
00000000
00000000
00000000
00000000
00000000
00000000
00000000
00000000
00000000
00000000
00000000
00000000
00000000
00000000
00000000
00000000
00000000
00000000
00000000
00000000
00000000
00000000
00000000
00000000
00000000
00000000
00000000
00000000
00000000
00000000
00000000
00000000
00000000
00000000
00000000
00000000
00000000
00000000
00000000
00000000
00000000
00000000
00000000
00000000
00000000
00000000
00000000
00000000
00000000
00000000
00000000
00000000
00000000
00000000
00000000
00000000
00000000
00000000
00000000
00000000
00000000
00000000
00000000
00000000
00000000
00000000
00000000
00000000
00000000
00000000
00000000
00000000
00000000
00000000
00000000
00000000
00000000
00000000
00000000
00000000
00000000
00000000
00000000
00000000
00000000
00000000
00000000
00000000
00000000
00000000
00000000
00000000
00000000
00000000
00000000
00000000
00000000
00000000
00000000
00000000
00000000
00000000
00000000
00000000
00000000
00000000
00000000
00000000
00000000
00000000
00000000
00000000
00000000
00000000
00000000
00000000
00000000
00000000
00000000
00000000
00000000
00000000
00000000
00000000
00000000
00000000
00000000
00000000
00000000
00000000
00000000
00000000
00000000
00000000
00000000
00000000
00000000
00000000
00000000
00000000
00000000
00000000
00000000
00000000
00000000
00000000
00000000
00000000
00000000
000007AC
FFFFCAC7
00000C91
0000068C
0000114C
00001173
00000E09
000000A5
000015F2
00000F93
000009CF
00000E82
000000FF
00000A49
0000369F
000009AC
00000007
FB14111A
F0FAEDF5
0625F4F1
ED2F3808
020A1C12
F9ECF401
1B0D0207
20250322
00191007
1010EA07
FC1AFEEA
08EBEEEF
001E08E7
E40D1D17
13E20315
F40DFBFA
F307FAF0
010014F2
FB020800
0311FEFC
00F9FD04
01FFFC03
F909FF01
F9F40803
F3041012
E5FD2107
EFF6100A
F9F1EB1A
03F30CF1
F1F3EE16
03FD04FA
F4040C0B
14F2FE07
1F14F0F6
E914F803
07EAFBF6
09031419
F6F7FE02
07100EF4
050F170F
F6F9080C
FF0A07F1
EEFFFF00
FCF6EDF5
F8FDFCF1
01FB0405
010300FD
F8F5F502
F5F7F8F5
03FCF7F7
04FEFB04
000E0404
0209FAFB
030107FD
01FC0A06
FC0BFC06
FE0305F3
04080502
05070405
FFFEFC02
04F4F7F0
F7FD0003
FFF6F9FC
070C00FC
07060805
FEF7F502
FF01FAFE
03FC02FF
0902F90B
030AFDF8
F9000708
FBF701FA
03F404F8
0712F5F7
010F0804
DE1A0EFB
14040FEF
D7C1C70C
00153926
EFFAFD08
0AFBF5F6
E5FB08EF
01F309FF
19F8F713
17100DFF
0CE60308
E41FE301
02CD2AF6
ECFFE5ED
F1E5FDDF
F01600E9
0018FEDC
F700FBE8
FF09100C
03020004
03F5FD0E
FBFDECF9
E41D12E3
EC1AF1F1
F501D403
1C27252A
0D0A03E4
F7070105
FD010EF7
070B140A
021E0C1F
DDE2F5EB
F3F0E4F6
EFFB0300
02EA0C05
F5130B04
09FB160F
0214F609
FDFFFEF1
10FCF1F2
1C1CFB15
DF001CF4
08ECFC1A
0FF7F70C
02150100
02FC050B
1600FF04
EF1BEBF6
FCF208FE
F9FE0000
FE0104F2
FAF2FA09
F705F9F0
01FFFDF6
00FA00FE
0E04FC02
F7060402
06FB0A01
FB080600
F30604FE
FB11F8D4
FF13010C
09F8FD10
0208FA01
FFFA0D06
FD0101F6
F8FF0F01
0AFE0AF7
04060D0D
06163719
F6FAEEF5
FDF5F7F6
02110903
40270D09
CBB1C534
EB2221FD
10FB02F6
0A01EF0B
11EFEB11
03F0F203
EBFE1205
F109ECF5
1602070D
EE1411D4
04030700
1415EBEE
0BFE06F7
EB143405
031111E4
F6F6F9E2
00090505
EBEF0100
D3F30EF6
D6072204
C9311E03
EE37FAFD
03CC110B
17F00ECF
FEF8F8F2
00221806
E7050F0C
EEE30BFB
FEF4F401
191B160B
07072004
0A030C0C
06090509
F80403FF
FBF8FF0A
100CECF5
DADADD01
3A11120E
0114173A
F5F4E6F8
11FAF218
1707E6FD
F4EEFBF1
F9F3F6EA
EB0EFDF0
19EBFE21
03F2FBFE
0C02F1FD
1005FDFE
F00D01F0
FFFDFBE5
F6F6FEF7
FD010004
FBFBFCFD
F8FCF00D
05FFFAE7
E81C15EE
F029FD00
CF05BEFF
15181C1C
E8D6EEFA
E7DBB9DC
F30BE9E7
EBED11F3
1AF8FD0C
E61BE905
0BF003E9
F2040408
F3F8FCE6
020B0D05
F2101315
04F5F405
ECEBE1F9
F92A1A15
EBF5F502
0904EDED
27FFE41A
061FF7F3
FEEC0CF0
0C05F7E8
D9270106
15BB41ED
20FDDA1F
28180805
210BEF15
F50603E6
FE0EF8EB
FBFA01F3
000A080A
DFF0FEF9
F60E2EF8
E7182409
DD16F019
F90B0A01
DBE3F827
21E426DE
0AF702F6
1CFC030A
E2F20309
F0E2EC00
08E9E1EC
16220C0A
00EE2205
1F071A1C
FAFA0215
FCFD0FFB
FB01FDFC
FC08F703
FEF40207
04ECF4F4
0D07F701
01030AFA
04FBFF00
10E0FD12
F3F2F502
01F3EEF0
EFE7F0F5
F2E9F5EB
F7F60809
F0F0F3F9
FAF3FB03
23EBE510
FC07F0FA
03FEFE0B
04FBFEFF
1406FE03
02FCEAF8
02FCF3E4
F2F0FCED
EFF7F6FB
F4F1FD22
0E13F6F9
FE0907E9
0E0002F6
EEFCF9FC
D4E1FCE7
09E5E0FB
10311F24
ECEE20ED
F1F80E07
06010603
EFF90804
0AFC060B
132EFE00
F0DFE413
15EFFA10
FBFFFE05
FC01FFFC
0E0BEAE9
E01721D9
0FF4FE0A
12FD150B
CE1400FE
38DB041B
EE07FCF2
EE02FDF0
E80406D3
FCEB0725
E6FB1931
FEF7FC16
04FDFC04
1CF40104
F5E5EA19
EAEAFAF7
EDD3DB3A
F6CC303C
E33BC7F6
F41A0C4E
110603C7
0100090E
FB13F505
220E0014
132F02FB
C6FBD9F2
12FBF00D
05FB0D09
FE0EFB03
0B00F7FC
FB060EF9
1711F9F3
F7F60706
F3FDEAFC
06F105F7
04050007
4121CB1B
F02C06CB
0CFC00D5
06020204
9C440906
3BB32238
1006F1EB
1E10E9FD
FF0B0AF4
F4032BF1
FE1315E8
FAFE00F6
05030303
F1F1FBFF
EF000EF9
B70C1CF7
BD361822
D51E0229
D922E91C
0DFD010F
FC07F7E3
02000405
FEE904FE
27ECEC24
160BE4E5
F819EBFC
00FE03FD
140505FB
FB010A17
010100EE
F80C0202
FAF806F7
0EFFF61D
02EBECE7
07FF0C03
06FEF70B
F617F7E1
E1F320EC
F4E4FF07
00FDF9EF
EAF6FD08
24E80112
F4130AFA
FAF8E9F0
EE0005E7
FFF0141C
04F51B21
FBFBFF1F
07FDFAFD
0800FF01
FAF7F715
EFE4EEED
E6E6E830
FAEA0A1D
E903E606
00F0FAFE
01FAFCEC
FDF0F3F8
FE0EF401
220BFF05
FC1F060A
D6EDFDE9
1FF1F311
FF031B16
02FA0509
EFEDFA01
FCF4F7F2
08FFFC04
02F5F3FD
04F90C09
FBF805F8
0F03F902
F904FD01
01FB0402
1010F405
0A061401
FE08FA09
FBFCF215
F701F803
F0EF10FC
FCF0F801
F51207E4
F20D07E8
FB00FFF1
01020500
F8FD02FB
ECFC04F4
F9041719
EF0D1CF5
F307FD03
F310F6FD
EF0BFB05
082C210C
141F433A
FDEC041D
0FF7EA14
0B0D00F2
E6F5EFEF
0900EBFE
231A4937
E8EC0021
DFEDFDE5
29F90D1B
F0F20B1D
050C05E8
D90F1E0D
E7DED9E0
1207FDF2
04EC0015
FF03EDFC
E7ECEDFA
FB00ECE6
07F3220C
FD03F006
060C03FE
F6FB07FC
F1F20002
F506F7F7
F3F2E4E7
040B07E1
FD090B08
F503FD02
F40A18E4
16031311
020204F4
040EF5ED
0D2B09EC
F714FB1D
FBF6FEE9
05F5F0F8
0D15F5F5
F5FA03F4
F1030600
F0E00AF2
0702EC09
F0D3D3CB
291AF1FF
250705F8
DBFEE4E8
FF0BE3DA
F9E7E1EC
2E170A1B
09061F28
F7F10400
01F8040D
FBFCFFF5
190EF302
FEF40C0D
0FFEF1F4
040EDF02
15120CE9
2C1AFF0F
2516F91A
E102321E
E5F81707
FAFCFBFA
FB020906
0A0401FC
10FFFE1F
EFFBF9F8
E702F913
EC001211
FB36F7E3
E41FF333
F9FA12E7
0FEFFF0A
05FEEFF9
F8F1F301
E5F0FC0C
F6E50CF5
0207E90D
21F5F0E4
060B0A23
0901FFF2
FBFBEEF1
ECF2F6ED
010013F7
08FF0010
F4E70610
F800F4F0
0CF4F303
1902F708
FF132602
25EF0228
0FF7F6FE
FA0909FC
E0F5FA03
040BF7E6
F1F80A03
070EF8EC
0512ECF1
080808F3
01FBFDFD
1B23FCF6
1D3A0DF4
F6130AE8
F611FFEF
0C0707F1
15FA09FD
FBF007FB
06EFED0D
F4FDF3F4
03FFFAF7
E7F412ED
EEDE072F
11FA03F5
EC1022FF
1DF2E1D4
282F011E
04F106F8
FDF3E0F4
05FEF6EF
F7F4FB04
3E07FEFD
E1FE0E1F
EED9DAE3
1104F0FD
F91DFDF0
F1F819FB
E2E8E7F3
F502E9E1
0EEC030A
0112F9F6
0BFB0202
02FAF002
F00A1804
FAED0DF9
F9FCFE08
FDF9FCF9
0F0AFDFC
FBF7F114
FEEDEAF0
E40E04FF
F7000806
DCF3F731
19EA1DDD
05FEFFFD
0CFEFAFC
0825FCFE
DCFB28E4
15DCF31C
0118091A
FDEA01EF
FFFFD996
00000A8F
FFFFFE87
000007D9
0000003D
00000D47
FFFFF9FF
000003AB
FFFFFEC3
00000376
FFFFFADF
00000A4E
FFFFFE22
00001135
00000A33
000003C9
00000008
0537252C
E8F1F0E6
151FEAEC
FD1E1A12
0707E1E7
FF1C0610
FDEBFCDD
7CF1114F
0F20E936
F9180606
DDE11AF3
0F05FEF2
0A0EF8FF
180EFDFD
3912FA02
0C060BFB
0100E717
02EEE4F5
0D2712F9
DE08ED0B
1CF0F9BE
FB05BEDD
E7EFFBDF
3612EDF9
FC0504EC
06FDFB03
F01301E7
22F6FC03
1C22E2FF
F900F209
E20C0F06
FDE7290C
FAE3F900
0FF5DCF8
EA250B51
02D7EBE0
F0FD12FC
06FBE4F5
03F30EFB
01E4FA0F
36F4EDF5
3111D935
EAF5E4E0
DFF926FC
06F31721
1E142F01
FD040618
0F13FDD9
DCFB00FD
13CEF2F4
0623E923
F4ED230A
B9D92BF9
DFD0FCDD
EEDFE4FA
E5DDBCBC
0B0927F5
0BF1121B
F81AEC1D
DEDDEFF9
05E6E4ED
1A05F123
0611F6FE
FFEA0A13
00F30D06
DAF4030B
19F80B0E
0D000C19
09EBE3F8
F9E2C0C9
0DDCEDF4
F735EE01
06FE140D
0DF4FA03
F40F12FC
FBBAC333
FD0EC0AD
CFECD8DD
01F004E8
F1F801F5
F30208EF
C501C3E0
D2D200BA
FEFFDD03
0816EADB
F2FA05FD
C6C3EADB
05DFDAEA
E70BF5F5
180908F2
0DE2070E
050EE102
FBB5BFEE
EFE599C8
F2EAE9D1
381CF40D
F61E0911
2BEFF00B
FB11F6E7
23FBF30D
0705E717
07FBF8ED
FAF7F4E5
E1FAFEF7
E6F6F6DF
D70DDEFD
B2C201D3
0FCED801
FDFE2703
14F5E507
ED0B34F4
FBF30641
F90401EB
1A08E100
DAFA01F6
CAEBEBB4
2B4421F7
EAFD04DF
E4D701FB
1712FAEE
F2FD0705
06DD080E
171DDF22
0D0B16ED
D718F8EB
D9EA0DC7
E4D4EA07
BBB2CCB4
0A2619F1
FEF911F5
E80E1118
3625100A
F0ECEC11
24041A3D
FBFAFAFA
03E803FA
FA02E912
1C14D4FF
FA0D07F0
24240603
05F1FC1F
FFE8D8FE
1FE01404
EF18E9F7
F413EE08
FB16ECC8
110EF00C
F20F10F0
CCE90700
1E1CFE09
F720260B
02F33214
E0E0FAFA
FCF2F9F0
0804EAFB
F9F8FB05
ECD7CEC8
E5F1D4D3
F2D5E2E4
F900EEFE
040CEEFB
0F0D0001
07030908
F00605FF
FE2307FB
FF0E2F0C
140DEA03
F30B1A00
F7F30612
F80DECC1
29150415
02041304
EAFFCED9
D8F61EE8
F6D7DC14
E8FAF6F3
08181004
D11419F6
F8D503E2
FE0B0D1E
FB20290A
EDD70800
09FB05F4
15F3F525
F103F4E9
E5D4D8F7
DCEAFCDF
B2DDF2D2
02F91FD1
F30AFEFA
FDFC01F8
06FFF2FE
EFFCEEE0
340302F8
DB1A21F4
ECE0E1EB
EDD91113
03EADBF9
15DDFB2C
F011D4E2
F8F71B06
01EEF11F
F9E5E1EC
111CEDE5
100F3925
0C05F71E
071414F3
F505F307
FD012419
06F7E600
F11C12E2
EAE60909
0C0602F0
F00E0B13
25060CEA
F50E28F5
D02A1F1F
05FF01D0
F0F7F528
F0F0F914
D0D9EDDB
E5F0FDD4
1C1E1505
05160A0B
F5FE18FB
F40D01EC
0EFBFF00
0F08EAF2
D7D48D90
0AF9F2CB
0908060F
F4031E11
EAF3F7EC
F9F800F2
F504120F
ECE70C1A
0B071F03
FF0C0811
1AF1140A
ECF50205
C8001111
C8EF02E6
261933EE
AD03F509
B4BACAB3
E4F407C9
F8CEC7D6
04010905
F9EAF500
EAF3090F
0E1EF801
01F10F0B
0313F4FB
FF2EFBDD
2818DF0B
E9271ACE
23EE13FC
2A05D92B
1DE50401
1B23FF22
FD0C1BFF
07FCFAE7
0F12F801
0A1A2601
0526200F
120DFEFF
EDDFF602
18F4FB06
001210F8
06071DFC
00FD1CF2
14E61B2D
F506F523
FA1503EB
FD07310D
F0DEDF02
F2F3F0FA
EF00F4E7
01EC06EB
FF1F03F2
1238F2EE
DD091407
31DC093C
F2E3031B
E5F406FD
F9ECEAF0
EAD70AEB
040901F8
F7FE1715
0E10F7EE
F0FA0B00
EFE61517
020FE4E4
4A3BFDFF
F5000B26
ED0DEFE7
E81724C2
F5F81816
ED081DF1
0900F708
1107FDF3
0C30FBEF
FA0309FF
F4F9F1F9
FB14F205
F60515FF
0AFE2317
0616060D
0C1FD502
0824EDC8
EC0C11E1
E2D2EB03
F5E0DEEE
12D81002
F0FDFF0D
EC0517F4
0DF50EE9
F8EFE400
28D0C8E9
0610E9F7
243FF7F3
CD3404B4
B9AB08DD
14EED218
0D080704
0804030F
02020500
FFFC0205
FCFDFDF3
060601FB
05F60100
07050403
04090307
03FFFF03
FAF60500
01020103
01070BFE
F7F70300
FBFDFDF5
02FDFDF8
08060203
05FEFB07
02F90002
FA03F3FF
03FB00F5
01FCF1F4
05FDFDF1
0105FF05
0602100E
04FF070A
FEFDFA01
FDFFFD00
0405FDFE
020408FE
FF030503
02F70309
FCFDF8FF
FCFEFEFB
F2F3F8F8
02F6F8FD
FF271513
0C02FF07
F20302F5
F9F2F505
09E8EFE3
0EF2E828
EEED0E16
010E05F6
F1111A03
D414E8E0
EBEBF9D6
0F1D200D
092D0FF1
F50FF1F7
D2E018E8
F101FE0A
D6E60FF5
00DBEAF6
EBFF0202
DEEDEEDB
EDF8E0FB
0903E9EA
D3ECF6F7
150215F4
D7FBF603
39F40AFF
111EF414
2F0602FC
053CD40B
F30D1BDB
1A042734
E5F5FD0A
DD404BE3
DC1C2606
F1DA19DE
1EF7031D
FAF0FA0F
F610D0D1
181905EB
FDFEEFF7
FAE3E9D9
1CF5E01E
E0130DFA
09FD1304
02EF0613
D9F4E4E9
D1F4FAD5
211E0114
0715E7D2
F8F7F3F5
F2E70002
0EF5F417
0A1D0C14
FF05060B
17111E07
F9F8201C
0B12F9F5
132715F7
F21B1706
E2DA080D
EEE6E4F6
150BEBE5
112C1300
11F31814
1A0DDDF0
E5DEFE00
0DB9C8F5
FA22E9EE
F3202CF0
E41F10E7
E2D412E8
1E15FC29
E8140FFF
FAEFF0E2
E22918FE
F3CCF833
E92ABAAA
C1EB20E4
F3FB18F5
F8F5E6DF
030D15F8
FD08E904
E7FCFFE1
FBFE02F9
F904E3BE
45F826F4
E421280F
0315F5EB
FA1E021D
0E0A1604
0E1904FA
F5EE1239
18EA0310
F212B8C9
2EF11DE2
1006ED0F
12FCFDFF
C0FBDBE7
D6EE09A7
FF090C18
F7ED2928
DFEA0F0D
F501F9E2
EBE31B09
08F40306
13070023
2D11091F
34F2FD07
F00C0BFA
FEF8F6F3
12E91BF3
FBFBC80E
0A1304E3
FAEC0419
DEF7FD1E
D7F005D6
191B40F2
F014E6E6
FF0A18F1
00F40B1E
140C0C19
0A12FD0A
FD010A0F
DBF3F104
33B54D3A
14EAB45A
2AE70021
EB16CAD6
DFFE2117
13EF1D2B
C3A9F625
400DB7EF
FC515303
F4F10E0C
F5D7EC19
EFEDD400
2E1FF6F1
0301FE2E
15EFF80F
EFFBF407
DEC20003
4AD0F52C
D30BD502
12FAF6E0
C6F1E1E7
ECF1E3B7
FCF6F9F2
06142824
CCF11C1C
133500E1
100E2A08
03D51C1A
23F5D52D
07F90A10
091EF4F5
1D0BE5F5
1EECD4E4
18100010
12F00CF1
130AE701
ED200412
01EBF7F0
080CFCFE
16F11E12
F8F1E813
FD020AE8
07EA01FC
FD06EC0E
DCFA1C19
E8ED03D2
0FF0FC08
EB2C3116
F9EF40FD
06E4E515
0403DBE3
F7FDF6F3
1609FD01
E505F0D9
150B06FA
FC2A3DFB
D317EFF8
DFE9E7AB
07F1EA02
E8131719
B5FE0A06
F02C30D6
0C0B2710
E4EBFE09
F4E5FE03
1AFD020C
1D1E0607
1114070C
19DEDEEE
E9FE0020
4226DC15
02F714EF
D90E0008
0D0C08DB
09F21B03
17E32906
F7EA0A1F
E6F6E0EB
FD090A10
FE16EBFF
21F011F4
F240CDD7
E8F80AB8
03160C1B
C3D3F3E6
FA3A3F0C
02F41F32
07FAF914
EB0122FA
25E40D53
0931F913
FE0506DE
28E8F310
8C00B99D
02F209CE
29DAD1F7
0CDD14FE
1B1FE8F5
E3FD09E4
F503FC03
D8DBE6E9
1DF5F306
FB141311
01090AF9
F62414F0
E9E12D06
00DFFEFD
DE0C0F0E
03C7161F
FAEEDB17
00E7E1F1
10F61B12
04EDF3F5
F6F6D3DC
EFFE3E07
EF01F1F2
F5091901
E702EBE5
E4EC16E3
E3E8F0E1
DCE4E6EF
EEF30DDC
FEB4BAD8
300B031C
254F0409
1100F5D1
FC0C0516
10070E01
1F1A1625
FB0FE3F8
F5F8FFE9
080802F8
FFE51A0C
090DFE00
FAF7F9EC
F0D8FFEC
030BDB05
03F8FDE6
FEFB0B16
0C1D04F8
FB1F1D00
CD28F4FD
B41668C5
0BBE1857
13151B2B
04E90520
1BFC1D0D
E8EDFB19
05F7DDD8
F31D22F6
05F50B10
020E05F6
02070907
FA062402
0A2C24FE
1EF70E0C
F1F31C28
F604F0EA
28020AE0
280D2635
F503F706
E4E4F5E8
270C09F4
040EFC2F
12E9E41F
DE0ECAB9
1AB2C905
09E8A4D4
460B0FF9
100AD936
F1302823
050DCA06
F4FAFF15
181214FA
0B131310
04F6EA1E
F008E2F7
DE230DDF
F6071FEC
DE06100B
EFE9250C
1701161D
1202FF0D
13F80819
FFEDF0F2
10130AF9
FD071211
E50E0CEA
13F008FE
081DEFFE
FF0F06EC
F9040CFB
DAD61109
F5E505F5
EEF100F6
12EEFBF7
F203D50B
EF0B0B02
F9F2EEFA
EE03FBF5
2CFC0A07
E615C1F8
18EDDDDC
07F8D2D3
1100FCF3
150BED1A
D9060AF0
E4D3DDCD
2E2BEE2E
E50811DB
16FB0108
2618FDFB
F610F5F9
DF34EFE5
B21155B2
EED81840
FE03FE06
00F3FE08
1E052E00
02030428
0F0FFDEF
F8101408
08FBEEF7
F203EFF1
F32A2D0D
F407F7F1
FA100FCB
02F60F01
EBF0FD16
0D2115E4
04FEF3F1
130FEBF3
0916FF14
0000190D
1C170702
FE060828
0524FDF2
FD0E0FFE
161201F6
1A133F31
E914F71F
25ED3A09
16FDE434
F81AF7FC
01FE17FF
D6DAC9D5
F6F8D3C8
FE0600D0
21DA1530
050BE91A
F6F517F1
FC0F0CFA
140A1821
D2E901F6
EBF4FC06
FBFDCAB1
F207F418
EEDFE9EE
1827E6EC
D9CD0CF9
EFE0BDEC
FDE5FA13
EFDFF606
04E90B0E
E201FBF6
F9EFFEF6
2303030E
090AF612
08F6F60A
EA0905F1
D4E921E7
11EDDE23
0508FEED
0813FE1D
0F0EE502
E80EF9E4
01062105
FB0401F1
F6160306
E4E4D2D8
3E1BF902
2B001927
F009DDED
0916EEEF
EBF3FE00
EE13EFCF
ED012BF5
06E11239
EA01FEFA
CEC9F5F7
F8E51A0A
FAF6E7FD
FEF1FFF7
0D1C0B04
FE00ED08
0823060B
EC0A04F1
F500F0E9
E7F80DEC
04090BF4
F2E8000C
F0FFE8F3
E6FD03E7
FE08F7EF
0E110EF9
F70E3217
FE06FEF7
0CF7FA0A
23FEF508
1D091918
EC0F041F
E1E8FEED
F715FBF1
10FF4C00
1509F22C
1E07EF09
F2E9F000
F3D8DEF9
D6FAC8B1
121005D2
F406F2FC
F8DCD0EE
F1F4DEFE
0EE7EDF3
E9EAF712
B1A8D9F0
D6041126
04EDE0B5
16EC0010
EC24E4EA
11F802FD
FB14F612
16FA0603
F1DA1921
F4D8DC1A
EFE6F8FA
DFEFE9EE
F7FDFEF3
0A110509
21000438
EC16FA0F
EFF83014
C7CDD5CF
37E4CB1B
05160EF6
E010DDDF
0DFC14D8
0E01111D
F806FE13
13F00923
0202DCF9
DF060FFA
17FB1104
FE1505F2
17110601
F1F2F8EC
05E1F515
0914F011
100D1AFB
E32802ED
1FF8280C
E8F3FD10
CEF6DEE0
FAE2F2BF
F0EE001A
0DF9E30B
130803F9
FEEB130E
09FBEDF9
15F6F810
04E70B39
06F5F6F6
E5E22C20
E8D6F008
2E000616
FBE32D37
E7FEF0EB
E7D9F7FD
F91014F3
F4DAEB2B
07140CFC
D30FEEDE
32EDE8E7
0403F1EB
F0FDE4F7
DCEAECFE
E5DAE2EB
F010DCF7
1401F712
F714F8EF
0415180B
0318F7F8
FC0B2E0E
031A2027
F60618F8
F5F4F7F6
1F012706
EB060F1A
0AF5F417
F411EDD2
29191E09
E401F005
1D19F5DE
D8D3FFE4
07CFC8FC
3E1AF1ED
2A0F1129
F7F2FBF1
F401120C
E1CCEB01
12CEC3EA
1516EE11
112FFC00
EFEFEBF8
FA16FBE0
FDFF1FE1
FC020202
E9F2F0EC
0402FEF0
FAF9FBF4
02FF0306
081511FD
FE060B00
FFFEF4FC
FCF6FD03
FFFDFAFF
03FD0F06
00000102
F50B05FE
FD020D03
FBF700FF
03FEFF00
07010702
0A040403
0AFB0103
0904090B
FF0AFF06
FCFE06FE
03FF0B06
FDFB0A02
09FEF800
0A030006
07090208
090A0706
0707060B
FCFE02FF
09FAFDF8
04FD040F
F9F6F702
06FBF6FB
06050205
02070C01
1A08FA04
E80ED6E3
10F50DEE
2EFDFB27
EFEFF925
F3F0F20E
F8120F01
EB0AD4D7
1C0D0B18
FC0CE4D9
0C011BFC
08EEF3FF
08F9090A
E6054040
DDDE04F4
E6EDFA15
08E8090D
EDFB0204
E7E5F103
0EF8D6DA
F5F2FD10
F2E6DFE7
EFF6FBF4
C2D0EB03
00DDC6D9
28FDDFF6
0705FF20
F0EE0C03
F0EE0C0A
EBE1E0FB
07F80101
08F71E11
100F0500
FB030822
F606270D
FBFB0C07
16241306
EE10F3D9
21F2F4E1
0C0F0814
E2E2FF2A
E0C2E4F9
C6C9BEE7
DFF9C6C6
170105E9
07FAF3ED
1537F1E7
F9060D13
16DB2722
F103F419
F300FDE5
070E11F9
0FF2362E
C4E2F525
1521110A
F114D1C3
FAF8F903
EFEEE5FB
140AFADE
DFF01112
1EDAE809
400DFA1E
4515114E
ED011103
EFFC1201
EBEA0808
28020C23
0205F818
FE0DF5ED
EFFD0208
CCDFF9DA
E6E5EBE3
17F5042E
FEFCE7D8
14E7E218
D8F38CA6
FFFD15D0
D7E6EED3
09E0C2DC
2314D410
130214F3
34F2221D
0212E8E6
ED171B15
E9CBD31E
DBFDA9A3
EEE9F7D9
1B072215
F6E82E21
DFCDEF27
0B210602
1B0A160C
04D2E72C
0331C3BA
F7F3392F
0F3E2CF8
051C2A14
CFDFFBFB
0FDFF2ED
2C0A0CF2
FB010232
03D7D5FF
2A3112F9
EEFF2437
DCEC00F2
E702F9FE
FCE2E9E6
0F02E70F
0D2818FA
F808FA00
1507F3E3
F703F7E6
FEFC0807
0F1506FE
FDF9FEFB
DAE5E1D7
19F8DEF8
E7FAF30B
EBDEFEF3
F616F8EC
FA232B04
1D08FE06
12190410
0AD8EDEA
EB07F8F3
FEF70FE5
29201E11
CAE4F618
030400D3
F3100811
FEEB01F1
0006F80E
050001FD
1D11F806
E31404F9
110A0800
F7FC130E
0E3110F9
EA002DF9
5630FCF8
17300118
EEDBC3BA
F8F501F6
0809FE04
13FF10E2
F70D0A17
EF0809FD
0C0E4A2B
E6130322
19E430F3
2C03D00C
051B0726
0001F806
040EF91C
031E01E5
FE13FEF8
06DEE00A
FF0FDFEC
02F11103
1F13FA01
0E14341A
FCF7100E
ABE3D9E3
09F3FBB2
48FC0D26
1A4D080B
1C261307
E8D0F900
EFEAD3F6
DFC20C04
FFEADBF3
DA021EFF
D9DAF6F1
F0E4DDD9
2706F30C
1E30FA03
F01E06DE
EBE0FBF2
E7D2F7E7
1EF3EA0C
2FF70601
3306EB12
01030620
0209E0E7
F4170DEB
E0D913E7
23E9D10A
0A0733F4
0119EC5A
F2F20503
0CF7E2F2
031101ED
F4D0CEEF
FC15B9E7
03070701
E9F601FD
0AF12457
FBED1718
00E90A12
1F1202EF
E3E1FB10
EFCDCCF3
0010EED5
DF11F205
FAFB1303
BAD609F0
E1C1E9D9
FAEAFEED
D5FAF0E7
EEB4E8ED
0A0ED7D2
FEED1B3C
FBFF083E
F7DADCFE
F3000DED
4004FF46
00003562
0000246F
0000074A
00000E43
00004751
00002ACB
FFFFF977
00002FD4
000014D9
000020BD
00001200
00002737
00000D1F
0000246C
00001C2C
00002425
000018A0
00001EF9
00002250
00001C91
00002ADD
00001A52
00000BFB
FFFFEE39
0000368A
00001A42
000037F1
00002965
00002DA7
00000BF6
FFFFD78B
00001423
00000008
0D0F2037
FD0AFC03
FD05FBEF
07F3F9F8
FF01E8FD
E7EA00F8
EDF1EE03
F8F0F9FC
1E230CF5
EEFBF7EC
EFE50AF6
07FCF80B
F8FFF7EB
06F60903
FD06F003
EF0B0AF0
010000F7
F1F2F20A
F5F4F800
F8F4E8F5
05FE04EE
0B000705
0802F4FE
EAF50B00
EDE1E702
E9EFFF07
08F4EF06
0DEFF3FE
1A0100F8
27160720
E507FAF1
F408E1E1
ECF20501
09F5EFFF
0CF7FA0C
F4050004
05EDFAF3
0504FC05
F2E9F4FD
05F8FE07
2C08090A
FB081508
ECECD601
FFFAF3ED
F500FAFD
01F90AFE
F5F801F7
F3FE17F9
0007050D
E8FFFCF5
E7EA01E7
00E8E4F9
12FD1D00
EC030404
E900F9F0
FEDDF9F6
FE04F5F4
1FFE1C18
F7F70421
E7FA09D9
00FCECF5
FD1E0701
FD07FEF5
FFEBE500
FC07F9F1
F2F1FEF6
0601EC04
FFF6F2F1
13FCFA20
EEF7F7FC
FF02FAEE
000A1514
0BFFF4F0
16110D0A
FEF1F7FF
2010011F
ECFA0E1A
20251205
0FFE0909
21110410
0510DB1D
13F10423
09FEE808
F1FB0B09
FFF7F900
01FFFB0B
05F0EF13
ECE9E7E7
DB0AE1E4
E7F105DA
ED100F0C
0F15E0EB
F2F1E4F2
F70800E7
E9F20B0B
0AE6F7F1
F413FC07
070FF6FD
03030C06
F32807F3
F305FBF0
0617FBFD
F607F7EA
F3FEFDEC
FD080CE9
F8EFFBF7
15120F07
04021305
F21A0D0B
0305F4FB
E3F2F1FB
1200080C
DD020A19
16F5F103
0E0F00F2
F4F7010E
04ECE0FD
F801F411
04FEE1EC
180EFFF7
041B0309
EEEF050D
ECEBE8EE
FDF9F702
06F3050C
1BF20320
F1111F04
FB020FFD
0508E8FE
25194AFF
ECEA0E4D
03FDF2F1
031301FA
0702F707
F7001D10
F9ECF5F8
1711F701
FBFD1413
0408FC0D
ECDEF7FE
F6E3E80D
03FD0214
ED00FBFF
EFEDF4E8
0200FFF8
0E0CF502
ECEFF103
0BFBFD00
20F30607
1A411624
06FE1D12
F905040D
F3FF06F0
F3FE0C09
14FC041A
F4F502FF
1AF5FA0D
15140116
F9FB1106
F2E6EEF5
E0FEFEF2
FDF006F8
EDF0E8F3
E4FAEDEC
EEEAEFE8
FCE9F0EC
3013100D
08221009
F6FD1C0D
F5FE09F3
04F20205
05FDF4F8
020DFDF8
F5FA05FC
030204FF
F8FE0202
13FFFE00
FAFBF4F2
01F8090D
0A000206
07F4F0F6
0506FC09
FEF9EFF1
09F7FF00
06F20304
0407E808
FBFA0AFE
F9EFFE0E
FDFCF9F7
F4F2F0FA
F7FCFAF1
090202FF
F0181A05
0FF40EFE
FAFFEF08
02F2F9EE
EDF40400
F0EDE4F6
01FBFD06
0914F1F8
F300F4E1
E8E7FEEF
1510F8F7
F2050D07
F7E7FA0B
092006ED
161F19F8
0EE9EBE4
2F1BF8F7
F0F7031C
F6F9FD02
F4010306
FCF700F5
FEF5FC0C
08FC0509
F5F2EE02
F3F6EBF3
FBF800F6
FB02F704
FEF9FAFF
18FF06F7
FD051FFA
07F2E7F3
060C00F7
F3F6F9F5
0BFB07F7
1A0A0914
FDF5FEF9
030F08FD
02FF1013
06F3FC01
1FF7FCEC
EDFFF6FC
F7EAF6F3
FF0602F9
F516FC01
FEF5F5FD
01F3FAF9
FF02F603
1222FB0D
FEEE19FF
EEE107F9
F5F4FF01
F8FA120B
FBF4F102
EFFF03F7
EDE1ECF3
F604EAEF
0DFA0103
FA020404
F60504FA
FCF4F9FE
0001F3F5
F7F9FEF7
F8FE0BFB
11110A07
F8E70409
0FFF0001
230EFDF4
04F6FF14
F7EBEC0D
10F80C0C
0C1000FA
0F01EB00
0BF8EEFA
1AF6F506
143826EE
E0F42407
04DF11FE
0A00EE19
EA14F6F0
F8F61DE6
FBF3001C
F61605F6
17191B12
E0FE1AEF
F2F7EFF9
FFF4111C
F7F30813
F4F7E2EB
1222F2D2
231C0316
E81A12FB
F5EAFAF3
0AF1F013
070EF8F2
EAE60500
F7EFD9FB
F706FFED
02001702
EFE3F218
FFECF605
F3F7FD06
1B03CF0D
FBF902F0
FE000CF1
16FC0407
0FE0022A
E807DBEA
0B1412EA
EF0AF6F9
0501F5E9
2411100E
0908FAEA
F5F6F9FB
EBFCFBEF
0204FDF3
0AF30B10
0EE9D9F4
1C062405
1317EB07
EE0014FC
060AF008
0F04F603
11040102
11ED0403
0202FC0A
FF160F05
F413111B
F9EAE5F5
09F7EC1B
F2F9F8FA
F5FEFAF8
F5FF06F9
F6F7F2E4
FEF7FAF5
07FDE8F4
0EEBEDE9
02F6F40E
FD05F5F7
16ECFE07
EF0E0D0D
F2E90AE2
D80908E6
0BE90CFF
02080F0C
1D000112
E7FBE7F5
FDF708F2
09E2F10D
05FA0109
ECFDF9FE
F8E3D7E7
170DEBEE
F3050C02
0AED0108
160EF80A
E50D1404
0DE4FC13
F93110ED
002E1CFA
080F0D01
FB110301
EAF003F8
0FF6F90F
07F7F003
0BFCEB09
E601EAEF
E9F1E1E4
100206EC
F10107FD
1109ECF4
F7F0F70C
FEF4E8EA
F1F71206
E7EFF4F4
FFEFF2F0
0C17FF03
FDEEE2F8
F302FCEC
F2F80301
08F2EFF6
FFF9E4EB
2A21F6F8
FC0519FC
F105FAF3
F40D0BF4
32FFF015
17DDE601
F215DDEE
EEF4FFF8
01F2F6FC
F7EB110D
270FE31B
EA1F14FF
DFD508F1
FEF1F402
FD0AFF0B
01F4FFFD
EDF3F305
FF0403FD
ED060D00
F9F7FCEC
0C1C1D0A
0E20FC0E
FBF707F7
04FAF4FB
00170204
082209F4
F71E00ED
E7FCECEC
15F8F1F7
FB2107EC
2005FD13
152811FE
DC05FBF3
06D91CFB
FE050721
04FAFD05
F700E8FF
03F9FEFC
2BFC0409
1434E913
EDFC09E8
07290F07
0813F40F
0E0908E5
F619FC04
00000BF6
EBEA08F9
07F4EEFB
0F01F80B
FFFB0111
ECFB0100
0012E2F0
0904FCF6
F4F7FAEB
1826F5FE
F2F91103
09FDF4FC
1003E9F2
1F251218
F2E4EDEC
0706E6EF
0D05F5FC
FC02F7F7
E703FC05
06EAF702
F11C0A06
F3F403F7
00F9EEF7
0001F208
F60305F5
0A050200
FCFC0706
020F0508
E6E6F3FC
FD06F5E6
F702F909
05F8FCF4
F71E0DF9
F8FEF7F3
05FBE6F9
021301ED
F3F90C0B
EBFDF3E7
04EDFD02
05010F16
02FE0910
F8E9EFFB
08FB1409
0F14FA1B
010804F1
0B0515FB
031B1501
F70D0B12
110C0C08
F0F9080D
EDFF03FE
FDFFEDF6
FC1605FA
FC0AFBFD
FFF9FDEE
1206FC0D
021210FC
05F9F0F7
F20903E9
E502F6F4
0EE91B07
1C1A0B18
0417FCF3
01F10B05
EAE9E414
01FB04F8
E9EBF8F6
FFFDEAF7
FE1AF6FF
030C01EF
F2021904
05F6F90C
1813F5F3
EE0519F2
FEFEEF04
FBED0507
F4F1F9FA
F2F2E6F1
FEFBF6EC
EBE2FBFE
FFDDFA07
ECF6F904
E4E801F5
16E0F10C
21260B10
0411140C
FD140AF3
0D0CFD05
0C080E02
F411FBFF
E8F1F7EB
03EFF8F3
02FF0B05
0E110203
F1F7020C
08E4DCFA
EA0FE8E3
EEE8EAE3
FFE0E8EE
FFF8E9F5
01FAE90D
0CFDF6F9
330E0029
2A2C0512
EE00E8EB
FBFD00ED
F7FFF90F
F7F3F8FD
FCF8F402
050200FA
1D0CFEF5
32FC05FB
1C08FC11
0F06F306
0506010A
FF0000ED
0EFF0106
21070C07
080F0F02
0703F909
ECFDE7E5
F7F6FCF9
F901FEF9
F50DF4F1
2209E0FA
06FCFAFC
0909EAF7
F8F607FD
FBF5F2F6
0CF6F4EA
FD0D14F9
0CF805F7
0D051129
020A240E
06FAF50C
06FDF1EC
FEFC02FE
05EBF908
0F2D09F7
070A2404
21E7DF0E
F80EECE9
010204F4
052819F1
0B052333
23100722
0A0F0A08
EE1C01F9
E8000ED6
050401F5
F704F403
000208F5
01F3FC0A
0611E8EE
FEF602FF
F0FBF4FB
F9ECF3E3
13282A11
F5FCFCF2
020103F8
0AF3F80C
1EF2E3F3
0B04FA09
EE0B10EF
E002F9FF
E9EFE1D1
090B1FEF
FA0E190C
F708FD08
E2F5F5EB
06F3F204
FAFEF5EA
14191F05
13F1F60B
13F31018
ED0F0CF7
0203E3EE
0CFB15F4
EAE9FB15
FDEEE8F8
060504EF
EAF10CF0
DB04E6F8
D7F80100
ECF81BF8
FE221B0E
D4E7FCEA
F2F7F2CB
EAFCEAF8
0A0704F1
E5F6FC02
E4EBF3E5
E9E7ECD0
20250D1E
F9F001FD
0AF8FB06
00F1E7FD
EC02E9DB
F9F7FCEF
03FFF405
0C0D05FC
F1E5180C
FBEE06F6
F2F9F402
0DFCDEF7
F4031BF6
F8E6F408
F904F0F3
F3010EF3
FDF30904
F8F003F7
05FC0A09
F113F8F7
031B10F3
F5F0FA11
F400F1F5
0F0D0C05
EFFC0FFC
1005FB0C
2C26EA16
1315121E
08081C12
F901020A
EFE2FCEF
11EAEB02
03FDEFF3
F9F50E05
02E9F3FC
EEF8FBEC
F6F1FCF0
0B0FF70A
F0FB0EE6
03020618
03FDED06
ECE202F3
F5FEFEF0
FE0D09F9
FDFAF9F5
020C0301
04160501
13080C17
0102FEF3
FEF7F904
02FBF408
FB01EF00
000BFB07
F604F9F3
19EBFB0B
0403F1FD
FF03F8F6
FC0603F6
0DEAF5F1
1014030A
F9011104
F0FAFD03
EAF2F3F4
F30513F8
080A1214
F7F5F5FB
D7D9F2FD
FCF0F3FC
F7FDF9F3
FB00FFF8
0FF2EDF8
F407EDF5
07020EE6
03F6FBFC
0202FD08
F7F60805
01FFECEE
0B05F8FC
FFF4F1F7
11202213
28111324
0328031E
1104FEFE
0515F812
F9E300EE
F8FDF2FA
EDF9F7F0
F8EFFAFC
00F4E7F0
F700F9E3
F9F9F411
0E1A2314
FFFF010D
EAE4EB03
0B0C02F0
0E041024
151EFB22
08EE02F9
F2F3020F
E2DFF309
03F812F4
F5FD070F
FF030907
FAFB0308
F3F51102
05EEF4FB
ECFAF8FD
FEF40BFD
02FAF204
01F5FDF7
FD0CF6FC
F8F8EFF1
06060900
F5F5FFF7
E70102E9
03F4090D
1E10EC0B
E1FBF9FA
EF0707FE
0FFD11FE
F9EEE514
FDEEEFFC
EDE6F20A
EFEAEBFC
000D07FA
F8FD0901
0EE7F509
15FC0E0F
FD29F202
EEFAF8F6
F7EBF3F8
F2F3F1F7
F6F0F6EF
F516F8EE
EFED0B10
FAF60812
F2F2EAEA
060AEAED
FC0F0AFC
09FFF406
F70B0103
110B05FE
F60F08FC
FCF3F9FB
F91405EB
0BECF2FC
FD01FFFE
02FEFBFE
0B0DF5F8
FFF8FBFE
F4ECF40F
1B0FF4EC
E6FFFE08
E7E9F8E8
FE000F05
20050810
EEF6FF16
1CE5FD29
FF0C101C
0C0A0CFE
F7F9FF03
14FA130F
0603F515
F50CE6E8
F4FE0DEE
050816FA
F8F2F810
F813F5EE
F30208E6
17F7FAF6
1BECE725
F8E1F711
2407F105
1114F603
E7EFF908
0BF7FC02
DBD9F9F1
06F604FF
07FA01FA
FBFBF6F6
F4F3EEFC
0FF3FEF2
03FA0A17
EA020DF9
EE1C15F8
0709FCE9
FCFC0BFC
07FB0E21
0413FAFD
EFEA0800
E10903F0
13E91C03
FC01FE06
FC0702FF
F50CFAF2
FDFC13ED
F0F7F30B
23EEFE15
2416E60C
06131B05
09031C14
110F0D20
0AF9FE10
0C03F7FA
1810030B
1900070B
0E17FAED
0816FF07
F2FDFCEE
F3FE09ED
F1F500F5
0FEBEF00
1412F802
24050D1F
F2FAF612
080E00F4
020A1208
FCFBEEDF
FAF203FD
03010000
050D0707
01F20C0A
0816FE18
F4F703F5
F3FBEFEC
F00702FB
FCF2F907
02F300FF
FA091E07
0B0C1A18
FDF42F2C
FAF3F907
FBF1F0EE
01040900
1606FA0C
1408F800
02090BF9
09120FFC
EEFA02FD
F0F5F9F0
02F8F703
0913EBE4
0B0EFC0D
0303F509
1CF1EC14
26E7F913
17F2F6FC
F8190315
FDEBFA20
180B0004
07111003
F4F8FD02
DCDDD9F7
1DF3F1F2
FF0EFB08
111A10F7
F9FBFF02
170CF4F8
F50CF312
15EBEEF7
12FB182B
EEEFD90F
D7FBEFF7
E9CD0ADD
0AFBEE17
F201FBE8
09FD0FFD
0F0406FE
121511F9
000D08FD
09FBFB00
FEFC08FF
0509EFFC
F511FDF1
0AE51528
0900E4EB
03FFF70F
ECF9F4F2
DFD410FB
EBDAFE10
F4F2F7F5
1804FBF4
05220A16
F1EEF8EA
FF0E0D0F
04070BE7
030AF7F5
161F1E26
F801FEF6
F2EDEFEE
FCF6F8ED
03161AFE
080003FA
F307FC02
F7F2F8FB
16F6E9F7
F3F90604
140D05EE
02070900
02F80305
FF05FCFA
0DF50204
FC090F20
F60306F0
FAFCFDF4
F3F204FE
0FFAF100
FB03F304
F8F70301
FC0B22F7
FEFDF709
10FDF900
07310925
F1F10E1F
F4EA11F8
EDF214FE
0001F2FA
F80900F7
E6F5F1F4
F20A02E8
2615FF06
243A1C20
F2160E0A
0EFB0500
07FF100D
0EF8FDF4
0307F408
09040302
01F7F40E
180EF4F8
F90B12FA
FC04F507
E6EEF6FC
02EDEFE8
F40F21FC
19F50012
F7EFF00B
03EFEEEE
040D03FB
0B140AF1
0B1006F6
E7F50007
0FECDF00
FF03FCF4
EBF507F5
160D1B01
F409F410
0109F6EE
F2F6F2DF
E7F8F7EB
DAF112EE
DCF22D02
18E3DFFC
0E191C0E
F8131020
0618290D
EFF11005
17F5F30D
21200BFC
F501F60B
02FD0002
12F0F3F6
0A08FC0E
F7F20AFA
EDFF180A
EEF7ED03
EFE7F9FB
F8F8F000
EEED0FF6
EAE6F6F5
E214F3EB
FD0000EE
FBFF03FA
FE0A1407
F7F50308
1A04050D
ED090B16
EDED00F3
FFECF1E4
F9EC0A01
0007FD23
FA0100EE
08F2050C
FF0EF0FD
ECF709F2
1CE0F506
172DF5F6
031CF6EA
2BF8E6F3
1B15F302
F2FD0310
0D020D08
17F50508
0406FE09
FFF6F5FA
EFEA0413
02F6F5F8
0AF9F7FE
0200030D
04FFFEFC
030A2621
02140101
0A0824FA
FC01F90A
F3F1FE00
F3F6F7F1
E016FEE9
01E92200
FCFBF50E
09EFF4F9
08FE0105
FE0DFCF3
EF0503FE
F3F4FFF7
0F0106F4
0FFD0409
0C14F405
F5F6F500
FDF9F9F7
0C0C0402
F4100BEF
F7031206
F61301EC
00060BFB
0D01FCF8
FEFB180D
F4F40210
F5EDF5F6
FAF8F5FF
07120600
F5FC0100
F7F9FCF9
06FB02FC
06F9F6F9
08FE120B
0126360C
DF16110E
FF18F8EE
E0DEF7FF
FBF7EF04
F3030009
EFEFFAFA
FAF6FDFC
1601F70F
1E11F310
F62808F7
09FB13F9
1213EF04
F70D17F9
F4FCEBEC
12130802
EE08F6FC
FAF401E3
FDF506F4
02F5E401
07FB06F3
FD1DFD08
DDF32121
F7DC0408
0CF80111
F9F2EEEF
F2F3FAFC
0802EBF4
F20506F6
F9F30513
02FFFDFC
FCF2E9F3
E0F2F6FE
F5ECF8F1
FFF9FAF9
0C0FEDFA
F8E3E905
F3EDE6F2
01FA0CF7
FAFEFFFF
EEE3E6F3
1C1EFAFD
06140106
EE10FFE9
FDF20CFA
FEEDF2FD
04E9F1FE
04F80F02
FFFAF9FE
1A05FDFB
0300F910
12FBE806
FA010D0B
F7F50408
03070DF1
F4F9F9FB
F8F8F4EF
E5E7FEE4
FFE4E5F3
F0F00B01
FDE5F80C
083D2306
E9E715F1
030700EF
E9D8E3E9
FDFEE5E9
EAF40805
05F20C15
F9FB0BFC
F2020602
20F2FB14
FE110818
FA0109F5
00111D29
E1E20A0F
0608F9F8
F0ED0108
F2EFFD08
F1E4E7EA
F50D1108
00EF1C11
02EEF213
F00EF9E9
0004FDF0
EBF2F100
F5E1E3ED
F3EB0AF1
07F7EC0C
F8FCDDEE
05FE06F7
F2F2FD0E
FFF7F102
08FAFEFD
000D0A01
EB0C0000
EEF018FC
E6F915FD
E607FAF5
E0F0FCF6
EAECEDF0
F7F4E5EE
FBF00CF8
12FFF2FE
F507FCFD
100403FB
FDFBFB11
0ADE07F4
2908EB23
19F9F001
F8F8F5F2
EFFEF7F5
1F08F6F4
21131703
2413F110
050EFEF1
12FB010D
F007F0FB
04F70DFD
EFF0F1EE
E1FBFBE9
FFE009FE
0BFBE104
EC10F7F5
E6DBFEF3
21F9F3FB
19100518
F607F717
DDF40EF0
05140418
FB0A1E05
09ECFD06
E4FCEFFB
0BFBE704
02FCEFF5
080003F9
FFFA0A1D
03E7F70E
FCFA120F
E3EFFD01
17E5E7ED
02160D10
F8EBEFFB
ECEA02F1
F4EFF4FC
080611EC
FA12050A
05F8100A
0B11020E
FCF30400
110FF30A
07080501
EC0606F4
F6DD07FF
00F5FB0B
02FD0102
2CF8E7EE
FC121FFA
F6EF090A
0503E7D6
FD04F618
E2F2EDF2
F5F2E8E7
ECE9EAE4
1305FBF4
FDF91327
08FA0409
10F2F5F4
FDFDF8F3
FC0F0311
E9F400F9
FEFF04DA
FDF4EE2F
0B3D0C0C
FDEFFBF9
EEF1EDFF
09ECE7EB
F1EF0410
F2EFEBEE
EF01FCEF
F90302EC
E5013EF2
EC052D12
03E81413
F6FB11F7
F3100C0C
EEFBFAFE
02FC09FC
EEFDFD04
ECEEF2E4
031D18EB
06EA0B07
FDFEFDFD
FEDEEA02
07F4D6F2
FE07141B
F9F30000
05FAF3F9
1005F402
EF00FD1A
02F90809
06E60CF8
0400F40B
FC12EEF2
E9F1FEEC
13FCEE0F
090CFFF7
070FFD34
F915EAE7
FDF309E8
122D09ED
0CFE08FE
FA0B07F1
FFF7FD06
E8F816F9
FCF80EFF
FEF0F50F
F60915F6
F8EB1712
FBEE0E1E
05170FE6
F500FC0B
0A00FDF9
02F7F302
2A0B1B29
12180A22
09010C09
06050A16
F8081619
13061AFF
0A0EFE0D
F510ECE4
F20416F4
05FE080C
FF030607
04140B05
F9ED00F0
F602FAFB
020113F0
FAFEF901
E805F709
03F6F6EC
01F3F507
EFF5F0ED
0AF71903
00DED0EF
0F19F6FD
04FFFCFF
20040BF7
2128FD16
FDEDF504
0CF2010D
1106FC0B
03ECFA05
FAF601FF
EDF60AFD
F4F4FDF4
0009FEFA
2D1CE70C
FA190E09
FBFCED0A
F2F401F1
04F01101
E9FEEE01
05FCEAE7
1D14FBFF
072E14F2
FE06F603
F8FD0AFD
0200F9EB
130CF7FA
F9F80107
09F7F7FF
F80AFB00
EEE9F6F7
FD01F4EB
0308ECFB
07FC03FA
EE00FDFF
E3F4E3EC
EDEFF2D6
F2EEF2FD
FA03F2F3
EDF303E7
05F1F8FF
FBFB0C05
F4EFE90F
0CFB170F
1A05F21D
06F3F8FE
F5FCF4F7
F3F206FA
0EF6F5F9
19081A0C
2320F50F
F70E1102
F3FCFCFD
F903F9F2
F0E5F9F7
ECE4D8F8
0316F4E9
F80307ED
FCF9FEF7
EC01DFE9
F0FCFCE7
2CFB000C
160A0316
F0020A0F
EFFDFCED
0B01F706
0105080A
26F5F706
E3060918
FCE6F1ED
0CFBFC06
28201210
F8EEE500
21E4EFFD
0A0C070A
FAF3EE0C
07EFF7F1
06180606
F1FF0401
F5F4F6FD
02FC00FA
0005000C
17F8101F
FFFD060F
0F1C02FC
F60B1822
F4F1F5F7
FCFBF809
FAF907FD
EBF1FDFF
0AFDFFE9
FBF2E9FE
04F607EA
FFF1DE0A
0000E5E2
100CF60E
EE0B01FA
EFFD0302
ECE503FA
FDF8EA00
FDF4FBF3
F6FB01FD
FEFEEEF9
0DFC1AF9
02150F0E
04FFF819
090400F2
F0F3F1FB
E6EAF5F9
FEF6E507
0E19FEE8
14100C06
06000C14
0D0D1209
01070905
1CDB000C
110CE01C
EF191EE6
FC141A0D
F4F21E0B
0E02F409
0DF6030C
1210F20E
F6FB04FF
F9EAEFF5
F6F4FBF1
EEFA040A
E40D0807
18F912FC
1503EE16
F601FCE4
E3FDFAEC
01E5FDF8
08FF02FD
07041411
F70D14FA
12E1F4FD
0205FD17
03FEFE0C
05E9F8F0
ECECECE8
1F18F30B
F1040C0E
00EE17E2
0DEDF014
FA11E9E6
FEF9010A
E92D1BF2
0CF2131D
F4FE1309
F6F1EF05
E1241CEE
FBEE2A09
FBEBE41B
05E5EA01
1619ECE7
05091313
F600EC00
0C060000
F904FD03
F8FDEFFB
FE0406F5
F800E7FC
08FF0F19
1913E3F5
FC0F1101
FEFF010F
05EF1002
1E13F81B
F4EFEFFD
FD01F3F2
FCEDE908
02F3DDE2
110B2A17
0E13131E
06EFFEF8
19FB0D04
06060A10
FE02101D
06DF03CD
08E5FF1C
F1141C03
FE02FB0C
1103FFFB
0F051005
E1EFFE07
EBD9D8EC
E90303F5
E6D90EF8
1CEAE3F9
FAF8EAF9
DCF6F607
FEF0F9EE
F8180F03
150BEDF7
0D130600
03F5F4F8
020B0801
16122506
EC00F122
FD11F8EB
0E0D08FD
061017F7
2BF2F714
1DFBDC20
F20BF5F2
FA01E6E5
FFF0FFE9
EBE1DDE9
FB0506ED
F4F710FB
13120D00
E812EAFC
10F1F4F7
FD01FEF7
E302F3EF
E80014F3
FEFBF6FD
FBFB01FE
05F9F80F
02FBF9FD
F2FB05FF
F3F2F0F3
0FFCFD16
0209F101
F9DBE7F5
04E1E70B
05FEF300
F3FCF3F9
EFFF0E16
FBF3F0F3
F4F9FEF8
F8F61202
11FA0907
09E30602
F913F7F7
07EE1307
0CF1DE17
F512E9DF
F901F6FF
EBE504F9
E5FC02EC
FEFFFFFD
0C050EFD
FD021415
0AFBEBF4
010013FB
F0F7EAFB
1FF31BF3
F70A050A
F607E4F9
06061312
EEFF13E6
FB0702FA
1219FE07
ECEE0FF2
FA04E9ED
0A080AFB
F6F4F90A
03F1EDFA
0C0CE3F6
050B1FF3
FD080401
E1FB0903
E8E9EFF9
FE072F1D
1417FBFE
F50F0802
0AEDED12
EF15E1EB
130C01F0
F40BEAFC
F7030FF0
12F1FF20
FE16FA11
F6070807
F5F0FAFB
29061121
0F121E22
F40C0504
F1F00D11
0202F2EB
FD02010F
F8F2FCF0
EBE5F9EF
12FDEE02
F9FD04FE
03FF0AFC
2B211BFF
03FDF9F1
FA0200F7
F7F808F1
F0F0E9F4
F8FEEBF0
00020307
FFDB0F01
0404EA03
160504FF
F803FE03
F9E1F8F7
0A11F20D
030614F7
0402F60D
F3F8F7FA
FBFA0002
F702F2F8
F5DEF7FD
FFFAE7ED
E805F901
D5E407DF
0BECE909
FE13EFEC
0C081500
0AFA0401
0305FC02
FCE1F4F9
F514FE03
0F1FFA0A
071F2509
07E4F10B
1803F902
FB131218
F2F3F501
341A1804
E7D7DF10
0204F3EE
140A1616
F8F90500
1904F6EC
1E13080D
E7F7FF05
0BF4F0EF
1A1FDEFA
04F2FEFF
18EEEB14
F1F8F207
F7F5F2F2
03FD2005
171AEF04
EB1109EF
0DF4F615
F300F5F4
F1DF07F5
06F5EFF1
10F7FB05
0E0CF31A
000A1CF3
DEF3F5EC
E6E8E2E1
0F0E0307
07120D01
01F90403
EEF3F214
121DF5F8
001C2CFE
1203F1FB
FA0DF602
0D08FDE6
0310FD17
241A20FF
ECF50509
00E0EBE4
16081706
08050822
0805FCF8
1A21FF08
F6FDFF01
FF0D06F2
220DF907
F7FE2002
09FF05FA
FA00FF0C
F2EEF0F0
DA040008
E5EEF9E9
F9EDF4F3
EAF7FE01
F403E3F1
FE05F2EF
14FF1E05
FB12FF03
080F07FE
F710120F
E3FBEDFD
F6F5F3FE
09110803
13111309
16071910
E90F0B09
0A1DFBF7
17130E0D
09F0DCDC
060803F9
FA111FFE
FB04F6FC
10070EFC
09080204
1406130F
1EFEFCF5
FB081717
EE030111
E7ECEBED
FDF006F3
EEF2F6FF
F9EAFBEC
DDD7F612
1BDFE706
0D05F70B
E9EF0AF2
FBFBE8F0
0C010107
03F4F90C
EE0705F5
F6EC08FF
03F8FA04
F4FCEEF8
07EDF7E9
2507E911
FD02F8EC
13FA051D
0F11F215
EEF0EEF0
EAF0E5E2
0002FBEC
0C06F5F4
FA02FC06
FAF4F102
09E10A07
12F325FB
F82B1343
0C06FEF3
DF14FA07
071800EA
06EF080E
0605EFFF
F800040C
F4F9F911
0E171C04
E7F20AFC
FCF7EFFF
F7F5FCF6
05F8FB00
FF0C06FE
F1F30110
1000F1FA
F6061D10
03FFF1F2
FE0D01F0
0600F5E7
220A151E
F908091A
E9EEF907
0AFFEDF5
E11B10E8
ECE41A11
23FB1605
FFFFF51A
F3FCF5F1
F9FDE7E7
09F7FBFC
10EDCBDC
F7F80CFE
F2F1F209
0AF6F2F2
FF0C0406
0906F919
E3FC0CF9
16EF18FA
0E060A15
EE130F09
FFE8F6EA
EB04F70B
05E5EA00
F4F6FBFE
FEEEEB01
EAFAF3F8
E8E7EBF3
1813FAEF
EF1805F0
F9010CF9
F1E5E7FF
07F7EEFF
061CF9FA
FF091EEC
F2F2F8E2
1903F904
FAF50507
E6E5EFEB
F207F5EA
081804F9
1A0B1CFB
1D1AF215
0816F4F3
EC04EEE1
F701F7E5
140C09FE
FAE5DCDA
1B16FAF1
F9F30001
10FCDFEA
D3E3E1E0
03F0E6E2
FB02E3F5
EBF2F103
DFDDF8D8
0EF30216
EE07E7FD
F8ED05F8
10F8FAFB
F6FB0F02
ECE5F4FD
1AF32D15
150CF023
FCE6E7EC
FAF5F2F4
FBF2FE05
FD07F719
04EC0C0B
131DFE09
FF0B19FE
1A09FFF4
0B012118
11F3041E
F20E00F8
1001FFFE
250B080B
0FFF0202
02FFF0F8
EDF00A01
F504FBF5
F4F7E9EA
0A1A0EF8
1505F6ED
FA04024D
F4F701F8
FFF5E8F2
ECFAF9EC
F4FEF501
05EDF6F6
F0F8EE02
06FEFFF2
FBF80204
F0EFF3FB
E9E0E9F9
FE01E7F2
0500F814
F300EAF5
070010F8
FAFDEDFA
F8F3F8FA
11EBFA10
1D0EF3F2
F4FEFE02
00F5F1F4
FE000400
05040106
F3030BF7
08F6F3FB
070E06F6
0417121B
06010004
F1F5F0FB
FE090E06
07030D10
0A040E11
F203F3F3
F0F404EF
0C110BFA
EEF9FB11
0E0BEEEB
191AFF18
FAEE18FC
1218F710
0E08FE06
17F40FF8
F40AF7F7
F9F30409
F90AF6F3
F5050906
EFE1F2E8
09EFE6E8
15151F1C
F1EC000D
18E3EEFE
0D21E2FB
161009EA
0001F301
F4E9F4FC
FBF9F9FC
F8E9F807
1A23FC00
040C0EFE
EAFDFDF8
F2E7F6EF
0BFAEAEF
01F0F9F0
EFF10402
02D9EC14
06F3D8F1
EC06F6EE
EEEC00F2
02F40F0E
0AF40310
09160503
0CF10AF5
FFF3FC1B
F5EDE8FE
05F0FFE6
DFF7F704
371D050E
0FF31105
EAF3E516
FDF3FFFB
03F2E1F0
E9DF1E07
EFF8EFEB
13F8F3F7
0912060C
F6040703
21F4FF1E
EA12E1E9
FF1CFAE5
121C0402
00EB04FF
091F0F1F
F8F40E29
0707FE07
F70D0AFD
07FEF7FF
F9FCF9FD
07FE0F09
0909ED00
09EC0E02
10F5ED20
100C0CF9
F40F15F1
EAEDF10D
0EFC140C
01FC101A
F4F4FCF9
18EF030F
0E1CFE11
E5EB0505
FAF4E4EF
E1E601DC
1415F207
0501F212
FCF0F5E8
1DD9E51D
F62AE5E8
F5F70709
FB02F806
E5E50009
F8FAF0EC
FF0DFEF2
F4F9E9F1
EDF8EFED
041511EA
0A2020F9
F8F70816
0008FCFB
F6F5FFE5
09FDFDF2
F703F7FE
FB1102FF
F0F31B04
ECE90407
00F3E013
FA06F2EA
F40312FA
07051B1E
06080600
0501F6F4
07010402
0305FC04
19191BF6
F0051415
FB05E8EB
FFFE12F7
06000711
FD080000
F9F1FFF6
FEECF10E
070A0DFE
E0E40219
F603EDFF
14FB13F2
0D121522
FD060D16
FC04F8FB
0108FF02
F3F81C14
00F1F70F
10030001
F705F2F2
10F202FC
07173910
0AEDF915
F9EAF90C
FAE4DB18
0010FF0E
F6F51301
EBF4FE03
FB090A21
0F0CFFF6
18FDE801
020FE7D3
09FA09F4
0BEEF713
EC0D0505
E3C823F9
F80B0FFE
F1040E11
00F6F401
FDF7F406
0AFDF0F2
E9F707FA
FCECE5FD
FB09FD00
21261403
0E00F9FE
18011D02
F1FAECF9
1006FE0E
F2FBEFEE
F90101F3
F3FAF5FB
24F10711
0C1AEB1C
F7EDF5F1
F2E7E0F1
DFEAE9E4
1D0CFFEF
0CF82E06
0E070105
F8FFE6FE
FBF1FB06
0221F5F9
12FE0CFC
FD01F40D
D5EE0AFA
EACAFEFC
0BF6D919
FA25E7FA
E2F01ADE
18E60011
00FFFC00
0E11FAFA
F4FB08F2
0713F909
F2EFF104
05FBEDE5
0B2D1626
FD01FF02
FDED0B02
FFF7F90B
0C050601
F8E2E5EE
F80908FB
09FDF4F1
0B00160F
16120305
FB06081A
F3F4FE06
0C00FA04
11080DFC
FB05050F
FAF8FA00
0BF5F5F5
0B1E0DFF
12180800
FE080A18
0FFAF20C
081BFE02
ECE10D09
EAEBE3E5
FC0B04F5
09010307
030302FC
F810040E
FEFE0FF6
FEF20204
00FC0C0A
22140B0A
F30706F9
0B09EFF1
10FF1F15
E0ECFC11
01F201F5
FFF0ECFD
FC03F012
FDF8F6ED
F3FEF7FB
01FCFCEF
0A131200
F5FF04FB
160400FB
0B1C0F13
F3F4F9FB
0EE50317
F605E804
F5E9FDEB
1400160F
05EE100E
0A34120E
DDE51107
12FDE2EC
1118F30B
27020509
FA120812
1A100E04
EE0702FE
F000F4EB
09FF1308
0D04FB0B
FB15EBFF
F3F2F6FF
02F8FAFE
0501EFFA
F0F4F5EB
04F30013
E9F0FC02
FCFDFCE9
07010D18
301E1B1F
E90F0A0F
E60C04FD
05E31CF0
F4D5EB25
020AE3E9
07EC3013
FB06F711
1DFCF8FA
0B212020
E7F5FB02
05FC21FA
1A11FA1A
1C14FBFF
E107FBD9
EDEA00E6
00F6EF09
F8F8FFE7
FA03F7FD
F90514FA
020202EF
09110705
EDF41705
EAF4F607
F10D10F4
CDE50CD9
18F2F411
EF15F408
DFF016F2
12020A17
F2F22B27
0F15010D
EB12FDE2
F4F710F7
FBFA05EC
0603FFF8
D9E9F0E9
20FFF6E4
FAECF800
E2FDF2E8
E3EBEBF1
11F1F003
DF03EEFE
FDED06ED
0A05FD07
FC0BF7FD
FA06F7EA
04FA0C0E
01FEF904
00FBFFFC
F71306FD
F1FE0BFC
02170006
FDF800F4
3C1B0113
142B0919
0806FC02
040B0C04
03F60005
FE10F608
EC0009EB
08F60205
10130108
1323F7FE
060E1B09
FC03F3F0
FF09F8F6
F8F8F6EF
05F301F4
FEFD0308
FE00F7F9
0CEFF1EE
F3EEFCF8
1407FC0E
07FBF6FE
FDFBFCF8
FBFBFB06
030D09FC
F1F50F10
EBE4EAF4
06F6EDF0
090B0306
F3EFF609
F50404F9
04F10700
0305F60B
FD0FF8E0
E1F804F3
F8F703E8
0006FCFC
0108EDF5
FA0F0AF6
F21F0807
FBF6FAEB
FF230507
010AF912
D9FB12EF
FDF30BEE
03FF0612
FE10EFEB
14180DFB
FD090003
F1FB0DFE
02F9F9EF
FF161811
0211EEF3
01FE0C06
0F0E0F13
FC1BE20D
F4F209EA
E8E7E9DB
F7EEE401
11130CF3
0617142A
23081E0C
190AF822
F7FF1715
140313FE
04050C13
FDF1F2FC
FBFCF6EB
E71315FC
F60613EF
07021DFC
05FFE4FE
04FBEEF6
E3F30503
F6E5F0F7
F0F400E3
2208FD0D
11E5FA06
080CE8FD
FD0B11EB
FDD3E711
FD00C8F1
F0090601
F6F32005
F9030606
E9EE0C04
0F291AF0
FCDAD6D5
FC05F7E8
F9F9FDFA
01FDFCFA
07070E0B
E7E8FDFC
F403F3F4
F2FF0CF8
0406FEFF
DDF4EBF5
100402E4
08090B05
07050404
000DF0FD
F2F915F3
F1FE12FE
0E09070E
0B08EEF8
01FEF7FD
F70904F8
0F090CE8
0109F8EE
34110006
0208F620
F5F6E4F7
F607FCF0
EDEB0C04
09F5D403
E41A00FB
04F20AF4
1407F5FC
FF0DF6EE
F8FFF7F5
F6F0F1E8
FAF1F7F7
00090301
0BFE1307
F70CFE1A
F4F004F4
10F0E7FB
F70BFA0E
09F4F006
F5FDE5DE
0D0F0601
08001104
FD04F300
09FD10F5
FFFAFEFC
EF0B04FA
180D01FA
06FE0D10
000017B2
FFFFF6F0
000014D2
0000042B
0000060F
00000307
00002B3C
FFFFFC94
000015FA
FFFFFBA0
FFFFFC94
FFFFFB68
FFFFF532
000037BF
00000C53
0000134B
00000497
FFFFF58E
FFFFF587
FFFFE84F
00000CB5
00003682
000006CE
000009D4
000011D7
FFFFFC7F
00000B85
FFFFF7B5
00001B69
00001597
00001491
FFFFEFD1
00000008
100A0F12
F6030703
020603FE
0A03FD08
08030106
0E1801FC
06030FFA
00080606
ECFA04F5
EF01FDFE
F5F6F3F0
14FB00F3
F81BFFF4
FC00FBF3
030003F5
FDFF0210
1512F60C
1719141A
EB0DFBF8
F8ECFBEE
F7F70202
F5F9F502
F3F000EC
020405E9
F104020D
F0F600F2
FBF9FB00
FBED04FA
FA0EEEF6
F9030DF2
09180E17
140911FD
0110FBF5
0BEFF2EA
FEFE0DF5
0EFAFC1B
0EF701FC
050F050B
F9FB0908
0300FCFF
F501F900
F5FBF6F6
FE080CFD
1A080112
01FAF50E
19F6EF0A
04100905
01020C02
FB1515F4
E2E60C06
02EFFCE4
07FDF203
05030211
FE12120E
FF0DF9E6
FAE41013
F8FC1308
FAF9F10B
011405F9
05FF0B05
F4FF0207
04EA16FF
FBFBF609
0302FAFD
08FDEC05
0CFFF003
F40C0412
FB1E0DF1
ED1313F0
09FB0B13
09100BFC
151A1C01
03F4F0FB
F9EC0700
EB010205
05E7ECF9
EDF2F5FE
03F3FAF8
09F2FCFF
0513F5F1
0C1100F7
0EFF0A19
1104FC14
F6040EF0
09FC1920
11180C0F
14060019
00292409
0102FBF8
FE07FFF2
140A0CF4
11110914
16F9E3FC
02FC05E8
0409F30D
0A08FC0C
FB0511F6
F106FAEA
EFF905F1
F70E0005
E8FC05F7
0A0F07F3
F9EBF306
F2EBF0FC
F9E8ECF8
180C1318
FD030007
F6F1FBFF
F70B01FA
0002FAF9
020B02FB
FEF2F808
0910F7FE
F604EE0B
0EFAFAFB
E50BE6FF
F0E509E2
F9F9F402
FBF9F3F0
FAFC0400
E215210D
060EFF09
0922FBFE
090F1103
F5FA0803
11040F05
E3EA00ED
EAF6F1F4
F6FF0FED
12F9F8F4
F1070219
04F201EC
F51200FF
F5EFFC03
F5FFFAF8
E3F802EF
F6F9F0F0
093104F7
E6F70FF8
FC04EBF2
0D151316
E3F7030C
F8EAF5F1
00FCFBF7
F60F04F0
F9F90DFE
F8E4EDF9
FFE9E1E5
EAE7F208
F8E6F010
F7F10603
FEEDFBF1
1D040628
FF04F308
E90808F7
ECFF0CEB
FBF7F41D
FA021AFA
13F7F4FC
EEFD090C
EBF507F4
E6EE0EEA
13FA1605
EC04F1FC
0F1508F4
0AEA130F
03F1DBEE
0C0CFA06
F7FC0001
EC06EDFD
DEF50FDB
EB39F3E6
EDF15009
11EF05FD
0818FD0E
09000C11
FC00070F
07F8F8FB
0D15ED02
060001E2
F7F5060D
FDF30108
F7031A03
FBEA0006
F1EC01F3
F3EFEFFB
FBF709FD
F2E8ECF5
0AECE3F8
16FCEB02
F8E90CFD
E9EE0708
08E9EC0F
EDE2F9F1
00F3F3F4
FA01F800
0B0D170C
F0FEF70C
F6FC01F1
08FE1E0A
FFF1FB12
F7F4F2FD
EF02F9FB
FEFD09F6
FB01F2FD
130D160B
0B040F1B
FAF4F7FE
0001FCFD
0704F50C
F10507F9
F90A0114
E5082502
01F21F10
F50404FB
EAFA0EF7
FEFB0D08
F1EFF909
FE1402E6
F611210E
F9E50E06
F905FCEE
F6091612
0102EBF9
F9FB0A0D
FC0E08ED
FD04090C
00FF1306
FB05F81D
ECEEFCE9
EAE7EDF4
13F7FDF2
2111FC0A
0D0FF41E
EC0B07F8
F3D70E01
F5010205
F6100901
FFFC1009
FD0E0EF6
14F70500
0E0AF814
FEFE02F6
0CFC0701
0A0E050E
E8F0FE05
EE051701
03FC090B
FCEAD518
04EAD8D5
0F170CF8
0B130811
030DFB0C
0613FCEF
0F13F3F9
1D04101E
111CEBFD
070C08F5
F00A1201
03F506F7
0D04040C
080212FD
F9EE1515
EF080DFA
02FAF5FD
EA09E7E9
0D0519EE
F7050C13
FCFE0805
FDFDF9F9
1301ED13
1B16FDF9
FDFB12F8
FFFFF7F2
240AF608
0508F41D
10070B08
F913EEFD
F9080EF0
0614FB19
D8EF02F2
2D19F5FE
0F1C0C07
11F6F2F0
FF110215
FCFD1212
130AEFEE
0A020E0F
F4010C04
01F5FB04
1304000A
FAFE0905
FDF8FAF7
F1E8EEFC
F6FC04FC
0A0F15FE
FA0A0405
07E4F006
F2F1F2F8
010B1702
FF162901
FCFD141D
06FAF505
F9F6F702
0C0DF6FD
F7100801
FD050508
1601020F
FAFD0500
F5F9F3EE
09F7F800
04FBFCF9
FA06FAF4
F9FD02F8
FE00FFF2
FE10ECFE
10FEFDF3
0606F718
F31401FF
110906F2
FC09000C
FBF0F8F7
E405E4E3
E7F708E5
F4FCF9F5
030103F8
E1D3FA0C
FAD6CFF3
00F4E5E8
03090C06
0F040E0D
FD06E1FE
2AF9F1FF
170B1714
0A080D28
F80402F9
F5EFFCFB
F703FB05
17010C01
EEFDF70F
E3F1F0F4
0FEE02E9
05F6F107
F904FAF5
FCF9FEEF
08F5FC00
00FC01FD
0506FB0F
14030805
FA030E12
EAFB06F7
F9F90BEF
F0F6F6F4
FB100A01
FDE8FB1B
05EBF7F7
0DFBEC07
F7FBFEF4
DD01E3E4
09081AE5
FB01FCFC
F4F602FB
F2EE0003
F90F0B00
F5F5FB07
FFEBEDF9
07FDFF10
E8F409DF
1D21001E
EA01041E
00E01007
EEE7FE0C
13F1F626
EAEEF002
05FE0304
E9F7ED08
D7EADAE4
0C09F3E9
05F821FB
FD12FB0C
F703F506
320519F1
FEF2E40D
1B02E218
EFFF06EE
FAF5FFEE
FE0C1007
06FE1205
E502180E
F6FE00F4
E10405E9
34F80806
F6080211
F8160F11
02FAEEF7
0F17F9FE
F4F60504
F2FE0A0D
1E12E2FD
050E021B
F9050AF2
F0F006E6
F9FDEFF2
0D001210
0705FD21
1204080D
FFFD20F3
04FDEB0F
18FED8EC
F6E3F500
0B123BF5
FD12F7FD
E7F0FF0D
EFE6F713
FF0FFB0C
140E0C16
F2FBED07
EDE5E3FB
E303F0E4
DBCBE2EA
02E5CAD0
1329FF00
0BF81502
FFFFE604
03F9F6F4
EB0E133F
0CEFFFF5
EA0DF21C
F70F0AF3
F70C1C01
F903F9E6
F11A1ADA
FE031007
FD070E0E
FF0D09FA
060C1710
F6E813FA
0008FAF1
0902FDE7
ECF9F0FA
0AFCF602
05F7E3FE
F204EEE1
F8FC0CFF
02EEE7FF
0C05EEF4
FCF9F702
0AFEF6E5
FF021009
FC00F8F9
E6FC0B04
10151511
0001FE08
FAFA0307
F80408F8
F50617EA
1F02FE05
141A031D
FEFB0901
F2EFFB03
F0ED00EE
FAFEF808
FA1326FB
DFFF1328
F61317E6
F70719FD
F9010301
F9FC0903
FCFE0A10
00F8FB02
FF0CFCFA
11F4120D
06E9F4FA
070EF6F7
13FF1001
1338F90D
000E28E1
E7F60112
ECE6F7E1
F6020AFF
07002D10
04F0082A
FB0E0001
08111808
212A1006
0B1BFD0E
070B0808
06F31C1B
08EBE811
FA0E130D
E9F9FD0B
EEFC0BDB
07EFFD05
0103FB00
F5F7FFF8
FCF2030D
0904F8FE
061DF5F7
F2F51CEF
EF04ED0C
04E1F20B
14F9E1E7
FA04190D
00010F0B
00FAEAE4
0F110301
2B0BF907
F904FDF1
02DEFFFF
2302E30E
F6110C06
FEF5F9FA
0F010413
0DFEF81E
EFE21AFB
EB05F80D
080D09E7
EAF82217
04040AF2
05170709
040DFC06
F6EDF1F7
0AFC0A00
0E110DF8
01FC03F0
0404FF05
F504F9FA
FD050EFA
E7FE080D
F2E01405
F2F1F502
F808140F
10F52216
08E2EE10
09F1E5ED
F6F9EB02
1D0AF808
041100F6
2210EBFB
F70C060D
F6F8F1EE
1004F7F8
ED090E0A
FB01FC0F
0D0A0909
18360D16
03FE07F6
F400F7F4
F906FFEF
0E0D0EFF
F70BF30E
FE050DEB
F9101F20
F200F4FE
0E04F0F5
FFFF0800
F3F0FE0D
1E1602F8
FBFC0010
F8F90EF6
EBEEFF14
10FAF9FC
17131516
1811050B
F1FDF9F8
FBFD0CFB
11FAF312
07FCFA0A
FBFC040B
01F80807
04F3EB0A
FCF90AF8
E5020BF7
0DED0803
FBF3FA09
00F5ED07
F7FA07FD
F9F4FD05
07F7EDF2
050B080D
0A0103F2
E9E2DD05
EEE6E0DF
E8EEFEED
F40407EB
EF0D02F6
FBFAF908
F4E602FD
F9EEE7F5
EDEB04FB
F9FDFAF5
FFF1EAF7
1EF7E50D
1C11ED01
F2FDFEF3
EAF5FCE1
F2F80A09
E206F2F8
00F90DF3
F902F0FB
0AFE09FC
F508F9FE
EAEF0BFC
F81333E8
F6F4FD1B
01F710EE
0C050209
2316FF05
05080E12
FDEBE3EF
F2F4F4F3
F2010DFE
EF0CF3E5
F3F000F3
0C00EFF9
EA03F0EA
F60205F2
E5E6F2F9
F9FEEAE8
10E80215
04F2F724
19FC031F
EFFA0DF2
EB12FB08
F11706E2
FFF714F7
F7111004
F50A0E16
EEFBEBE7
E6F315E9
16E4F406
26210800
F7000BEE
EEE1DCF7
FBF0E3D8
F4E8DD05
02FBF1EF
1E180F0E
0C120414
0326FB01
FFF6F9EC
FE100618
EAFBF6F9
0B02F0F5
04201D10
11EC1103
060C1407
F7130CF6
F711100B
F7FB0101
130007F5
FEFFEFEC
FFF4FAFE
EDEEF1F7
F9F3F5F6
EFF6F7FC
FCEC11E5
14EE100D
E9F7E8F7
F4080508
F5F203F6
FDF7ECF8
EEF1EF01
FAE2F600
E1F3FEF9
07FC08EF
EEF905F3
05F706F5
01F303F2
0307130E
03030D0D
0C1716FD
0E06FE0D
F606F504
EFFB0501
040D1508
F9070DE9
F407F002
E5020BF3
00FAFD11
F00714F6
09EE061A
0D00F004
FCF2FA0D
11191817
FDE61924
FEEFE9FC
F9F9F9E7
F9FA1D04
2D2A23F1
F8170AFC
06F021FE
F7FCFE19
F202E5EE
15F70DFA
270B0816
FFFDF209
07FBDDEE
F7F7F309
0C0BF4FB
14F70525
FBF6FAF1
F5F714FA
E60511F4
F80810F4
0AF9FF0C
08F808FA
1518F204
EBFA0BFD
1405F5EE
120D050F
DAF617F2
00FC08FB
E5E40AFE
E7FD050D
2205131C
F31311FA
0F0318FB
0BECF30B
07FFF30A
1AF6F114
F51AF1E9
FAE60AF9
0CEBE311
FEEFE9E7
0E01F90A
040A06FE
ED0507F9
E7EE05FB
15F50D12
EFF6E9FF
FAEC02F1
FFF0F3FD
EEF6FAFF
0106FD02
FCF7FEFC
1A0E0B09
04050511
060BFA0F
ED00FFF1
02180803
EEF2F506
0B06F9E4
111B1600
F6FE05F6
EEF9F0ED
FFFDFCFD
F8FBF401
EC02FAE3
00EB08F1
0508FF08
08011801
0EF1FA08
F7F1DBF3
DDF7F7ED
F9F809EA
0CEDF2EE
0A0E1711
0208FB0A
FB142300
0716FC11
F6F910F5
1006FE00
05FDE802
2713FBF8
07F3ED0A
F0FAE8ED
F3FD03F6
0DFF0004
FBFA190F
0B1B13F0
03FEFD06
06020802
0CF4F525
F51204FF
FCE60608
F4050906
FF1B220C
05000B0A
FCFF0504
13FAFF04
050FF102
F70402F4
F6FAF1FB
1212FDFD
181DFB0F
EB10FCF1
F403FEFA
FBE90002
36E7DBE6
F42F1911
0DFAFDF7
F6F6ECFA
EEF7ECE5
FAD5F7EF
FFF9EE00
0110EAF5
FCF716F9
F50BFAF0
10FCFAE9
080C0516
E8FF06FC
F0E8F4E8
06F9FCEF
0606E900
08FE03F6
F9F50906
0B0B09F8
0A13FA02
1C020311
00F7DAF4
11F8FCFB
152B1214
F3EBF807
0715E9D9
271E111C
1B140B0B
0F1FE500
FD1009EF
FE18F0EE
F7F308EC
16FA11FD
F520FC1E
1EF012E7
0F10F300
EEEDF703
DCFF07E0
F50023EB
1606FDFE
FA08130A
F8E5FD02
061EF702
F5FE06E4
02F50807
F4FB0D0C
FAF319FB
0BF7FA0F
0A0F1500
FAEC0914
FDEFEEF3
FAF4C8E1
F1EBF3E6
16050806
F1F9F105
0C03F5FA
05EBFF0E
19EBF3E6
111BF9F7
F8141104
EBF7F303
1716F7EA
150F0609
060D00F3
1330F0F9
F10306FE
E21A04ED
F2F315F4
E5FF0807
05F2F9FA
1D000E0D
0FFDED0F
0B07E3E5
F2F800FC
F1F1E7F6
F903F8FB
060705FE
1E29FF0D
03121B0F
1005FAFD
04280AE7
160617FC
0E12061A
EBEDF6ED
FFFEE9FE
F90100E7
070609FF
061216E7
F7FA1716
F4F2F3F5
090603F7
0F0C0111
F7180E05
E4F6F8F7
09E90310
EEEFFB19
EEFCEAF2
FA002209
EAF70BF5
FF03011A
1DF31D16
1E08FC27
28F6060D
FA05E606
DEF9F901
E7E2FCE7
F403F905
F20E1800
DA07FDEE
FF00F7E4
02182B04
F9FF0CFA
0D04F306
FFEFFD02
050CF5FE
07EBFFFA
F00EF5F1
13020A02
D405EAFE
F0F400DA
FAF300FC
EF01FAEF
EBFC0705
01F4FFF1
07021009
0413F906
FD0305F3
F7F5050D
0D1003F5
FEEF06FF
EF0203FE
F4FA1704
FB01E0FA
130F0906
14080D03
FE0A04F4
EEE40000
05FEF7FA
0CE4F9F3
2415FE0C
FD0D0AFE
F71104F4
FEFBFFF4
F5180D03
00F9000F
E902E6EF
0E0507F2
F302F8FA
F6FD01F4
06F9F200
11EFF2F8
14FE06FD
12190505
02182819
EF01E9F9
FB1816F1
FAF0F016
E5E7F8F7
FE0502ED
03020910
EDF0F504
0D2525E7
030D0C14
F3FF1912
FFFF02FB
F3F90A01
EDFEF7EB
0912EFF8
FB0202FD
EEFCF3F6
FAEFF9F8
F8020400
FFFDF2F4
FA0300F8
1A0605F4
000C1322
0F20FDDE
FCFD0FE8
F8F8F603
03FFFAF6
F8160E11
0A00EEF6
282D1CFA
F412FEF3
FFEE0601
FC0321F6
F922090F
E5DB020D
FBEAEC0D
F3F2EFFC
D801E9DD
16140C04
09101B10
060F1536
EDF505DD
F9E7F20D
F40BF9FC
3620E9F0
F1F608FA
C9D202EB
FFDFECEA
01222307
DEEDE8F4
0911FEE1
0F0A2BF4
F5F4F421
F0EFDC00
EDE3DADF
DEE400F6
F30005F7
04F40E09
E2F42804
0214EF00
04EEF80D
F7DD02F0
1C05FFFF
1414141B
0414F107
FBE1EBF1
F4FAF9F1
01FDFCFD
FAF2F7FE
030B08FD
00F8FE08
F407F804
F9F9030A
D9F2F2D6
13202104
20ED0B1E
FAFAFB22
EB0918E6
FA011600
0B050E25
071E10FA
070F0F03
D6E5FAF7
FFF8FEE0
08170900
111C1A17
0A050204
0A040708
0FFB0015
FD040605
05F3F802
EA02F1FD
EFF601EF
06FEFFEF
0B142413
F908150A
E502F7F1
F9E7E7DF
F7FFF4EF
0DF9F5F9
0007F207
F9FE06F6
040C09FA
080E0F06
FD070CF9
0021261F
110A0CFD
14170A14
FE0E1109
E8F1F3F6
FDF403EE
0B100A09
F1E71605
FDFD0B03
F2FAF5F5
EBF5ED04
081415EA
01080D0B
F6F4090A
02F2EFF5
F202F100
22060506
EFFA0304
F7F8FC0C
0B120B02
FA0D1AF5
18E8F104
061EF700
F50A00F3
F2FF0CF5
E7F8FAF0
011CF6EE
FF213102
07110F18
0F140403
07FDF8F6
0006F8FF
F7FDF4F6
FCF5FDF6
01030803
11070102
EFF7FBFD
06FBF6EA
EFF3F502
0CFE0B02
0001EDFB
19FAF308
1EEE0816
09000022
D7EAFEF4
F7E8ED0C
E7EA10FC
F9F2F6EA
05FBF602
07FEF705
FBFAFA09
FF010702
F7EBF9E8
F3000702
0101FBF9
FBF61118
EAEAF6ED
0801F8FC
F3F4F300
02F8F4F4
0CF9FAF9
FE0C1A10
0B1FF40E
EA000FF8
FA05E4E8
EDFBFAFF
02E4F4FA
F306DDEC
0B1E0FE1
1704F7F1
0E0F1212
F9041C08
F7E3E6F0
FDF90607
0206F9F9
14FA02F2
D2F3F2F7
FBF7FFEB
25E60C24
F90FF220
E9F1F5E3
FFF202F1
EBEDFD06
F60100DF
05EFED12
EDFEF1EE
0101FDE0
F9F51F0A
EFF002FC
F4F2F0FD
201D230F
FD140A1C
19FFFD09
EA1209F9
F5D904FC
FF02FE04
F5F50718
F5ED0A09
FA10FEFA
03E5EDF2
F604F500
12080DF8
FC03F7F6
09FF0005
FCF2E60C
18EB0302
FD0CE814
1508FDF5
FC010102
E9FEF8F1
10F80CF9
0007F7FE
09FC020D
F2FFFEFD
0704FD0A
FEF70605
F4FE000C
F4F2FEF3
01F8F6F6
0F140702
080208FC
150FFD05
1505081F
0EFCFCF6
01030711
F5ECF8FC
04FEF5F4
09010AFA
EAFDFBF6
F8F81006
07FDE702
F10A0CF1
02F2ED05
FFF905FD
03040AF8
F01310FF
0406030B
030C0EFD
07121804
F40603FB
01FB0500
04EDFFFA
E5FCE2FD
04120CF5
F7110507
FB060A05
F8F4FFE8
EEF9E902
E9E5FDF1
00FDFEFB
DEF0E9EE
E4E4E4D4
0BFBF2F3
1AF80C0F
FAFB000F
F5F0FF12
FEF7FC06
F9FF0004
FAF907F8
0B0208FD
ECE4FD14
F1FA06F5
DC10FFDE
01FF1B0A
FF050200
FD151D1F
0C0900FB
0D06FE16
F0F4EEF6
070EFEFB
FBEFF5FA
F50C10F9
10FB0910
150E0517
FEFC0CF3
F8F8FBF4
FEF0FCFA
F4ED0800
1F090D00
04FAF413
061718FC
0D03F711
E506FCFE
05E9F0EA
E9F4E3FB
EBF6FAE0
F7FE0701
F206FCEE
1306F9FC
F7EBDAF2
EE05E0E8
0AF7FFF8
FAF8F0FA
1303E7FE
030EFE07
290D1D11
E607F018
090D08E6
05020FF5
0F0AFD05
1201FC0A
13080503
0511FE07
0D12020A
FF1B12F3
14FF1217
01FDF308
060FF706
09080D0A
FCFEFA17
F5F2EBE9
FBF7F5F6
0FF4E800
04000BED
F41AF2ED
100B0D01
E9FC0F0D
F0F7F1EB
F5F6FFF7
13EEF903
0519F404
F0F206F5
F303F7FB
05F80CE8
FADBE607
03FEE1EA
FDF3050B
07FAE401
0AF70E0A
E0F506FF
00E2F003
211D0AFE
14241015
01F8FDF8
FD060710
0B05F206
00EBF608
0501F904
0C04FC08
0BF3F001
EE0BF5F7
00F01DFE
FDEDFF02
E1FEFD06
0111F8F3
F8080BFD
07EC06EE
0A09FBF9
F8F8FD05
FCFDF309
14F92714
02FD18F9
00FD010D
F6F8FFF9
F7F108F1
EAEEE202
01EDEBE2
28230612
000A00FD
10F808FC
FF0DF00B
09F6000C
F404F605
1CFA0112
F9FFFEF2
00F6F3F6
0404FE00
02FF03F8
11F4ED0C
1A18FA03
02071900
F0040810
FDEBEAF6
F3010B09
0BF705FE
E7F5F90F
121009FE
FAFDFD1F
F51B0EFD
EFED1A04
0800E803
EB070AF5
0007F7F2
13160707
FC1014F8
0212FAFE
FFF602F6
06F0F70D
FC05EEF6
F6F8F9EC
E6F6FEE0
FBF40710
E4FB09F1
EEF40CFA
F214EDEC
0C0E0AFB
171AFD1D
05F11717
0EEFE7ED
1601F322
FD02E2E0
EEEE02F3
01FAEDF5
F906FF00
0EEE0708
F3FAF3FF
E200F9E8
FFF5FCFF
0A00F10B
0416150A
1AEC0511
2602F224
FDFCF2EF
FA0DFBFD
0305FAFC
08F20813
0AFFFD07
000B07F6
F5F7F503
01F7110D
06F7F809
0007F407
EA0017EF
02FAFE04
0001E4FE
100715FD
F90D22F4
E801FB0C
2B0DF9F2
1B2A0907
37E40F21
212CDA22
10F6F3E7
14FAEF04
FBEEF402
E3E7F8F1
F5EDF802
29220C02
F0011012
F0ECE8F2
1104FAFD
FAF0EB03
0E162E05
0106091D
09100BFD
FF0911FF
F70918F4
FAF70B09
13F30903
EFECEE04
1B1A01F6
E5ECE9E3
0305F5D8
FB131D0C
00F7F5F8
130C020E
08FD0210
E41D00FB
1BFA2509
F2040100
04000106
042401F7
05F604FA
0AF6E8FA
EBE8FE02
EFE6EEF9
100204FF
02090806
0AF0F4EF
F8F6FDF5
F701F0EF
F602FAF8
04F908EB
F5F2E8F7
190309F8
F50801EC
070611FF
01E3F10D
0400E1F0
090206F8
F1130006
F0E512FF
1217FCFB
06050408
09E61314
FE03F5FB
151D20ED
F1F3F306
ED0E02EF
F6F30EFF
01E0E402
FA04FFFF
02F4FE01
F30401F4
00FF150A
02F4E90B
E705F2ED
12160E00
EAFB00F0
E1F4FDF4
FBEEEFE5
F8FEFC02
03FFFAFA
F503FFF4
F4FEF7F0
FFFA1308
0802FE00
09FF0217
F90B01F7
F7F2EFFB
04ECE006
F7F1F5F8
F8FCEFF9
090702F7
FE1A00FC
F7F00BFC
F3E7F203
F406110C
F7FDF3FF
F4E404F7
F1FEF7FD
010307F1
011826FC
F2FAFE08
F6F7FCF7
0DFD0C05
E90207FB
FFF011FB
FEFCFB0E
120501EC
0808FF22
1501F407
F10A0CFA
1610F8FB
F5130C04
02F40210
0C14F805
00FF0CFE
EAF9EBED
FB07EFD5
0A05EC03
0000FAF2
0E07FB0F
0205FE04
FFFBF802
F5F6F6F7
1902F525
FAFAFBFF
FEFAFEEE
FF0B090D
19081704
050F002E
070C0608
E9FD0B0C
F2E91806
02E7F00A
EEF3F608
0400F3F5
F305FEFB
FAF3F40A
EDE9FCFD
03EEF5F7
F4FAF2F5
F1E808FA
13FAEE06
F2E8F9EE
F9FB04F2
150DFB17
25EA03F8
EC1BF721
140A0D04
080005ED
142DF40B
F4FF20F2
060CFC12
FBFCFB0F
020DF603
11F9FAF9
090AE6F9
06FDF90C
F5F6ECF1
28F30607
2220ED0F
F8FB0CFA
F0F6F3F9
1C350305
FD011808
DFE3F705
0A1514F9
18150E30
050B021C
FB080BFB
0BFE00F3
16F90B16
15281420
E0EAF8FB
1013FEED
FCFC1110
F2F3ECE9
EAEF0705
03F4F6FA
14F6120D
FBFEF907
EDD9F7FC
1322FE11
18FA1E0D
0016F6EC
0BF4FAF5
0424EC03
1E151307
0C0EFA0D
10010001
1B380DF2
FA0F4D30
EBEDF7D2
FA0D10F1
FF0D0DE8
D0D5FAFA
E9CFD5D6
E70E06FF
E5E70813
E9E114E7
E604EE01
05F7FBFA
FAF5F7F1
09FF1105
0A0BF4F9
F902FAEA
19E9EF0E
0617F8F7
00060BFC
05E8F510
F500F805
D4EAE7EB
FFF8FA00
0DF21E17
0FE8002B
01FD010F
EEFF02FE
EEFB1004
02F7FAFB
000511FB
FF1413F0
1D03151B
0F17F2FD
0AF5F9FB
0A16FE05
1506FDFB
040BFF0A
F6F5FB0D
06F3FEFB
17210AFB
1308FAF0
F71300FF
1D0203FE
F8FCFB00
0C1EFCFB
F404F0FB
16061401
0202FE1D
0AFA0004
EDF6E7E9
02E9050E
F90DFEF9
05FBEBE1
FF03F4F1
F4EDE30A
0814181D
FEFA0107
0003F9FE
ECEAFA07
E9F50FFF
FEF3FCFD
F8FAECF8
EDFF07F1
FAF2F40B
03F5F4F4
07FB1513
0D220A0C
020A1201
F90FEFE3
F9071AF6
10042313
0DF8112B
FB120A04
F20B01F2
1C0D10FA
03110412
1204FBF3
131B00FB
000E0317
FDF1FF08
FBF1F6FA
0C2319FB
F2F0F70A
0700EDF1
1A050107
F32108FE
E3E90F04
E8E3F8F8
E70B1007
F7DC0CFA
0100FB14
0F0604FD
F7EE0814
130D03FB
F8131001
F3F90807
F4FE07FF
E80AEEFA
09FC13F5
F0E8F317
F1ECECF2
001FEFF1
F3E70FF7
05F401FE
04F3F7FD
00FD0802
F8F9EAFD
010706EC
FAEF13FA
00F4202D
110C0D13
0F0F09FC
F3040702
0005FD07
000C0906
07EEFFF8
0005F007
E5E0F7E3
1007F408
0BFC0F07
100BFF18
02FE1918
1D21050E
1201FF10
FCFFFDED
0A091107
0D010011
F60D07ED
091301FF
F7060AF1
F9F6FEEE
04FCFFF3
120F0105
220403EF
F21BF119
EE0F02F1
E8EF1012
F3F8E7F0
F0EFFC04
0BF4FA03
0222FC0A
F2FBFEEE
0E0EFE0B
0E0F09FE
10051000
F804FB0C
FFF709FF
040FF8FA
0105190A
1715F318
FAED04FE
0208F2FB
13130E07
FAF1F907
F00AF8ED
F51717F8
EDE8FFF6
F9E6E0F1
FF07F2EF
FAFA05F2
0D0D0EFE
F7021D1F
141706F4
100209F1
07001324
2113F6FD
11232403
FE09F901
EEF9F806
2C061E23
F8F8ED19
1006FEF3
0306FA0C
1D0C18FD
0E26170A
F5FA15F9
07F600F8
FEFBF500
03EAF6FB
FFEE060A
0DFA08F7
F9E50B06
1D0CEB0D
091B070E
F5F1F5EB
12FAFEF6
0D09F117
F9F2F6F6
030CFDFC
F1EE09FB
E503F6FA
FBF2F9E8
F9F803FB
05020A19
04060604
F9F60008
06FCF50C
DF05E7E2
FA1403EE
EB0714F0
0A04FA00
09130809
FAFC1608
FCFA0E02
03F2FA06
F40404EF
F5F2FEF1
E1E6FEEC
00F9F402
0501F205
E5FB0CEC
00EA001F
00E7FFFE
06150710
0BFEFC07
0811FEF1
F602F505
F9F80CF5
F9F90E00
140D08F6
FFF919FC
DFE1ECFC
E7DFE9E8
09030307
FA090405
08F4F5E6
0308FA09
16131CFF
E8E4F6FE
24F6F0EC
301B1912
0E080307
2207E1FC
1C1AF802
ECEB090E
06D2D104
F103E1F7
F50516F2
FA00F402
14F301FC
1001F707
09FAF4F9
EEF301F3
F2EBEFFC
F1E8F1FE
18FCE8F6
F1181306
03F80410
F7FEF4FE
0DFBFFEA
E7F4F8F7
F3F9F5EE
F7F4ED07
EFF2F7F6
04081B2C
1C160706
1804F8F2
0E12F00A
08F7F10D
FAF3FF08
FDFD080E
141AF9F5
ED0216FC
0707FDEE
0D09FA06
1BFF0604
02F20C23
FAEEEC04
FC03F90B
07000CFB
11080407
0D242009
1BFA060D
04020B09
F6F10109
EAF7F9EF
FC0207EB
2000FF0C
EDFCE8F8
F61002F5
EAF50AF9
09FBFDFD
0A1EF71D
F8FD24F4
070918F8
10011914
E006F7FE
FA0ADDDD
02F3FA01
14F10A30
F3FFFC18
F0081BFF
FF0E0B01
1D08F216
010801EC
08FF221E
F4F6F70E
1A11FBF9
0006FDEE
EFED0A04
F2EFF2FD
1105FA05
1013FE07
E2F3FDF2
0902FB05
020F0E02
E104F40C
F50A1CFC
1CF42334
0FFCD314
05FCF7DC
12FBFF06
1617FB0D
0E14EAFF
F1F60D08
F608F4FA
00FF07F5
0411F707
F5F3F4F6
ECF4EEF5
01F90B01
EEEBEA04
F406FE01
E2E903EE
F5EBFCEF
08F1EAFE
160C120C
0309060F
0AF1F6F2
F516F5FB
FEE20102
FFF5FC03
0B030101
F5EEEDFF
00131409
F8F61400
EC120AF3
F2FB120D
FFEB0705
F3F2E6FF
FBEF100E
EADED2EA
F2F5EDEA
12F1EDF5
00DAF2FB
00FEEFF5
07020B01
F8000800
FAF40500
E00615F7
FDEA1220
08F6F806
1AFDF2F1
F3FB1313
0B0613FC
0C0CFF0E
0805FBFC
F81B0AF7
00FCF1FE
2BFE1F12
0209FEFB
0A2502E2
FD02FA12
F7FFF3FA
FDE3E7E8
090006F5
1F1F0A2C
0C1B15FA
F9FD0508
00141FFD
FAFE0F1C
EEF6FB06
F0F407E2
F2170F0A
E1DD0AF0
FEF4E7FF
05F4FD14
E4EDEAEA
E5F2EDF1
F4ECF104
F5FB12F5
F41944EA
06EE0A2E
F1020EF2
F7F804EF
EA00FDEF
07FA1E1D
DFE1F6EB
1B110D1C
F8F10E0B
0000F8F0
EB11F0F8
F4F1F1F0
FC0EF6F0
1209FF0B
EEFD0FF7
0D2102F9
DAFDE9C7
FCFEEBD9
EEF9FCF7
F9F5EEEE
DCDAF0E6
03E4D9FF
F005FBF5
09FF0504
01010D04
1BF2080D
0C07EEFC
F9020901
FEF011F5
0C0B0303
F71AFEF5
14F61115
150CEC0B
1A1529F6
F4F3ED0A
FFFDE0E3
FBFA1507
0CF9F213
04FF0001
1AFC001D
F60D17EC
FEF31C28
160BFC0A
0B162208
FC07141F
02051600
DD00F7F3
FDE202F7
08040509
1507FA10
100A120A
F0F9FE09
F3EEF7EF
14F70302
0F110002
EE1407FE
08FBEDEF
10060C1C
14FD0D04
02F80018
0B09FFF3
040E0309
01FE08F9
FF04F402
FC041609
150E0002
F1FC04F9
16FAFC16
FCFDF2F5
050B0EF8
05FFE900
FF0AF7F7
F9F00FF9
0503F401
02020BFD
0401FB0C
29F00B14
F30ACBE3
0D150905
ED0303F2
F2F9F7F9
140DFA04
150B0905
180E0005
FEF00015
0FFAFD14
0E0BFFFF
06F7F806
F3071907
0BF50E03
F511F813
FF0316F5
FB0103FE
04FFFF06
FAF5F2F7
F9FE0C04
F6FBF8FF
EC04F9F3
14191407
F4F6FAE3
0F11F9EC
1508EFF6
02FDFF09
ECFDECEF
FC1103E8
01F4EF08
01FA1703
F900FCFE
FCF4F5EC
FAF80B0E
F4F11F12
F0E0EF19
25EEF211
00FEEC14
0A0BFEFC
0E202416
0D1A000E
F3F30B00
07F70306
E0F6F3F9
F6E0E3DF
E3DAD4E2
F2E1E0D4
01E401EE
0209EAEA
FFF10CFE
EAF6F7F8
0BFB07FA
EF0CFF05
FBEAEE04
F9F8FBF5
F1EBF6F2
FBFA05E8
FBFDEFFE
ECEDF3F3
F10A070A
F500191D
F1F104F2
08F7FAF7
EBEE0110
EBF5DDEF
0A02F0DF
00011BE3
1702FF25
01130D0F
EFFC270F
EFFAEFE7
F8F001F7
00FBFDF1
04F0F919
F7030C09
F8F904FB
F2000200
08F4FEF7
FEFDF8FE
1807000E
FD060DFF
F8E4E6F5
F502F0EC
FB10F5F9
FA042010
FE04FF02
F0F1FDFE
04EFF9F9
ED02FBFC
00FBE8EF
EEF7F903
05FEF9E6
02121E01
F20AF218
F3F4FFE4
0602FDF8
06080803
0F13F3FE
110A0902
F503F0E2
01F6040E
02FBF5FF
FD0B13ED
0E07F7FF
0306F109
FA01FDFA
FE0501F3
F8F90509
F508E3E8
EA080122
0109FAD7
17F70E24
0616090C
F9F128EA
00F0E501
1E0FDF03
0F10F9EF
FF020A13
08F30CFF
1C0DF008
1A0605F4
E6EFFF09
FCDF04ED
06F4FD10
FE03F8FA
05F805F8
F9FAF8F3
100406EE
FC020203
ECE9F601
E80DFBF3
DCEF03FB
00D4EF13
EEFDE6ED
FCF9F3F1
210209FC
020D012F
050CFD09
0F0FFEDF
F0E2F9F9
F5EDEFE7
05010CEB
E70000F8
EBFBFFF6
FD0619F1
07F40A10
E7EFF911
F0E2D7ED
0007F2EE
F0F718F7
1DEEF30E
0701FB1A
EBEEDFF5
FCE8FE00
26FF0B07
F0EBE62C
F6FC03FE
FC061609
281A1600
09EAF200
0607FD06
15EFF705
160E07F7
01190F1A
0805F6FB
FEF60303
FCF6F7F9
E7DDF118
FDF8E3F2
E8EBEE01
06030BE3
0B0F0FF4
FCFA0E02
EEF2F513
12022115
0011F901
12F4F9F3
F90F0301
EDF71500
FAEFFA0B
F00A04FE
EE002B13
0AFD0CFA
0BF8F605
010DF9F8
050F28E5
FC060E22
0CF004FE
E7F2ED00
F5FEF2F3
12EB0406
110CEA00
FAFFF6F6
06FB0612
2F382804
FAFA0003
F8F00701
11FCFF14
FEF2F4F8
02FEFDFD
00F3ED01
F806FEFB
F7F2F9EC
25100016
0412100C
FA04F40B
F6F805E8
12050609
15050204
08FFF419
07101407
0A000AFD
0D181E02
FA0A0A0F
F5020401
F1F604F4
05FD06F7
F9FB0714
F8F5FB06
0608F408
F405F7F2
E7F908E0
05F8FC0E
270B07FF
140EF424
1FFE010F
1416F310
FE02F20B
1C0F1A04
F9EEFA16
00FCFAFF
00FBFDF9
0FF42505
F013070B
F301FEFC
15FF01FD
F5E6F4FB
EF0607EE
01FEFE0B
09F9FF1B
FE0C0500
F9EF1A06
FDECFA10
FAEFEFFF
FB00F7F7
010504FF
F7EFF8F1
F9F8EFE8
FD182707
0302FB0A
010E1AFF
F9FC0A04
27021204
FE17E601
151717F9
EBFCF9F3
F2FAF5FA
0DFC02F8
080405F6
0316FF11
FDE1F6F2
ECEAF101
F8EAECE4
FAF3FA08
14FEEB06
1304F3EE
05FA010E
0602FD09
000E150C
F5F70DF2
010A0F11
FDFE0504
12E7E1F4
EF1E0DF2
F8FA1300
E9F3F803
F00E201E
040EFCF6
FEECE916
F0FF02EB
FEFCF701
E5E5E60D
080314E8
0E040D22
0D0BF809
010406E3
F3020AFB
080707FE
FAEFE4ED
FAFAF0F0
FAED03E8
07F7EBF3
F7ED03FF
06EFED05
F614040D
0E0AF6F1
03100609
F8F80505
FE0FF4F2
080803FC
F405FBF7
0F0A0D09
0904030F
0DECF4FF
030F1A1A
E7FA0AF6
FC08F1F8
FDFA1AFA
07EAE908
04F9EDEF
EF11FF09
010220F5
F7FFFB09
0104F1F3
08FD0A04
25FCFCF5
ECF31524
FE0203F1
FE0201FE
02000301
FF0504FE
F9FD0504
F706F8F6
F70508FB
110B18F1
02080226
F109F8FE
EFF8F0DE
1CF602F9
0D06E815
FB0DF9E3
E70904F5
FD0400F2
06F2EEFA
12110CF9
E8F40604
F5F1EAF1
FFFBE7F1
0E00F7E0
05FEFE0C
15FCFC20
07F50007
F4F30108
04FCF3F5
10FBF2EE
04041315
F305ED06
030101F0
00FEF5FB
F3F40D0D
F6F70F07
11ECF001
EFFDFA13
FA00FD04
00FFFD01
0504FD00
10030010
0903F8F1
F8090408
F4F0FAF1
EF020FFD
0FEF050E
F90B20ED
F5030919
010C2BFE
14121608
EDF3FDF6
0CF4010C
FDE5FA01
0EF2EA0C
EF03FDF2
FC02FFFB
F2051D12
FCFBED03
0E0E0AFE
060207F5
2C27FF0F
E60BF7FE
0BF0050E
00FEEC03
03FFEB0E
FB0B1203
EE0EFAF4
09F9F315
FD1A1316
1905F508
00FEFF13
F6DFD500
03F801EC
02FFFF1D
FFFFFFFD
F40F00FC
FEF908F3
1620F9F2
0F100D0F
0000000E
E0E5FCD9
F1E5FD0F
EFF6FBE9
07E6EAEC
0506EEFC
FD0701FD
08F80CF4
FB0AF7F8
FC111BF7
FEF71206
F7F802FC
EF0808FE
04FC0209
19120202
F00BF60F
F3EEF6FA
0D09E4FC
EE080AE0
D4051EE9
02F01719
1209EC02
10271703
F0020708
E8CDF6FA
EBDFE402
020301FB
2C2D24FC
0306110A
EDFAFEF5
FEFEFFF8
01FD00FF
F80E0000
F60F08EF
FDF0EAFE
ECEE0602
FCF6FAF8
F9DAE204
23FC0602
1E0C0E14
EA13FEFA
F80B1EFC
03F6FF00
1C0D1516
2A170529
0508F907
E11D00F1
09E61001
F9EF1208
F4F5EF03
120AEFEA
02091DEF
F8FBFEF9
0AFAE4F9
1D15F334
0C07090C
F9F314FF
F912FAFC
FCFBF8FC
EAE81803
070EFA0D
EEF10C0C
22F4F416
FE0B06FE
0CE907FE
1603073F
03FDFEF3
00FBFDFF
FB1D00FF
03F100FF
100BF9FB
F8FEF6EE
F002F8F7
07F2FE09
ECED01F8
09060B00
15211B29
04EE08FC
0C18F401
F50911EE
08FBFCF2
0210030E
F8ECF605
F6E4F303
F600F90C
FA0E0804
F704FFFC
FFF1FDEF
0D08F8F8
FAE6FE1B
00F1F006
0F0B0100
2916FD13
070009FE
00FCFC0B
100C0911
F20B1B05
F9F2F218
F90302FE
FDE8FE0A
0202FDF5
F117F4FE
01FE00F6
FDFF0000
05F60000
0C01FA04
FD140D07
1B00100F
050EED0F
F7F7E20A
0E0E05E8
FBEF1327
0701F61A
031AF0EF
DCE1070F
F6FF0101
03F30502
03FFF408
E81EFBEA
0C0912F2
0CFD09F5
F2010105
2517DEEB
FCF61D14
FEDFE603
F1F9F400
07070CF7
0A0C1415
0809ED08
F30207FB
FEF20105
01050102
0C08EEFC
011115F4
F50300ED
05F1F309
EEF6E6EB
F1FA02F5
FE020100
FF020002
1CF6FE01
051EF810
F5FB1401
0BFEEBF9
0A15FA10
01080003
09F52409
01FCFF11
17F1F902
EC05FB0A
EE0B10EA
0D052109
020A0B08
FEFC0FF7
10FA1502
0919E614
00F800FA
FF070807
D8F1FDF0
1705EFF0
EE312721
F2F70CFD
EFEBF1EF
E50804E8
D1DF06E7
F2F408FE
00FAF0FE
11F9F7F8
07EBFC0E
FE0AF8FF
0A0503F9
131A08F9
FAD9E5EC
021AE7E4
FF00000E
FE02FE00
FE2000FB
DBD513FF
00E2DB04
F8F4F9F5
0EF8F2FB
05151AF0
0B081B31
07FAF902
000F1805
E9050109
01F10AF0
1F130CFA
FA1F0701
EE060EF4
1CFEFC0D
0B0BFF0E
0413FBF8
FFFE06F9
10F90208
2B2CF711
FC09200D
1813FCFF
FE170CF7
000BE0E1
F2100AF1
04E6EEFC
0403F3F0
09060511
F2FB03FD
F5FAF4FF
EDF3F209
020008F6
0912FCF9
03FDF801
FF0001FD
00FF0201
F703FFFD
F4E001FC
FDEDDFF3
F6FA1305
F5FE0600
E81229FE
E8E2F310
E5FBFFF4
E9ECDFD9
060C05FD
00FD0614
F0F0F911
F416F8EF
F9F60CF9
FD030903
FC0E03E5
1D2DFE04
F4141FF9
EEF90C0A
FE2206E0
00031704
F3F40803
F9E8FCFE
FA000C0C
EDF81802
F90303FB
1F152010
E6F6050F
FEE0ECEA
05030502
F9F5EF07
05FB02FB
16F4ECFF
F6FC15FA
0001FF0A
FDFF01FE
05040000
0E2A1CF8
15F2F808
EB02FA10
EBDFEFED
0BE9121C
03FCFB07
13F700FC
D9FEE7EC
FB010AE0
00F804F5
F60017FE
EFDF1008
FAFD05FD
11ECE2FA
142BF20C
0D1108EB
05011412
F20DEDFA
F8E901F3
FBF6FFF4
08000406
F3FC0FFA
20DFEF01
010AE508
05090CF5
F2F9070C
D4F014F9
FDF9F9E1
FB050AFD
15060400
F0151306
F3EBE6EF
FFFE00FF
0204FE02
010000FE
F4040101
E9EE00FB
EE06F4E7
0FF308E3
0E20142D
FF0CF901
04F13002
0C290113
110D07F9
01EFECF9
02F6FEFB
F9241923
02F6E5E4
F71EF2FE
04021B0B
1000FFF9
F8030205
0BFA0CFE
FDD7D8F5
13ECD1F7
0CF2F9F6
0AEE0109
14F3FE0F
FAF211EF
F2F1FB19
08E6F5ED
E4EFE3F9
F007FBF4
F8F20AF2
D716090D
ECE715F7
0701F706
17FCE8EB
FF03E911
FE02FE02
010201FF
EAEAFD00
DCDD0404
10EAEC16
2527FC01
FE23F8E6
EFFEFA06
F9F500E2
0AF90102
E5FAE9E7
09F9F5F4
08FDEB13
11FAEC03
F9FDF5FD
FBFE02FE
DBF7E9F3
FBF203EE
FE000605
E8FC000B
0F0EF0FF
081D1905
0CF30F0E
FEFAFCFC
F20C1F03
E5040DFC
F3F0FEF9
142620F5
EF0B0604
E3F303FF
D5DBFFE7
EFE7ED11
E3E1FEF3
F5F3E6EC
021302F4
171200FB
FE00FC09
FFFDFFFF
0DFC00FF
FBF5F812
00F2F3F2
EDECF6FB
F2DED9F9
EE041CF7
EEFBF4F1
052321E4
15F92C2C
160CE922
1714F01F
ED0BFBFF
F4F805EE
0C0E0901
2BF90C1E
FC16FD09
F5130B04
ECF70D03
06F3E3EC
F813F601
E0EE12E9
FEF8E5E7
ED1CFCEA
170D0AFC
0D0D011C
FBEC06F7
20010403
0B100B22
E3101EE1
1BFB1110
E801FCFB
F3DCF3F7
E5FEF9F8
F3EE04F0
FE01FDFD
FFFE0103
191C02FE
0C0EFE10
F2111500
1DEF1834
1B15041B
EE2A08FF
0400F1E0
E5FC25F2
00F0060A
03FEFBFD
FCE7EE03
0309E0DC
121A08FF
F81605FF
FB1B0E12
090812FC
EBFEFD00
08FA1416
0A05FA07
2222F901
F1061BF8
E5E702F9
EAF505FE
FF2106F3
060114F2
FD010A08
08FDEDF9
1408F908
E40E1AF9
FEF2FE0D
0807FBEA
FD1207FB
F12308EA
0D01020F
06FF04F5
00FDFDFE
1310FE01
0D0D210E
13F91115
EAFF03FF
03FA070F
F401FAE9
01F41711
FCF7F4FF
02FBEDE4
03100503
0B1914F4
11240CF4
F4021309
1E070B09
F7F0FCFE
EA00EFEC
F00AFFF5
06E4F8FC
1F140010
FB22FA10
01FC10FD
F80EFC02
F5ED08FF
E6250CF1
FDF22606
0804F4FA
FF1415FB
0206F1F2
EBEFFF0D
F8DDFDF1
2015F602
FB071003
00FD1CFF
FB041B0D
FEFDFF08
020003FF
0D0E02FE
FF281604
01EB0313
F9F8F103
0605F702
08FFF013
1719F1FE
F5F9FC14
F4ED03FF
FB0205FD
030102ED
0115FBFC
FC0EF6EC
08000903
FC040B0D
E7FBE0DD
EE05F7F2
F6EEFDF3
F1FC030D
01E51003
F60AF119
F7FD080A
05F01A00
0105EEF2
F70322F7
09F80102
FBFEF2FF
FBFCF5F8
00050DEC
0D0AF3E6
000CFB08
F5FDFFF1
01FB0503
0114FCEF
010000FE
FFFFFF02
03F4FE00
080BFE0B
F3E6EDF4
E0F3FEF0
01F80B02
061CEEEA
0BF92417
F10506E9
110C0D07
07FEEEE7
F3FF0606
12EB1608
EF12EAF5
E8011CE8
F100F7F4
F5E7FF03
1216F313
E61512F3
FF09ECE3
0E090012
12F01518
0605F10A
E800FDFB
FDF512FC
FF0E1302
F9ECDC0C
1212EDED
07F2FE0A
01010B23
F016061E
110A150B
0B12150D
0218F8E4
0D0A070A
FF02FDF7
FCFE0200
03FC04FF
23F4F718
EEFBE708
E1FA19F1
E4FAF1FA
1502FE0F
12110A18
01071608
F3060613
F5E6F3F6
1FFEE513
F1FE0DFF
EDF6F4FC
FDEDF50A
E112F8FC
F4F807EC
F101F702
16F60408
FE08FC0E
FDFD0BF7
14F706E5
FA0AF60D
13270A01
EEFF0E05
0D0709EF
FEF3EF0E
0E09FA13
070205F2
EF0F14DC
02EDFE02
E6F9E7F4
FAE800EE
090DF703
11032B1F
FFFEFFE9
FD01FE01
04FDFF00
030B110A
FCE4ECF4
E2DBF7F7
F8E1E406
0C07FF08
FEFCEA08
0DE2CFEC
090FECE5
E5EB2219
03F9EBF7
FC11FAED
2702FF1A
03E8F21F
E2E9F3ED
07FBF8FB
F80F0211
03FB0CFA
E9FAFB08
04D9EE02
03E8F005
FF150828
0BDF12FF
12ECF20C
F200EBEE
010406E9
EAFCFFFE
EEDEEDF5
F4ED0010
F2FAF50A
0F050104
FFFE030E
09FCFBDF
09FA171C
FFFF02FA
FEFD01FF
F3EEFE00
0C0EF7F0
13FD0EF7
0C06F80A
0BFD0615
03F7E302
1108F902
03F8F717
0B0D1703
E8EE0317
FBDEDAF8
FD06FBDF
03FB060B
F6FFFA02
E20D00EB
FBEDF7E6
0E05EDFC
071710FF
12000F01
FE07090B
02EFF7FE
F5FB0BFE
F80A04FF
F30EF30C
EFE511DF
02F8FC00
FD06FEFD
04FCFEFB
07FBEC0F
1B0A1002
0015EEFA
07FAFFFE
040F0A15
010000FC
00FF02FE
02FD03FE
00080401
05100A04
FEF7FDF9
F8F2F3F3
00FFF701
F3E40303
06FFE7F1
FC040912
F5FA0716
00FAF4F5
0B1212F8
FC0C203A
1C06FFFA
2A33111A
02F92F20
FCF6E8FE
F9F8010A
F620251D
0816F902
F81315FA
02FF0504
390408F2
0A37F31C
140515FB
FD090816
F3F6F7F8
0B01FEFF
021BFF0D
101413FD
04091211
04FFFEFA
0E07F606
19FA1222
02FFFA03
FE00FFFC
00FF00FF
0D06FE02
E5EFF407
DEF4F3E4
E8F8FCEA
0AF3FEFA
EEF8ED09
27F8F606
0B0A0721
FAF1E5F2
E8FCEDDB
DADE05F5
10E4F404
120E031D
F5EDFB13
34FF0A01
050D0325
2902FC04
0518FB04
030FF6EE
04EC060C
E0FFFD0A
ED0EF0DA
FAF401F2
31FCF017
EDE9061F
F6F1F7FD
04FB07EA
F5FF2531
02FEF503
0304F102
24020011
F609F700
F708E002
ED05EFDE
FFFFFC0B
0001FEFE
EAECFEFD
FAF50E03
020D091D
FC080307
02FC0BFB
E404DEDD
27FFFB00
FEF51914
EE01E1E8
E6E307E4
05E208E8
0915F32E
2111F510
FA01FD17
E6FC09F7
EDED0DF0
03FCF8F6
F70B0F0B
EBF3E3E5
030601E5
F7160905
0D1C0900
FB031CFB
1A0AF021
EAFAFEEE
09F806FC
FFF6EFF5
FB05F1F0
FF0B1DEF
0213031F
0E05FEF8
FBFBF1FE
FAFCDCDC
1608110D
03000016
000101FE
0305FD01
03F0FE0B
1201FEFB
F315F6F0
F00F08F5
060C18F8
F61E01F9
E10007E4
23E90D10
12FCFD20
0F0EDBFF
FF19F9E3
EC0DFDDF
01020AF3
07001422
FA0BE8EF
F21004FE
1BE9040E
F4E80328
060BEA13
0BE1F610
FCF3F715
08EDF9EF
DB061EE6
F5E22B1D
160A040A
F3170F07
0201EEF0
09FEF91A
03FCF1E4
EDF4180B
02FBF408
0B1A4025
F102FD04
00FFFEFD
02FF02FF
FDF801FE
2218F904
01F7DFEC
F2050104
140101FA
11FD05F6
0518211B
EFEBFC1D
0AEDF502
F9FAFF00
FD07EBF8
08231FF6
F61503FD
080CE503
FD14F6F5
0418FF02
E3F6F80D
12F50812
0AFE0D19
F804EDF9
FEF1F807
0000F10D
FEFC0702
D51F03E4
06FA0D00
FFF6F8F5
FFFC0718
F307FCF3
ECD8E707
01F8D5EA
EFF81D11
0BF80C13
F4212F08
07030A11
FD0100FD
0002FF01
0AFDFD00
030B0BF3
19EDFF08
01FBFE0B
0BF81100
08F70701
F8FCF402
0D0E0EEC
F6F1F604
0307EAF4
FD070802
02210117
ECFCE8EE
FDF7E8EE
0207F401
0005E7EA
E1ECF7FD
0FE4F4EB
0D0D0D10
FB031012
0DF2F1F3
042AFB04
EF091CF6
0602F304
FFDC100A
F9FCFD02
06F4030A
1704F3F8
FD0D13FC
0702FA02
001104FA
020308F6
FC040C24
FAFED1F3
00FD01EC
FFFCFE01
FDFDFE00
0507F70B
19041110
10130501
F8FAFCFD
28F40A11
0B1EF615
F7FB200D
0AFFF904
FC0F1103
FC030F06
D8030E37
BDD1F6D5
0AF0DDEC
FD11132C
1E01FBF8
061206F9
E4ECFF09
DDF3F2EA
DBF502D1
FAEC01EB
EBDE0FF7
02F7E825
F3150BF3
F108FEEA
0A06FBEB
05F21604
ECEAFAEE
0D0CF2D6
1A0C1D0A
010DE500
E0F814EB
0FDE091B
07FB0506
FDFEFD09
FEFBFF03
F7EC0100
FE0201FF
21070E1C
FE0CF604
0809FA18
0501F714
DFEFDFDB
F9E405DC
FE06FF06
FF00FBFB
01EFFC02
0E0BF2F9
F8FC00FA
0C0B15FB
2117021D
1D1F071F
FE0905EB
FBFBFC02
FA020807
EF09F7F0
E8F0110B
F8020FEE
F724190D
00F9ECEB
05FF00FF
FEECEEFB
F3F6E1EA
0017FDEC
F31016F2
06FD130C
F70F0E12
F9F90EEA
F7F5F80A
02ECFB00
FD0001FE
FEFFFEFF
F6090101
DDE80E02
FACFE4FB
F4EA2B0F
00F0F71C
EDF5F3F6
1CF9F205
000312FA
F6EAE9F3
FD05E9F9
F9F00111
11EAFE05
F7FDF6FB
1304FD03
FCF4FE03
FE1207EF
E5F5F0FF
F2E9F6F7
1913F4F4
0107040A
F900280F
0306FFFD
FF241008
FDE4FA0A
FEFF0805
1A080EFA
FC070501
2315100C
15120AF5
F2100C14
E1F0EFE2
F3FAFCE6
F5F8FDEB
0816F5FF
0003FF09
FE01FEFF
1314FC01
01F60F12
F0ECF2F7
E1E402E7
FAE7EEFE
0003F9FA
FBF80BF9
F40D0E07
FAF4FD0A
F3FEE8DF
E8EE0608
FCF8FE11
EBFBF3ED
0D1014E7
F6F81819
ECEEEEE6
0904FBE5
EFFEFAE8
1305F3FC
080C0EFE
04FE1101
12FEFF0F
F500F302
F41B02FA
020607FE
FCFCFC05
16FF0D08
20210005
E60914E5
FFFC0B10
F805F8E9
00040BF2
FAF5EF04
0102EDF6
0000FEFD
FDFBFE00
F704FDFC
FAFA02F7
EFEDF607
EBFFFFEE
F0E5F2FE
FFFC01F7
F0F0F3F4
FEF9FDF0
E30607F2
F7F71601
EEFEFEF1
F3F0EEE5
FAF6F8EF
0106E803
ED0BEAFB
F3000CE5
FD06000B
FD091C11
EFF3EE0A
E1EAEEF1
01E6FAFC
DFF3F913
0DE9F0FA
060E0DF1
FF06F1EB
FF0A07F4
06FA1629
FDF00AF3
F106F10B
F8FB1A0B
0311E502
FE0A14E9
06EFFD1E
FBFFEFF3
FD000009
FFFFFFFF
EDF400FE
0102F5F5
FCFAF9F8
FAFCFBF6
FB020DFF
00000200
0000052F
0000182B
00000D97
FFFFFD83
00000BB1
00000614
0000123E
000001D6
000000F9
000004DE
00000588
FFFFFDE0
0000078C
FFFFEED7
00000391
FFFFFDAB
00000012
FFFFFE33
0000067D
00000ECF
FFFFFC67
00000186
00000EAA
0000042A
0000052F
00000514
000001D7
00000064
000000AA
00000478
0000040D
FFFFF3EF
000007DF
00000062
000009BB
00000C83
000005C3
0000083B
FFFFFEA5
0000024F
000001ED
00000519
000003F5
FFFFFD3A
000000A5
0000083B
00000D1B
00000008
1BFDF7F6
1509F807
F6120B00
EBEF01F1
F9F5F0F9
E6EBEEF7
000103FC
04EBFF0B
000F01F9
0BFCFD05
1C18060C
08030510
F400F0F2
1511F8DA
0F130D08
FB001312
F60BF1F4
F5FD14F7
EAFB10FA
03FFF4F7
0C0916FD
FFFDFC09
F0FCF6F1
030905EE
FD1015F5
FAFB0E00
01FAFC0A
FA0A120B
FDFDF8FB
FE0B03F4
F506240E
1803101B
00FBEE0E
F2FCFDEA
0F0EFF04
F101F80D
08010409
F9060D15
06F703F4
0EF7FF05
FE0A0310
08FCE406
01FAF9E3
030BFE01
02FC0810
FBFCFBF9
EBF7EFF3
0AFBEAF7
F1F80A00
1B09E4F4
FC031109
01F5E9F7
05FA1D01
00FDF011
F4E515F2
0E16E9FC
0824F9F4
E20000D6
F4241CFD
06EE03F7
F60AFC01
FFF81A02
06F10B1C
F4EDF3FD
13040DFD
29F7E927
F31E04F8
F3F3F5F9
F8F5F1E2
FC170BFF
F1DFDEF5
291E08FA
F20DF9F8
1506F2F0
07000505
01F5EEED
1204F7FF
E8F60208
F3F602FC
F2EF0707
F3ECF0FF
09F8FE00
F0F2F7F5
FFF30507
F2100FFE
05F01017
02090D0A
0AF3FE0E
F6EAFE09
F4FBF3F4
37031F09
16181A3F
14F9F0F7
EBF4E8F4
E2F1F0E9
EDE3E0DA
FB08F7EA
02FD0D15
FDFAFF05
ECF6F7F0
FAF8E5EF
F4F8F7FE
EEEEF202
0902FCF5
1B29FE13
FE0E0E01
EDF10A04
05F7FCEE
0DF6EE02
F0FA07F5
0605FE1B
021A1F0D
02F14123
15FFED21
0BF5EB01
F1EF0308
2008F606
FBFA1104
F9FB0F22
FFF3E4F9
F9E8EE02
0001ECE2
F1F91F06
02F9EB14
FDE41607
FCEEF916
0D0505F6
F103FD1F
F107EAE3
0306F4FC
E1F104EB
FEFCDCF3
F30A0AF6
14F4241E
0E1F0014
04E0F5E7
FF07F2FF
E5020FFA
1903060B
DEFC120D
13F6FCEA
FE00FC08
F9EDFB06
FBF6FBFA
FD080A01
ED06FDFF
FC09FB03
F1F1DCE8
06FDFDF3
FAF7E2E8
05F9EC03
1E11EFF8
F502F0F4
0108F6EE
09030BFF
ECFF0519
FBFEF912
0D0616EB
EFFD04F6
FAEEDFF5
FDEDF704
F901DA0A
08EB0C03
FDEE000B
250EF004
05010DEA
0EFCED1F
0818F909
1CF70305
1B25E119
0C111104
1016FEFC
2335F719
1607EF03
00FD0A0A
00F7E1F4
F0F0FB14
1EEDFE05
081D051B
0A0FF91B
DFEC0EFD
05F50000
03050A15
EFEFFA0B
1114FC09
F8120D1B
FFE1ED05
14FEFD00
15120F06
FDFEFD10
E0ECF5F9
FA03E4F1
FCEFF5EE
03FBF805
321D0A07
280D1B1C
2817F40A
0F11FFFA
0BED070F
01FEEAFD
1C010BED
FF1EFFF2
E9F7051D
08F6F1FD
00100B07
08060707
010601FB
FFD4E8EC
0103DDEF
0F0A07F0
0DF1FBFA
F3E4E5FA
FAFDF807
0B001206
FB0BF90D
0BEEFD00
06060503
FDF51F16
1E09E902
10150EFE
04060D13
0D1B0A00
01222305
0108F713
E4FDF0FC
0BF7FCFC
11062919
F1F0F112
FCF713FF
F5F30516
0B080AFB
F70A0203
150DFF00
102C0AFB
0AED06FD
10000D19
160410FD
FAF5FC02
04F8EDFC
FFF1F502
F7F7FBF4
02180F02
01F5F8FE
07EE0715
04030506
0EF6F3FD
F8FBEDF3
FB011406
F7F30811
03F10C10
F802EFE5
EBECF4F7
FCEEF9FC
00F0F4F0
ECF8FD08
17FA1504
FD01F511
03FFF101
15E8F024
EDF105FA
02ECE704
0DF5F909
F8EBE806
E7EEE8FB
E204F4E7
040714FA
E0FCFA01
D3E9F4EB
F0E227E1
01ECE709
0EFB1204
0518F4FC
1109EAEE
0AFDFAF5
E6F3EEFA
EBDCF8DF
DEF9FEFB
03ED0303
F3FEF203
F70305FF
EEEEF6EA
FFEDF8F7
F1FA2216
F7EEF311
ED08F3F0
EBFDF9ED
F8F2F8EF
F51309FC
D2F6FBF8
F8F700D7
FBF90907
FBEDF701
0B0FEBE6
F1F7EC03
FED8D0E5
09F0EC0F
0A15FD0E
09F8FAEF
1221010E
E90637F1
E3F1051C
EEE6FD15
05FBEAFE
F30523F2
0E05F80C
071B0F17
F9FFFB0B
FAF301E6
0D01E10C
EC1C02E0
FFEC14F1
FE0CF5FA
F9F014FA
E1FCF8EA
E9E0FAE6
FAFF00E6
16011119
EE03F515
0FFD1016
121D0714
EB030C11
F3DAF5F4
12FC17F6
0006F801
00F7EAFA
F0EEFFF7
030A1DF3
00F8FDFD
0F1304E9
110D05E8
EBF5F714
F9E50E0C
FCEDF0F7
FAFAF1FB
0EFBF700
0C1DF218
FD0604E4
0B04131B
0A22190F
F4F8010C
F0EAF7EF
FDFE02FC
F9EBE7FC
F1FEFFEC
00E8E1F0
FB1011F9
09EE050A
1005E103
02F1FA01
F618F4EF
1B0B1305
0609F6EB
0B2A0615
E9111CEE
F7EDFDF6
FAF8F4FB
E50502E7
11E5010F
04170006
ECFCFC01
FA090810
0904170A
EBF5F7F9
F1F3FF01
FD01EFEA
F0F4FAF2
FF07F0F1
EF03FBFC
EBE9FDE6
F1F90B00
FEFAE6E8
00F7FBFC
FD02F3EC
EDE0FDF7
ED090407
08E6F505
DF08F4E5
F3F209F1
2305100C
1C17152B
F907F7FE
F5FC2800
F8ED0A1B
161CF7FF
01071B03
0B11010B
F20B11F8
F1EFFAF6
FE02F9F6
F0F1E900
0CE3F0F4
FAF6EBF7
09F4FC14
F608FAE1
1505ECF6
09110810
020A0E03
FD041004
00FB040A
D9FB070A
FCEEF1F2
FB0C02F9
01F002FD
ECFBF6FE
EDD5E911
0F0200F0
0A190403
FDEF0B01
F3151C1B
0F0103F8
0506081D
F802EDF4
EEF900F9
09F60200
09E0FC15
EFEEFC06
0B1113F3
09FF2202
FE17F619
170902EE
ED040CFD
FEE72418
FA01FC20
07FF0713
1AFF1F0B
E601FB2E
17F1F705
2A190606
FAFEFF0C
19F6E5F6
FF1704FB
0D181DFE
0717F912
F7F6FD03
07FCF7F3
FC2111ED
E2E10E25
29F6DFEA
FC2C0CF4
EC0602FE
0200FDF2
F7FA05F9
FAEAF8FF
EEEC00F1
F00EF4F9
F90A0A04
F8F6FEF4
0003181C
FE0A1B1E
0D01F428
04170DF3
1BFA2C19
0CED081B
1CEEE62C
0E1CF9F5
01FE1B0A
F80106F5
F2FCEEDF
F90005EC
FE1904F2
0C061B06
F7F4FA0A
FAEEF200
0314EBF0
1906F9FA
040DFB00
EA011EFB
FE05FD03
0E001E33
10E9F812
F41C05F5
F9F61AF7
FFFAEEF0
F9F904F3
F6FB2F0F
07F90308
1A2B0907
F9F2EFEB
05FAE5EF
030E0004
01F90B05
0CFFEE0F
F5FB0302
08F702F1
0912E906
DF0107E8
01E90101
F3F9F005
F1070DE7
E9FA08EC
0507FA01
E60206E3
EBF60DFB
F4F329F5
F4EDF20B
17E2F1F9
FA18FCFC
FC160E07
F521300D
0C0CEC00
EB070701
FDFF1BF7
EBE807F6
E4E4F0E2
18071B1D
12F7FF19
04FAFF0B
0011FE0C
0605FAEB
EE05F607
09DFF0E0
0A1C1F0D
03FF0635
1708190A
1A1CF30C
D4F8FC0D
F9EFF1F5
0AF90CFC
F0F5FA02
04F20F06
E9EFFC0C
EFECFC02
F90D06FF
02FB0E06
F8E4FA0C
14EEEA1D
1E1FE9F6
03FBF716
E700F904
07E906E7
0B02F615
01030EFC
EBF7D9F1
F5EEE8F4
FE0301EB
2005FE0D
F6E5DF15
04F4F2F8
E8FC01F2
14DBF606
07FB07F8
EC152E05
FAF2E5F8
03EEECE9
0A07F3F6
112F2E1A
1E121E1D
F807030B
F6E6FCFE
13F6F602
000CF901
0FF9ECF3
FDF107ED
FF0AEA06
EBF30801
020306FC
FA0C1B16
10F3EE07
FBFA0D16
F505F9F6
09F8EAED
F104FBE6
F70FFA0B
F708EBFD
FAF904F0
01F6F901
08FDEF04
0302FFFB
EAFC12FF
04FFFDF0
00E8FCFF
F9FBEA0A
E0EBF6EF
E1EEEAF5
0D1BFFE6
EA002C0C
1DE9FF12
01FA0326
040AFCEF
07FD090B
EE09FEF8
FBFDF7F9
E40101F2
15FE04EA
F50108ED
0200F801
13FB1518
EBFB0623
0811F012
FBE91C09
DDF5F1F4
18D9F205
F513E7ED
F51505FF
FD1310F1
F9F4280E
03FA1F19
0AFCFF25
0E08EFF1
F102EC14
F0FAF905
09EEF2F5
F9F5E8FA
141DF810
0D0E1917
FF07FF11
F71910E8
05F90210
F0F0F414
040EED15
020C0E00
F70B0FFA
07EFEEF8
0718F9F9
EEEDFAFB
03FBFA0D
1107F8FE
F6F9F613
FFFDF7F1
1B020515
EA0529F0
FA220EFA
ECF21615
EEF809ED
FDFAF005
EAF11402
FF08EDF3
12F017FE
EF09F2F7
F8F90BF7
02F9F2EE
1104FB06
E3EBDB06
0900F10A
EDE80815
E8F0FEF0
0C00050E
0203FE16
EC0F06F5
F5EDE3FD
FBFF07F3
E5EAEE06
FA0905F5
FE2D1617
1BFB0C17
0B0304FE
E6F8FF08
F5DFECEE
FC0FFC00
0D061602
F5071303
FEF50112
0505F201
F7F0F2E9
EEFEFBF3
05EFF4F5
07FBEBF0
FC0F06F5
04ED0B05
0808FD16
F3051BF0
131B060F
152B1012
EFEF04F6
06F5FDF6
FC01F90E
F0E3E802
F2F0EEF3
0C1CFDE4
0EF80FFD
F7F40222
2728F111
E9F8210A
0503FDF6
05050108
FCE6F902
E707EEEB
F0F9FA0F
F8E80FF2
F2E8FC0F
E6F4EFE8
FDFE1207
F0F7F8E8
FCFD03F0
04E3F9FE
F6120804
0E281208
FC081728
02F5F6F1
250AE617
F2F4EDF6
101013FE
E8E1EE0F
140F0A0E
E5F308FE
09EEE4F2
F71BFBED
F5FD15F6
0A00F6F8
0C170C00
F3FAFC00
FF0A09E6
FF1403EB
DEEEFC02
0002F5F0
0806D2E6
E7F616ED
07050002
E80A0B06
1F0E080B
F2031708
F907FCFB
0205FBFC
1A07F70E
FC1F130F
09F5E7EA
F905FB01
F8030CFC
F3FEF3EF
0D031904
FEF107EA
F517F7FA
EFFFF9ED
1FE60210
06FEF30F
030A1904
F8DBEEF2
F200FCFB
E8F90ADE
02F2FE01
0501ED07
ECF603F3
FDE8FCF1
020B0312
FC0803F2
04F5F3F2
F50901DE
001AFDF0
1CE6FA04
FD17EB06
0DF1ECEF
0CF50CF9
EEEEFD19
F5E6EA0A
F4010AF3
08FC04F2
1C060116
EF07FBEC
F203F2E3
D7EB0AF4
F6DEE4FA
0903F0E4
F01207E0
05100EF4
D8E4FAF5
12FF06E5
03EEF409
01F1FEFF
0AE8E0EA
00EADEF7
040205E9
020F13FC
F806F93A
F4060D03
EBEE1BF6
0AF0F6F8
13FD0E01
F2F40302
FFFEFB0F
FAF2EEFB
0A02FCEC
10FB0409
0415EDF8
15120AF0
FA04F8F9
F4E9F5ED
0FF1EBF1
F304ECF5
17140D0C
FFF7F6F3
E8F4DCE1
F1EBFBE7
FDF7F1FB
24F3141C
F8F70605
08FCF90D
FAFC0B08
0AFEF1E6
E7EDEFFC
1908F0F4
220E331F
09FDFF33
2D0A091C
08001725
FE07FDFB
FFF90904
01F9F2F1
F3F3060D
F9FBFB13
FF000BFE
F30407FC
040CFF0B
FAFBF8F7
F5F00B03
F2100E0E
0C010C0E
E5E7F009
F6EEF4F9
1D1BF611
F21116F1
FA10FD00
00FA0B01
F7E700FD
11EADD00
E5EAF1E9
F2EBE6F4
0509FAFB
0AF6FF0A
F800F807
1FF8F303
0D0BF50F
161C0D23
11FF0907
01FC0809
E9F9F9F6
100819FD
FB06F7F9
FEF9FAFB
24F3F0F1
0B0BF606
DF15F703
F7F41D08
0902F602
E9FAF6F2
00ECF2F7
0328FA0F
E3E002D4
031A0B01
0AF61223
F4F91DF8
F3FAD7FB
F6F0FADE
F42A0909
1FF32310
EFFCEAE7
FBF1FAEE
1DF1FFFB
1614FB15
08DCF8FF
ED03E4EA
F5E40004
110FE301
04FF08FF
FEFBE7F5
F50808EC
0E04F2EA
1D2EF009
EBFDE30A
20F8310B
F6E4F830
F8F0F601
03E6F70D
06EAE9F6
2616EC08
110506FD
0509F8FB
01FF0300
FEF3EFF0
180000F4
0906FE13
02060D0A
EAF1030C
05E9EFF1
FFFCF5FD
FE040501
F11A1002
03F20B24
170CF501
010A0911
E9F9FEF5
0502FEF3
FDFF1202
00EEEFF6
1208F8FA
F4030CFC
FFF704F6
04F7FA04
000308EC
FA05FAFF
0EFFFAFF
F8FC0005
FFF0F2F1
11FAF9F6
F6FFE900
FDE80AF8
11F6E701
ED02F9EC
F0F7040B
0B1B07FF
0C00F50A
F1F8F7F5
E6F800EC
EB100501
F5030000
E9ED1EFD
DAE3ECEE
ECFFF5DF
0805F6F2
F7FA08FC
EF0C0AEA
08140212
EE081905
EFEFFD08
F9FCECF5
02FEF6F5
F6FC2006
1415F5F2
FE20260C
F80303F6
FCF80803
F50710F8
F7F810FD
E7FD061C
050FFFFD
F10E1313
EEFB04E0
FCF0EA07
EC020104
0B00F9F8
E708FE0C
0BE8E9F8
FDFD0F0D
D3F6EEE7
10F02013
0105130C
F9F302F7
F9FAE3E4
F4F902EB
FBF10BF8
02F6030D
0DF91207
1AF9E411
E31FFEF5
0CF80C18
170D03FF
0809FD07
02F9171C
F6F206F3
E7F5ECE9
F2F307F1
0C13FAF6
00FA0804
FC02F0E8
F6111902
F2FFFAEB
0A04FDFA
03F8F7F1
0D10EE05
371A11F8
EF001FF6
F90BF808
0501100A
FB0DF600
F9F7FB06
FEFC0DF0
00E4E120
0108E8F1
FA0302FE
182916F6
050E2703
0906FCFA
150D0A02
0D1811FC
FE020309
0DF7EFFF
14170204
EFFD0A14
030B170A
F4F70E0E
FA01F1F2
FC0C09EB
F2F5E4ED
0002F8F3
F1FD0DFB
01081321
04F90C1F
0F06F80B
01020DFF
0CFB0F0B
010EF603
060D1D16
FF081506
03EF1411
0EF5F62C
F6F5F4F9
FEF2FB06
F90702ED
FDF1FFF0
03FAF10A
F201F1EF
DBFB00E8
05FD06FC
0EFB0000
0D110E0B
00EBEFF6
07F8F007
F820FFF4
FA091EF6
F12F1DF4
E9F11FFA
F1EB0A05
FA0AFD04
0D0909FF
0A02F705
08E5EBF5
0216F603
ECFE03E8
FBFCFDF7
00FD02EB
F8E9E90A
F7F2FBF2
02EF091F
F3FCEAF9
F9FEF2F2
E815F4EE
F4F206DD
0EEFF404
F1FEFAFA
02D5FF02
E215F3F6
EFE0190A
00F6E806
0306FBEE
F9F3EAF0
1A0DEE02
0D1905FB
0F1A0C0F
E6E9F0F4
0BFA0010
F9FB1115
EAEEF8FE
00F3E7EC
FEF90DFC
F4EBE807
13030717
22100511
F70CFA07
07ED00F2
13190801
FBF6100A
FA05FE05
09100A0D
04072207
0903F6FE
E9EBF8FD
1003F6FF
FE09F7E6
07FC1615
EB000E0A
F3FEFFE3
ECE4FDF6
20FAEC11
F0100D04
1411F8F9
0CECE907
FC160202
E7EB1511
010DF8F6
1E011025
F305F2FA
05FB0201
FFF11011
FC0CECEA
F3111BF7
EEEB0105
08FFF30A
F0EDE909
FB0F0EF6
07F50E0B
E70107ED
F32B0402
030E1CF4
00F2FCFE
F6FAFAFF
150005F2
FF06F8F7
FBF0F4ED
EEE8FFF6
E8FAFA04
E4010809
FC01F1E4
0D02E5F9
F01024FD
FBF81614
05E1EA04
E31B0DF0
FBF60BFB
04EEE62E
0406F8F8
FEFFF2FF
170AE8ED
ED01FFE1
F90603FD
070C03FA
F2091113
FCFEF7EC
FA0100FD
EF1B2322
E6F102F8
03FC0EDF
FFE9DAF4
0B13F5EB
09170704
EBF706EC
F8FAF6EB
0E080FFF
03FFF800
FFFEFDFA
0BFDF205
16EF1614
FAF9F803
030E02FE
FF0E1409
0DF5F803
0609F80D
F801FCFA
02F2080A
EEF4E90C
19F60010
0303F5FD
0205FEFF
F4F6FCFB
E1F90102
F3F702F4
FBF409F8
F6FFF3FA
E3EFF4F3
07E6FBFB
F5F7FEF8
F50100F5
F9010A06
12F61609
1409F01E
F1FDF6EA
FAFEF7F2
F3FBEF06
0201F5FA
FC0A0B02
F9F5F1F6
F6EAE5EF
F7041400
FDFEFE05
F5F40AF8
EAFCFBF9
1206FEF5
F906FEEC
000CFEEA
F4F1FA0B
080E0D24
21FDFA03
1337F30D
F2010902
EBF7F2FF
F9F00B02
0114EA0A
FFFC0CFD
E304F7EA
F903FBF9
1415120B
EF0A02FC
FAFAF6FD
FEF7F6F1
E5045B04
F005FD0E
FEFD22E6
E60C11EB
F8F8F90A
13050507
0F0BF003
0303EDFE
FD0803EF
1609E802
051A1DF4
ED0FF600
0CED0A12
FE1B131A
EF08F5F2
171714FD
EFEDFCF0
F3F4E3FC
FFF8FAF7
0FF2F1F5
0D060912
F7FAF5F8
1D04ECEB
1C11F1F8
071B1EFB
0A01FF01
F3ED0110
F908FBF7
F6F310E8
FDF5F6FF
06110E06
06F6FDFF
F501F3EE
FFF1F2EC
13010A0F
010FF2FC
FFF6F0ED
0A080012
0914FBEC
1901EE09
141401EF
FD03F911
00F6F5FD
F3F80919
F6EBFAF7
FBF6E800
FCF1E1FB
000805FF
EFEEFCFC
F7F3F1EF
130F1505
EBE00008
0328F6F0
F30502EE
F3E2FEE6
16F0FAFB
0C0E040D
04200906
F4F0211D
15FFECEC
F72207E9
0C0305F8
FA021314
FF0D1AFE
FCF6201D
F4F4F323
100908FA
FA0103FD
E805FCFC
06F700DC
0A010415
F608F801
070D0400
EF040A04
F0F51401
0703FF05
FF05FBFA
FAFAF3FD
FAFF08F6
FB0FFAF6
250215FF
070DF415
F0020BEC
EF16EEF7
E42926E1
FDEA1200
0601FFE9
2B0F0100
09FF01F9
EEF70BF7
0FEC02FA
FCE8E3F8
F608E8F0
1308F4FE
01FBF8F5
E2E6F902
F8E7E3FF
06F9F8F7
FF0C0710
FAE204FB
060701F5
FAFF1204
EAF3070D
E3F8F204
EBF61EF2
05F80409
01F50BFD
F4FFEC00
20F9EEEB
2307101D
E4E8EFEB
03ECEE05
E8F5F90C
07E902F9
0607EE13
EDF5FB0E
F6EDE6F1
EAF1FAF7
FC0BFF13
E9EF01FE
130D17F4
FD09F80C
05FE03F2
EE06F004
FB06EEED
0606F1E2
0504F60C
06FFF503
EC200C04
0FFD08F0
05EDF1FB
F900D7F1
0AECF3F3
EDFDECEA
00F2F6F2
F3FCFD07
0002FBF2
01F207EE
F2F8FCF9
10EFFDF8
1507FD0D
16F6F61B
000216F8
04FFFB19
05FEECE6
13F9EFF0
120D03DC
E1E106F6
11F200F0
13080605
12170204
02E8F907
10FC090E
F90E0517
F10F0AF7
171C13F9
F21813E8
E1F5FDFE
EBFED8DF
08F804E5
F8DFF2FF
0FF9EDFD
0104F500
FCFBFDF2
1815F6EF
CFDCF20B
FFEEE3F3
0408FAFF
FFF0F6FB
1007FE08
25121C0E
0408E42E
F40003EF
0908F507
14261906
FDEC0BFE
0F080503
020202FF
06F90004
0712F500
EFFB0AEF
F8FBFC0F
FDF6E4F1
1709F7FE
0D0302F0
0602140A
F7F5ED0C
E2F90503
F7E7F7E9
FF1004FD
11F60D07
F7EFFB0D
00FBF6E9
030011FE
12031C0A
0704FC0F
E5F6FFDC
16FCFA04
03EDFE15
FB04FDF4
0BFCEFFA
EEE9EEFD
0AEAE0F3
2A18F817
EEE5E411
EC00E0E0
FDF6F9F9
1A1CFE04
FDFB04F4
FE0205FD
F2FBEDF8
21F6FDF5
30F10137
F6F9ECEE
F606060C
190BEBFC
00070AF3
FF01F500
F0E915FA
09F1E7F8
F7FFFFFF
02EDFB02
0601F901
02011205
01F3FF06
FCFDF9FC
01FF03FD
050CFEF6
FD0D040E
15E80EFB
111F061D
14030218
08061805
F8000412
010800FC
01F2FF08
FAF8EBE7
220CEFF8
FD260CF6
0EF2FAF5
3621091B
EFFF03F9
10000E19
05F6FC07
F30A0311
FB04EEF7
FDFBFE06
03F6FFF7
23F0D61C
EBF3F6F5
01F5FD03
FBF5FDF5
F70E08F3
00F905F4
1419FFFF
04F91006
FC02FC05
FEFB0C06
F6FD0AF0
12F50012
140D11FD
0D05FC09
081201FE
18240CFD
F406F0FF
02FFF5EE
FA0E0416
FE1214EB
FCF3ECF1
F3EAEBEE
0605FAE5
FA2429F9
EA031D08
0507FF02
FBFB150E
081202F6
F0F5010C
FA00FCFE
FDFE0F01
08210008
30FB2C2F
FFFBF316
FBFEFBF0
FC091303
F21100ED
FEF910F3
02FBF4F8
F8DF0905
11EFFC0E
0607090F
F503FF17
01F0FB0F
0007070A
F4EDFCF6
07FEFD00
03F70907
FBF6FE03
090714FD
F7FEF9FA
FB1BF9FF
FF240FFA
16F71C16
F40C180F
FFF3E1F7
FC001703
F1F5F9F9
0E2215F7
FDF10D1B
221303F6
1A2A0914
ED120DF1
08DD02FD
EE040208
F6F7F7F7
060501F7
FAF4F30F
F5F3E7FB
F7000AFD
070A02FA
F10509FE
F41303F0
F5FBF1EC
03F60004
0106F707
EAE71606
1200FA0A
000EF7F1
06FFFEF3
02FF02FA
FE0BFDFC
F7000CF9
FD0DFDF5
00F7F9F0
FA050303
0BEFEEFD
07F3FE01
10F4F525
07F2E9ED
EFF70507
0D02F4FC
FE040DFD
F2FDFAF8
DBFBFAF7
2405F400
F6EC2F20
05EEE4F3
F6EBFC0E
1511E4F5
1C0B09FA
EBECEEF1
F3F0F7F6
FCE6F9F3
FEFCEAFB
FBF209DC
FEFCF6F5
E9F4F603
0DFAF7FE
20FFF10D
F805F3FD
05EBFE07
011300F5
38F9021C
0A08F6EE
F802FD06
14101308
FF14E0F8
E8F915F1
12F50A00
00FFFF0D
F408FC09
F31B1C08
0703F2FD
F70B12F9
FDF3020A
F103E4F8
FAF306F4
F602FCFB
F2FFF8E9
F7F704EF
EC0FEEED
13011AF5
2E180D0B
F3FEF8FF
EE06EAF1
0302EFDE
20F3F8FF
FF010F17
F6F20106
07F4FC08
E5E4FCFE
F60803ED
F5FB09FE
07FAF5F4
F1010301
05E8F4E0
07F50E0B
F1F8F60C
02EC1917
FB00FAFE
FF14FCE9
0E071003
18031312
FC17F810
EEE9D7EC
11FFEFF3
F901FA00
F8ED04F1
E3FEE90E
0E0808F3
F0F802FA
F2FBE1EE
FBEEEBF2
F80C0C0C
ECF11005
F1DFE5F3
EDF2DFEE
EE07F7E1
040105E7
FF01F6F4
E60202F7
EAE6E406
09FFF9EC
F7F5F103
1DFDEFFC
E21B1B00
00FE0001
EB0913FB
E001F5F7
07FCFB07
E5FCF406
F8F4FAF3
1003040C
F6FCF207
FD02E3EF
0FF406EC
FD210D11
E910121F
0AFE00FF
F4FA0AFD
17EC0508
E7F70501
0DF9FDF0
FA33FEF3
FBFB0E02
FBEAFE0E
15F30401
2A17F912
EB160613
09030200
FC020003
FEFE0102
FFFD01FD
01FC0201
02FFFC02
FDFEFFFE
02010202
00FE0001
FA000000
00FE0403
00FAFEFD
FC000201
FF010002
01FCFF00
0001FF02
0200FE05
FF010201
FD0105FE
00FD0405
00FF0000
01030201
02020400
05FE03FE
FD00FF01
FD030105
0001FFFE
FD04FF05
00FD0101
FC00FFFD
0003FD02
01FF0102
FF000104
FE020300
FD010100
FEFDFEFF
FCF1E8E7
F5FBFBDC
E9092003
0AF72627
3414FDFD
101B0912
06FBFFF8
0919F109
F307FEEF
ECF3E6F6
EDF3F7EE
0A1608F3
031A18F8
F8F40CFC
02F1070D
EF01F701
E7E50FF4
10E3FC0E
E7040E11
FDE600FA
1214F800
F20212F6
09011404
02FFE30D
F1040AFD
FEEB130B
0EF8F80E
FAFE04F7
F700E4E8
1CFEE713
EE0DFAE7
020504F7
E7E2EB0E
FCE2F3ED
FBF20D11
05FBF90A
F6F5E9F7
F903E4EB
02F6F5F4
0CFC0A24
FEF0F315
FEF8070E
01FAF8F6
EA12ED04
14040E00
0DEEFC00
0B07FFF7
06000203
F50E04F2
FFFD05FE
FCFE03FD
EEF5F809
D5F3E6E9
FEE714FD
100606FF
EBEE0708
FAECFD0A
00F302FC
FEF8E915
FDF90DFA
F0100CF9
F7FBFBEE
02E9F106
ECF7E9FD
06F4F0F3
E303FBF1
1AF71414
0DF00B15
001309F8
E9F7F60C
F1F3EDF0
F1E1E70F
F8F5F6F6
0FFAF801
02FB08FD
04FBF3FA
F3EAFEFE
F4F4F5FD
F8FC08FC
FB07FF01
F9F90E05
FB020301
04F1060A
FFFEF105
EDF7FAED
0DFBF1F5
1B0CFE22
F9FDFB00
FEFBFFFB
00FFF7F4
F3F1F3F0
F7F0F5F4
EBE8E706
ECE8EEFE
03FDEAEA
01F9FEF8
F8FF0206
F2F403FD
F2FBFBF1
EDFAFFFF
F4F1EEE7
F7010BEE
EC060F05
FF06F7F9
F7F8EDF5
EE0FF9FC
F1ECF8EF
030AF4F3
F9FFE3F2
F102ECD9
F506FEFB
E6F4EAFB
070703EA
14130210
E0FBFB01
FE04E4E2
123329FF
08F30D01
38101434
0D0BFD2D
0FF1041A
000C03FD
EFF4FEF6
07FDFAF7
F0FF0DFE
04090000
F6F4D8F4
0E0A01F4
03FAFAF7
06FFF7F6
0A1BFA00
FB060F18
F9F6EBEC
07F8FA0E
F1FEEE00
EC090BF9
F8DF05F2
0F04F509
FFF1F2F3
0A11E8F9
FA05FBFA
EEE2E1F4
1BF8FB0E
1010F915
F8FADEEE
F1FE10F5
0AFCEFF7
0D02EDF5
FF071203
FAF4F4FC
07040C12
11EA0116
041F11EE
0410081E
FBF8FE06
0BFFF9F4
05202014
ECEFF3FB
E6EBF6E5
F0EDF8F6
EBEDFFED
F2E3E2FA
FFFA07F2
0B11F90A
0C0802FC
03030B20
24FCFF03
0009F312
F700EFE5
00F211FE
11FCFF0B
EDFEFAE6
EEF00301
01FDF6ED
F8FB01F7
09F7E6F9
F90105F5
F0022022
0DF7FEEC
190AF31E
F4FB0419
24ED001B
F6010909
FBF50013
E2F41CFB
E7F2F8F3
E1EBF90B
03EFEAE3
010BF42C
E2FE00DA
06F8290F
E7F9F938
05F2070D
0102FE02
0BF3E905
FFF9F6F1
F802EBF1
F2F2FAE4
F2332D00
E80206E2
F9E0E501
F608F0F8
F7F8F900
24F4E415
EAFBF9F2
08F000F6
26130618
1F042001
0818041F
FBEFFE0B
F811150D
0E0B0407
020205FA
FEF8EBEB
F3050D10
FE0C02FE
0BFFFA0A
07F7FE08
000BFFF4
08FA1010
0804FF0D
160BFB0E
04F7F4ED
FCF2EB01
151415F4
EC0BFBF6
01EDF9DF
1F1FFEFD
F71A3B14
F4F7F51D
FC0215F0
0801F803
F0EEFF0A
04FDFBF4
06F409EE
F901EF0C
E5F716F8
F615FE0B
190F2C1A
0D090C04
EF250007
EFF5FFEF
000305F9
00FEF0F9
F1000007
050A0207
02E6EFFD
05FFF7F7
12261807
0FFF1815
05200BF3
0902F914
0C040609
07FD0307
FF00F0FF
00111004
F4020A0A
F3F2F3FF
FC07FEEA
16060AFE
E6FAF9F5
2604F5F7
14291511
E7EFF411
14F6FCFD
01FA0A0D
EEFEEB06
13F90D02
FBFA1405
F6F3F7FC
2BF1071D
FD1AF0EB
051F20FC
1D051F20
FC05F7F7
1A2B0906
0BF8250B
FAF1EE07
E6F6F2E8
00FEED02
03F9FFF7
FBF0F200
1AF60303
F7FA131C
05F50000
EFFBFA09
F00006F1
F2FF0100
F90EF801
FEF106FC
FA02F3FA
FCFC0C03
FAEEF2F4
0A010DF8
1506F6FC
FAF9F919
F7FAFEF3
00FFFF03
110D05F4
F1F1F606
08EEF6F7
0608F8FD
F6F8E200
03FD06FC
02FF0404
1108FC01
30F4080C
1F08F624
EA0005FF
000B1905
0D081518
ED0809FF
FE010CFA
1D060006
04050A18
11EFECF6
0605FD08
04030FFA
1E0AFC07
06080920
F9FB040F
F708F802
2609F3F3
0B090F20
07F5EE02
09F5EB00
FE1D24F3
F8EAF211
D6EA01ED
09FFE8F0
06EDECF7
E9F30BFC
E8F6FDF0
E5F3FCF2
F7DD0BE2
FAFAFB12
09F4EBF7
F400F3F9
EAF1FCF5
0AFC00FC
1417FBF7
0112030B
FFFDFDF5
1F08F8F5
EDE5D701
E2020103
FEF9E5E8
19E9E80D
EBFAE8EC
1A050913
09FCF120
0302EFF7
E9EF07F5
000500ED
E8FEF802
F706040C
E9EB00FB
F5F2E701
F9FEF901
FBFFFF04
EE030CE3
05F81BFE
F2EEFA14
F204F5EB
F701FE02
DAEB08E9
FD190A06
0B0AFFF9
E5E4F9D4
FD06F6EB
0827E3FE
F2F2F905
F7F8EDE4
110D1BFD
141E080B
F5FF0C0B
F5FBF8F5
050D07F7
F7F2111E
0DF9DEF0
0314F505
0605120D
F1020E0B
160FEE04
27E726F9
F8F40707
05F8FA00
F60B16FE
F7FF09F4
00FA12E1
FD09FA09
06090302
F70EE9EA
F7ECEDEE
FCE31012
EEF9F204
F5FEF8F0
01F9FC0B
0904EBF1
F9101A10
F3F40DEF
0B00E604
FAE7F2FB
0AE42007
11FEEE03
33041820
F701FE04
08130CF6
FF342800
EDF80609
FBEDEEF1
1EFE110B
FD22F811
F3F10DFE
0F15F2FE
150B15F5
F1F6EE04
02FB080A
0003F40B
05E7EC07
FF1AF1ED
F203F0F8
FC061DED
F3FC0E16
F6FCFEF6
FFF80004
FA00F1F6
ECDBF404
E8EFEDE1
050E0A15
FD04FCFC
FEFEFEDC
0BE9E601
F3090BFC
F7EBF4FD
0305F5F0
080A1103
0906F400
FDF8F2EF
F0F5FE03
1EF8F4FA
FC060510
F500F4F1
050903E6
060F1E12
FCF30B08
1610FF0C
F7FB07FD
FAF7D8EB
FE12EFFD
02E7E2EE
FAF90402
F4F1F4FD
F4FB0413
0F25EBE2
FBF00BFD
03FADDEC
FD0E00FB
F2F705F4
12F2F305
110A191D
03F9EF17
0604F9F7
FD060909
0802EFF7
060F01D8
EF03E901
E4E4E6E0
F3FE11FD
F1F51104
F5F8F809
FCF5F2FC
09F6F1F1
FA08000D
F5FC090A
F8FA01F9
FBF108EB
E9E9F00E
F8F8EBF3
FC0AF4F8
FC03F906
EEEEF5EA
F5EE08EF
F201F70C
FB0403F2
020F24FB
FE08FE03
020E0FEF
FFFD040B
07061016
ED06F9FF
E5E601FC
1316E700
20FB1F28
1CF8D927
0BF20610
EFFF0B03
091402F4
00070A04
060EF4F0
F70910EA
F509FF19
F1F3F9F9
0806F3FA
10E3E614
0CF9FBF0
02FDE205
28EF0509
FEF7120B
1E0EF002
0B0A11FE
F3E8E800
00F6F1E7
F41F10FF
F2E50EF6
02F1FB03
110FFB03
01100707
F7F203FE
3D1107FF
09FC1318
09FAF30D
0014FF03
E7FB17EB
07FFF9FE
10FBF3FB
1306F503
000B14F2
E308FA0C
E9E703F3
F5F603F6
26FC091D
F4FEF6FB
01FF02FC
FEFDF9E2
0A00FE0A
040A1110
05E7021A
E9F1F3F8
F3EDFFE8
E8FAECF8
F9F70B00
F9F2F9F9
0DEFFCF8
EFF6E6FE
F6FE13FB
F0000A0D
01F8EAEC
ED3700FB
F214FCED
EEF10C02
1314F9F9
E1F202FC
FDF9F7F8
F3F8F1FE
E7EEF9DD
01F306ED
F6250FF2
20EFF909
070EEC1C
FD1AF8FB
E3FF07ED
ED00EEDA
F90CFDF6
F9F91BF8
05F1FE01
F6ECF002
F0EBF4E4
F0EBFEED
FD1718F3
0A001206
10EFF100
F703FAEF
FBF30E0A
17090202
243D0900
F00704ED
FB0201FB
08FEE400
E61B10E4
FEFD170B
EFF3E9FF
F4FFFB02
E3E8EB04
041926D7
FCFC0301
F1EEF5F9
FD0511EE
FEECFD10
09F0F302
11FFF81A
13E9E9FB
01F60410
E6E8ED06
FDF5150E
EB02F4F4
E5E5EB04
08F0EBF5
F4F1F1F5
F1F90FF9
04F3DE08
F400E6F7
FDE805ED
FE141517
04F701F3
060EFBFF
0B0702F7
DDF3F5ED
10ED0FF7
08040809
1403FEE9
18110E09
F71A18ED
FBF81808
0A11F40E
02150B0B
EDF30A17
E200EDF4
ECFF2104
EAF6F3F3
EBF1FBE9
F1F9E8ED
E700EBDF
F1E4F2DD
1904FF02
13F8FA02
200A090D
02F6EE09
EAF303FD
F9EBF707
07FDE002
F5F7F000
E3F00900
FCE9F2FB
0609FBFA
E1EFF6F6
1500F904
0BFE0713
F5FFFBF6
F00001FA
FBEBEBF5
0112FCE3
FB04F3FD
E4FCF4DE
DFE7EAEB
F70E0EF8
F304E6EB
FDFDFBF1
01F8F302
F9F3F506
08FF03FB
12FB1B20
FCF8F812
FC050CF3
05FBFF0C
E0FDFAF1
0E101D06
06FDFEF2
ED0FE1F3
FEF1F703
05F5FBFF
0A15F4FB
F5F704F6
12FEFB0D
0DFA000B
E9EEE70F
0D05DCF7
FF161EF9
13070B2F
0305F800
E904F703
EDDF0902
01FAF416
03000901
FF09F0F6
0E00F5FA
0E1A0616
F7F9FB04
0DFCF6F6
FC21FAF9
F6191CF5
05FEF3FB
2107FD05
180C0821
EC16F7F8
FBF10C04
F7F6F107
EC10F9E9
03050AFE
162414EE
020B1513
2019F914
F3E9E5FB
09F3FDF2
0B21090D
09F6F6FC
F50A00FD
F313EFF3
030507F9
00FAFBFC
F0F414FA
FAF303F5
EEE70A21
140FFB09
F7EBE30B
0903FC12
01F3F3EB
E1EAE7FF
0D02EDED
0002F0E9
FBF9F708
02F9EA0F
F6000504
09ECF7F4
FF010202
E0F107FD
F4EEE7FF
F9E9EDFE
FF06E0F0
F7F3FFF5
07FF20FE
0AFFFE25
F1FF0603
FBF5F8F6
01000111
EB0408F1
06F2FBFC
F20EFFF9
0BF80905
FF06F0F7
010E14FD
ECF4F4F9
01FD02EC
FEFB0A1A
FC06FBFF
FAFEF3FC
ECECF1F6
FD1708F6
03EAFA00
060E0613
F0F1FE21
07ECEFF9
0313FAF6
0BF80403
0B0CEAEE
F4F71221
F7EBFBFA
06F6F6F6
F70FF2F7
191002E5
06FE0E01
F2F4FB03
E4E9F6DA
14F9F5F8
FB12FD00
F4FBFEEC
F6F8E804
08F8F7F4
EEE40CF9
11FCFE0F
120DFD08
090E1415
FF100BFF
00F821FE
FF0AF30A
FEFCF6E8
F3F90502
FAE9E0F1
0D070FFC
F8030B1B
E0F501EB
F9E2E0EB
E8E008F7
FFEFEEF8
F011E3E6
E9F7FAE9
FBFBF3D3
0D02F5F6
F70EF4FF
F00A0CED
0107F5FF
FF05FB09
F6042001
F411FFF3
FC07F5F3
ECF0F5F7
15060C07
F809FEFA
03F2F901
12070908
FF1B14FB
0C1711F6
0F05F300
F30EEBE6
0BFE13E0
ED05F0FF
FB1CF5E9
0E1C15F6
08FD181A
07F0100B
F113EAFF
EE0907F4
05FAF705
0E03E7EF
F50AEDEC
EEF40BFC
D7E1F4D7
16F9FDFD
EDEB1013
EDDFF3F4
0EDCEE01
05F9FF1E
00FDFCEC
0600040D
F4FA0711
061EF9F2
0FFB3619
02F5FF0C
0EFEE7FF
0BECEA01
EA19EAEC
F0F6F2E0
1EF9F3E0
1214201D
1722211F
0C01E3EC
16041517
F7EFF600
E8EFFEE1
1BF81820
DF030D17
0AE80915
F6F7F801
F8E7D1F6
EEF3EFEB
F8F0FE0A
DB0416F7
22021D06
F50B0BEC
F2E9ED11
F508F7F3
0F0E00FC
F90D1B10
08FCFF05
18020011
1107F6F8
03FCE318
E6ED0CF1
0EFB0FF9
141A03FD
11070418
101B130E
F7ED090F
1029F1E7
FF12FFF5
000B0C0A
03F8210A
FE0EFD12
17FCF802
EBE8E5EA
E7F71AF3
03182507
FFF6100A
17F2E618
07FAFAF2
F7F8FCFF
F9FD18F9
01F9F512
FBEE02F6
F2FFFFFD
EAF90A06
130B06FC
27311A0B
0DF5FA03
FBFD0405
1CF4F91B
EE09FDF8
04F1F6F2
0C0FF4FE
0AFFFE03
0D07040A
140CF816
FE0B0F05
F50AFEFA
0B18FCE9
02FC05F3
FBE90AFA
12140108
140C1B0C
140AFCFD
1010F506
02050205
FF071003
03070E0C
1AF6FF00
E2FD0216
091913E6
0D00160F
F803F9F0
FEF3DD06
F3ECEFED
0DFCF804
0D06E800
04F303FD
1515EBEE
1D12131C
00FEF5F9
FB06FAF6
0AF7F301
20FCFCFE
0B00E701
FBEDE602
F9FD0CF0
FC0BFC1C
F0E8EB00
07030306
FB0FF600
0407FDF8
FAF4E6F8
0807F5FE
F0FCF6F3
E407F8F5
090001F0
CF0014EB
FCE9FD1C
F100090F
E9F419E3
F90A02F4
05050502
EBED0105
EFEAF2F4
08EFF9E7
E9E9D4F0
FD0F0CFE
E2F6E3EE
FAF6EFE9
030202FA
F2000A10
FF1701F9
06F410F8
1401030D
FEF70D14
0010F8FA
F7F0F9FC
00FFFAF9
05F9F3F5
F2F7F8F4
FB0B07F6
10FB0000
1FF9F502
26110035
F10B04F8
00E9F3FF
0507FFFC
021400F5
FDF7180E
17FDF2F5
F40207FA
E2E4F3FC
23EDE909
0224FFFD
FF08F7EE
050C0201
0BF8120F
EEECF900
03FAF7F5
E5150E0A
0BF116F2
1A0BFA05
040BFF00
13FAF7F7
FB000300
F0FB0108
02F4090F
07FD13F2
21020B28
FA09FA06
12150005
F9071105
E3EDF602
07E9F707
07FAE9FD
EA05F2E0
F4FCEFF2
25FC08FE
230B0608
FDFAEE11
10FEF4ED
F4ED07F2
FAF7E6F5
2106F7FA
F9152530
0106F6F9
100F2314
FF07F001
07F606FA
FF1FFDF4
F1F6F1F5
E9EAF9F4
00F708FD
FCF0FF02
031121FD
16F4F60D
F2FD0F0D
0606F90D
F9151F18
EBF614FC
F9E9E9F2
F203EFF6
EAFE02E9
0BF0F411
F1FFECEC
1D01F8E6
020DFEFF
02EEF4F4
E00EFAEB
0C0E02FF
E3F3FBFE
F8F1F7E1
0A02FBEB
FB2C1810
2230140D
04071516
07FA0A07
120F0AF6
FAFD1003
0D11FCFE
ED01FE02
050405F7
F4061021
F3010C0F
E6F000E8
FE000E0F
F80303F5
08E7DFFC
FB03F2FC
F3F805EE
20F6F60A
F2FFFBFE
FC0BFD09
FBF801EE
14F0F6FD
0BE00F1A
28130608
F5F3F8FE
FBF8FF05
EDE7FBF7
00FDF3FA
06F40FF8
03F5F002
F309F3F4
FAEBF5E8
0F00F62A
00F20615
01E91109
F7F70211
FB04F501
06DD08EB
200AFB10
0C0A06EB
E3E808FF
04FD09E3
EE0BEFF6
1FF4130F
F3E4E511
0407FBF3
040A0907
0B060100
091802EB
0917ECF6
00F90F03
00060F09
F406F901
FCFA03FE
F60C03FA
0D081800
10FEEC2D
02ECE8D8
070A0E02
1001F912
F01B0DFF
E3E80B00
000A08F1
19032515
FA0FF410
0E01F9F3
FB0BF9F3
F91AF0FD
0CFF10F9
16020713
0A18F0F7
20F3ECFC
02231B02
140D051E
F6FD1606
F90C0612
F4E60205
F8F6FFEB
FAE2F0F4
F4F7F5E8
F8FEF90C
06F2F90F
020002DF
F8190622
F9FC0F08
F8FDF3F0
F6F0EDF6
030AFDF1
F8ED03FC
F007FEF6
07FEF2FB
F5060207
00F9FBE6
0DFC080A
F0FC240A
FA03090A
F5100BF8
0D09281D
EFEE0C0C
D008ECDE
F1F11F0A
E5DBE6F5
EAEE00FF
ECE2F204
1C351003
08F8F706
180FF608
1CFAF7FD
F0F5F40B
1A03FAF2
FAFD0119
01EDEE15
0EF42D15
FB200C06
EA0C0A05
EDF70AEF
F9FAF3F4
FDF8E9F3
F701FAF0
F9EEF804
FE00E1F6
E2F2EFE1
F9F4FAF5
F4D9FAF5
1CF2FBFA
2F360C0C
FF0AFAED
F2F1000A
230710F1
11162E31
FAF2FB00
160DF603
0AFE09FE
0EF8F902
F6FF0E08
EDEFE8F6
FBEF0409
190D0912
F5FB13FD
0716E705
0A0A15FD
F60C0502
F40CF8F3
01FE1ADF
0D0401FF
12080507
091E01FB
140902FD
1C1F0A20
FC171409
04D8E8FE
F0FDF9FC
EBF0F4F0
EB01FA03
16FEF2EB
E8F5040C
1C020F07
FBF10A17
FC080904
04ED030B
FCFAFDEE
F9F5EDFA
FCF3FCFF
FD18FB08
1B08F6FA
E801F9E2
F11014F2
F8070EFC
08000011
FEF2FF11
F702FFFB
04000306
F9F10106
F6FCF3FF
F1EDFA00
09F0FE05
F7EAF009
F003F7EE
080509FC
E7F3F609
05FEFCFA
01FFFF02
F9EAE40E
FAF0F0EA
F7EE0503
EBFF0DF5
F40BF3E8
12F906E9
0A0EF702
F0FE0D02
FCF6FD08
F3061305
0DFC0E08
0F170904
0000EE03
0C071F0E
0E090F28
EDF0FA10
ECF2F0F3
00EBF5F9
F9E7F501
00070907
01EC1205
00F9EF08
ED01F2F9
09EF08FD
F3191C0B
0FF3FE21
E102FBF5
FEED0EF0
11F6EAEB
240F021F
F2EFEA05
0BF72005
E6EAF500
F5E4F500
DDE6DBEE
03F801E3
0BF4FB1A
F500F0FC
F6FAFFF7
0A2127F2
0EF8FEF6
02FBF81D
0CF5F313
07F9F8E0
F0F0FEF6
F1F1E9FA
06E109D7
F903F0F0
00F0EDED
000D11F9
E8F70C04
04F9F9EF
07F500F8
0F0C0819
E704F802
E508E8F1
F5F1F4EA
EFF9EAF1
15F0F31A
00F0F41E
06130CE9
0BFB141D
020CEDFD
010CFB03
FAFBF7FF
F6F10409
DAF1DBF3
F714FFFB
130D0FFF
ECF6040D
12FAFE14
120B0813
FF0F0812
1C07F500
0309F2FC
05E8F008
FCF6F400
06F0FC1A
F3FE1D06
01F4F90B
F60403FA
DEE4FEF4
1CC0DEFD
040CF51A
F9E1F3F1
FFFEF9FB
F702DEEC
F701FCE8
0C15F0FA
F810100C
0CFEFEEA
0409020B
F6050005
F1F30204
0100FCEF
02FD040C
F50E0C02
04F40911
1F160C10
1D17040E
1811320F
020CF612
F7D9E604
16FB1509
EC15F119
EAEC0207
F3E9DFE8
FC06F1ED
F9FD00FC
E60FFB05
E602FFEA
09083DF0
FCF21F3A
E8EFE1EB
F1F2E9ED
0600F4FA
FC010DF8
F3170AE9
0202FE19
0205100F
0FF9022C
F3EEF8EF
060AFE01
F0ECF0F6
04F9EA00
15F6F3EB
0500FE0F
FAEE0301
0204F4E0
F409FEF9
060629F9
0A04161F
09180919
F702F0E5
E3EBFEEE
EED9EBFC
1A210F02
DB010D09
EFE7E70C
E919E5F2
EEF1FCDE
F3F0EFF8
01FEEBFF
0DFF07EC
1008FDFA
03160A04
E6E3FB04
01E8DDFF
06E7EEFD
F2F1FEF8
FAEAE411
F303100A
E3F71713
FEDCE108
E9FE05FF
F2F9F1D9
F7050A0B
E902E4D7
410EFEF1
03FFF520
05F2EFEE
E2EBFA04
EBF80505
F7F2000D
1C15051A
FFFFFD06
FB020203
0AE9000F
080DEEF7
F9050A09
111CF2EF
080508EB
0908F4FD
0417E0DB
2709111C
01150FF0
F8FC0C10
0C0EECFA
FEFF1523
F7F4E7E7
EEF1F4F4
06E1EDE7
081B06F9
01F7F908
FB31070F
E3E61B01
191D1002
FB0B08FD
F5FF03FF
0D1506E0
F10C0609
03FE0208
0302EBFC
180C0404
FA1FFB04
E6DF06FB
EBE5E0E9
1903E0E6
2712040B
08F5EAF1
150B0B07
0E190921
29F0F409
1506FB16
00F7E5F7
F509FDEB
FAF901F4
EDF6FBFF
05EE0A09
04FB101A
031C070C
01EAF4F5
F2F20704
EC0A0A04
E5F5FFFE
FCFFFEEA
FBFA0E00
06EDF3F5
F7F4F10B
E6EEF0F5
FCFAF408
F8F7EDFC
0600F6E6
00242B1F
090AF20C
F3EBF80B
12F4DDDD
120A0716
09070004
05F9F2E9
18000307
EAF4FE13
16FEFB0F
F8E8FD0F
F217F8F6
06081201
0416EEFC
E9F1EDFB
FCF1EFFE
FAEEEAF6
F00DFDEF
F80B0D03
E5F61208
0407FFEE
0C0B170D
3201F90D
F7090C19
11DFFAF9
131A0D12
F006F21E
F0EDE8ED
1003F9F1
F900F002
F7F30B00
15FF0A04
1409F405
FE182607
F1FBF5F1
FD0508F2
09FC0808
08011109
3006E900
082216F3
04F8F1F2
FE0DFCF0
0D020C0A
0E13FE0B
040DFF0C
E5F50BF7
1AFEF1F1
EF07EDE3
0CF6E9F1
E9FBEEF0
F805F5F6
EDF50CFE
07F9FC0D
F2F80802
F9EAED05
020BF1ED
10EF19F8
02140702
02E7E5FA
0704E2FC
1C000314
F311FDF2
F60A0AFA
11F0F909
2D06F6FD
2F15F71A
00FDF5FA
0E09F9F4
120A0BF4
F10E3A03
02F1071A
FEF1F316
F7DCFDF9
06FBEEEB
3B26EE0B
04080FFB
09040802
1B15220D
19EF061A
E6ECFE05
F4E601F1
EE0D10FB
05053207
2A230404
FBF608F1
04EFFDF8
EDF6FEF6
12020712
FCFD0C12
11130408
04F3FEFC
F3EEF1FE
06FDEBFD
0E03F8ED
F1F3F111
0F110BEC
03061627
0308FE05
FEF910FE
00F7F508
F8F20408
E3E8F9F4
F8FEF202
FA011205
F4EEEC06
F4DFFF0B
F2FBEAEA
FE12FFFA
0DF9030F
E9FB0D05
F3FA02EA
08E7EDEA
FFF61302
F0F2FAFB
19040A14
0901E900
F8F3F0FB
1FF2FE11
FEEE0E09
190BF709
FD05F002
1D080A05
EDFEF701
F9FCF1F3
FF01F6FE
E6F20FF3
FBECFDFF
0F02FD09
060CF508
0917FEF7
1B25020A
F30501F8
FFE4EFF3
0706E8F2
04FC1811
0C06FFF8
F5EB0708
060F0E01
0803FA0C
F804FC10
080309E3
E8E6F3F0
04E6F6F9
F8EBEBFD
F5F7FE08
0504F5F4
F61E2B18
F4F415FE
F8E71400
F4E5EEFD
0E0202FE
F70CF207
0F1202F8
F220181C
09041504
EBFCF50C
0002FDF7
FAFAF6F9
03130FFE
06F30504
04F9F9FB
02FC02F9
F51A00F2
E3FC07FE
F00010E1
E6EC0203
ECF20400
0C00F0FD
0EEFF1FF
10F6FE0D
F80AF601
0DED0E13
1B03F1F1
0906FD23
00040109
FF05E8F7
F5FD03F5
F61400F7
FCFE0909
F3F0F9FD
E414F1ED
E3E806F6
03DBE6EB
0525EFD9
231C071C
151D0D1F
FF0701F3
F41100EF
FBFEFA04
01F0E8EE
F5000AE8
F60DFFE3
0D3213FB
FAFCE307
FBF4F8E4
04FAFBF6
0CF51116
0414F5FE
0C1B330A
0304F709
F702F7E8
051100E7
190AEF0E
CFE1ECFB
09F8FDF9
EAF1FCF8
F6F4E4EB
021110FE
04F0F607
12FDE90D
F9000903
0F0CF7FA
FE00020A
F7FA1B0E
F4FBE5F1
D7E7F8F2
12012112
06FA050B
031F0EED
E9D7EFEE
F5FCF2E8
FCF8FCF7
070808F7
13030A1D
F5EEEAF8
F6FD12F6
E5FFFD15
EBEFFFEE
FA03F6FE
0A0EF202
F4F814F9
FDF6FAE4
09F92722
F7FFF611
101B1DFD
E4F70126
F10613DD
FD0212FE
E810F4FD
FA0BEB05
12F4EAFA
1204EEF1
ECECEEFA
F8F8EFF7
1BF2FCF3
F2FA0408
FEE4E8F9
240CFC09
02171F21
F4F6E2F8
E800F5F2
E9EDEEE3
F9FBF7DE
EEFF0412
F9F20DE6
ED06F7EF
0C0FE0EA
FDFC0011
F8F90EFE
0BF90E28
02FAFCF5
011308F7
DB0FF0F7
DFEC04DE
F1F00009
E2E2F9E8
150610F8
FEFC0200
02FFFFFE
01FEFB00
0300FF03
FE01FE02
03FF0102
02FD02FE
0101FF00
FDFFFD02
030000FF
01040101
02FEFFFF
FFFF03FE
0103FF01
FF00FFFF
FE00FFFC
030101FE
FD010502
FC0204FF
FEFFFF01
FF000204
01000201
FC060201
FD00FD03
02FF0003
00010100
FC040301
FE0400FE
FEFC0102
01FD0404
00030002
01FF0201
FE02FC01
0000FF00
01FD04FE
020202FD
F906ECFB
FA0004F9
FE050803
09F50B1D
0C04EEF2
06080111
F90D04F0
F5E5F000
17FBFBE4
FDF3F3F4
05FAEDFE
0C02F1ED
0F091807
F6FF0508
01F60304
F4EEF1ED
FA0506FC
DDEF0A06
05FFF2DC
091B0C07
1D05F406
FD15F6E9
F0F20713
F0F5F1F8
12FC0106
EDF1FF0A
F3E7F3EF
F3152809
03F2F608
021010F8
EF0B2F1E
E6E4F9F2
FBEBF2FA
F804F3F9
ECF7EBE8
03110FF8
0D1F05E4
F10E0BFA
FEFAE203
F8ECFFF6
F905F9FB
1D0BFF04
F4F3F5FC
03F7FBF6
E9F3EFFB
0BFA0425
1408FC0D
0905FAFE
140B131F
ECEE080B
0800FAF8
EAF0E8F5
F3F00902
01FAF0FF
080D05ED
E1FB0AEA
0F161E18
26202029
F9FF1F09
E8F51203
EBE6FA18
F0FB04E4
02E5F7FD
FF091500
02F4FF10
F8F805F5
1E091810
1B07FE0D
F6E5F1FC
FE11F8FE
FB08F5F7
F90414EA
F1F6EDEE
FBF600FD
070800FE
E1F8FCF8
0C03EF03
03FE031D
F8F9EDF4
FDF90306
030601F5
F3FBF2E7
07FDF507
FBF6EF00
EC000EEF
F4FDFF07
01F8FFFA
09F6F7FA
0C16FD01
E9FB01F4
05F2F5FC
F8F50103
EBF000F6
10F4F110
FAFD03F5
1204F9F9
E7F0ECE7
07F8ECF1
0305F9FC
EDFCFEF3
07F7FDFF
EDF8FA0C
06F6F304
03FDF6F4
0A01FA07
0C06FEFC
F6FEFD02
FAF4F8FB
FCEDE5E8
F516E8FF
09E9EA04
F803E8F0
050809F7
EEFB06FC
FEF9F600
EA02F9F3
E8F1F7E5
F7F3F3E2
0D07E9F5
FF15FBE5
F1030ADB
F6F20304
01F2F700
09E8E5E8
05E0FE07
0C07F221
FDF9F9F7
F4F1F5F7
D8E712E6
EBE60103
05FF0DFB
F3F0F60B
F1F5FCFD
FFFBEDF4
F7F3FD01
F2EFF9FB
F3F2FBF2
FAF5F9FB
F5F9EC00
F3FB0BDC
FFFD01F8
FCF4FEF5
12081D0B
F4F7F7F5
0209FE00
F6162006
03F802F4
0EDFF110
2802EDF8
FAFAEF14
F9FBFCF9
010705F1
F70F10F7
EAF7E2F0
F601F3E2
041202F7
06FF0F00
191D110E
FE161B17
0EE5F8F3
0124FAF8
10F9F8FC
06F9040A
F901F7F5
F2EDF9F1
210CF408
14141906
0F050E1C
EF091105
F7FFF0ED
071B11E6
03F1F4F8
0F00F202
FBF3FC05
E904E5F4
0401F5E6
00FF0B0E
1E141510
F00D140D
EDF5F902
0305E60D
EAF907F2
08EEF5F4
EA0BF7F1
EFF5F5F8
EDE6E501
F8EBF2FD
11012613
F6FB0314
05100CFF
F90F06F2
FBF9F4FE
F30EF6EE
F4EBFEF3
F5F803FC
02EE0D1C
FEED0FFF
EF13FBF5
2AFD0A1C
0B23E4F8
0FE6D8EA
090CE4E4
F9E7F4F3
24FCFE08
EC32FFEE
F1F105F6
EBE9EA0B
FD07EDF5
F1FB0101
18F8EE04
020AFDE3
E8140003
F0FF15F6
EDECFE08
0401FFFE
FCEF04F5
FB1A0AEE
18F50518
F80D0D1D
F9EBF0F8
F307EFF8
F90305DF
03FFF710
2613FBF0
F533FA13
0D0AEAF0
F6FCFBFB
EDFBFFFB
F8F20B12
0C03F0FA
02070A16
EFF10309
EE02F2F4
E7F00BF1
FB07F6FE
FA0401F7
E6FFEBF9
FC03FFF5
030000F1
02FCFA14
06F2EEF1
D7F5F8F5
F0EFF6E6
F7EBFCFE
E1EFDFEA
F2EE06DA
1AFC0408
FBE40A15
EBF5F20E
F6FDF903
E7FEF8F8
E5E4EFEB
F2EF1803
F0FCEFF3
E6FDECFD
0CEAFAFA
F1FDF50A
FDFCFAFA
F10A1207
EFF9F5EA
0304FC04
FA05EEF3
F0F4F5ED
071315EB
EEF104F3
FDF0F900
05FF0508
EBF3EAFF
03FF2004
F4F9F507
0C090D09
03F6100C
19F9DCFB
02F4F9FC
1402F6FE
091BFD02
0301F5DD
FFF70718
F7F3F500
0FF91418
161CE70C
F6090E04
051805FF
1211F3F7
F0F1060C
1AEDF104
0811F90C
1DEE0106
F4FDEFDD
2B0C0305
F60A1806
E2000613
31F6F1F4
13150D1E
040107F0
F2FAF9FB
0E060304
F90F06FC
FBF41D10
F5FF05F8
02F91013
DFE3EFF6
FFEBE4E0
FEF2F2F6
F2FEF5FC
000A05EC
000F0708
E9F108F0
03FBF0FD
EB1B04DD
01E92115
0006F819
FA0401F8
0009F3FE
0B0E0106
16F3F5FC
050EF2FA
03F8F4FE
FEF6F5F9
F7F0F5F8
0E050A01
0301030B
00FB15F4
FAEDEA14
0F14FEE5
EE01E6FF
F5F80ADF
08F3E2F6
F812EDE9
E5FA06EC
F6DEE812
DA04F6FE
FDE1FEEE
32EFF50E
1AF2EF20
18FEE3E7
EA15F6E5
1F0CF6F4
F70F180F
EBEDE8FC
FA0BF5E3
EC0A22FC
F208ECE5
FB09EFEE
EAE80FF9
2DE9F019
E2FB0313
E1FDFBE1
FF0B1DF7
24190C0E
0003F719
F9FB2E0B
F5EDF22E
06EEF4EE
F40CEEEB
081309F1
0501EEEF
F7EFEEFB
F50EE9F9
F0F2E9E8
1020180F
F1060E02
FBFD03F3
F80BFDFC
F71113E9
0A0C0FEF
FFF20517
F8F005F2
0B0EEEF6
09F8F3EC
FA0C13FB
F3FEFA0B
FDE40100
F0FCE208
FAF8F3FF
E5FFF0F3
FDE5070E
FB0EF5F7
04E7EC11
0FEEE9FD
0514FC0C
FEEAECE6
EDE205EC
FEF3EE01
07F6F10D
08F3FE13
00F9F3FC
F2FFF5FC
F7FDE8F4
EAF50CF5
E30B1901
03FD0B17
EF080600
FF131903
1CF1DDE4
20380604
F3F2F5FD
F2E9D8ED
15F9EBE2
FF00F8F8
E6F000FE
01E6ED04
01F7F1E9
FCF8F5EA
281BFE01
08FEFF0A
0FFDF204
E8F5EB14
1BF00313
F5030308
FAF30AF1
EF0C0EF8
F7F50306
EEEF050C
0807F5E9
2F141724
09FAECF5
FCFBF802
F5F3000E
F30E0DF6
05FA1608
0D05FC07
06FFF714
06F1E9F5
FDF2F907
EBFCEFF6
FC03F2F7
0003FFFB
1400F406
FD0409FE
16F60606
1008EB18
FBF4EEF1
FAED01F6
0100FB05
1B050D07
DCE5F61E
F8E6E9F9
FEF1E1E1
EDF8FCF1
01F7FEF8
F8FFF4F7
E7FA06E9
F4F40300
04FFFC14
F90C0D0F
010D14FB
07FCFB02
F4F2FEF2
01F6EF16
EBFEF5F6
FB00F9F1
E2EC0F05
05F8F207
F4FF1A03
F6FB0CFF
FADFF90B
1804E2F5
E9EDEAFC
FD0314FB
0507F800
F6F500FA
1DFF211C
F6FBF31D
FEEBF6F0
F0F4EFF7
F4FEF8E1
0DFCFE09
003E03FC
F41806F8
E5FC26F6
EEF2EDF6
CE030FEE
21E4F1E7
ED0DEAE9
EA020DF2
07EAF4FD
07E4EBF3
F3F41203
EF03EC0A
E4FF00F8
01F8FBFA
0C0B0612
2B07FFF7
1C0E031B
F701F606
18F6FC13
030EEBF8
1909F7FA
F9FE1CF9
EDF0F913
F9F8020C
01F8F811
FF030BFE
01EDEE10
10010A07
FA00FDFA
FFFFE704
FB2110FF
030003FA
E7F91AFE
13F81214
F3051204
0AF6F8F6
F5F10814
0104F802
04F5F700
EC131AF6
05FA0616
1307E808
0AFDFE1E
2E27F304
071A140C
14160712
09180AFB
FC1900F3
FBFF0E0A
FD0E0E02
EEF3F9F8
FFFC06F2
EEF8F8E1
16EDF5FE
16EFFEF2
0819EDFF
EEEDFB15
0A1DE710
F60DFAF4
FFF8E9F7
08F4F3ED
E8E5F00D
FEE5F606
F3FC18FE
17EE0C1D
1AFB061B
030EFEF7
17071808
FE11000B
0C0CFBF5
0AF6140D
FC07090A
F101FDF4
100BEFEB
F400ECF1
29ED1B03
37F5F716
D132FFE7
E5E00A0F
F0E4FDF6
01FFF9F5
FC041B02
FC02FE0C
06EEE9FC
FD1907F8
FE121715
F2F810EA
FA0AEF07
37000A19
0207FD0B
0800FC04
DFFB07FA
FCF6F1FA
F70222FC
FD0B1D25
FD050E07
00021215
1DF2FC15
FDE5E207
FFF7FAF2
EDFEFDEA
F614E0E2
FDEF1303
FF08F9FC
FA090100
05F81805
E3EA0104
FEEFF8EC
13D9F62B
F8FFE1E6
F10007FD
F6F7F500
E0041FEE
01E703FC
ED03F1FE
F5E7F6F8
FE00F7F4
F6F1E402
1713F5F4
EA0305FF
FDDEFCFE
EDFCD8FD
E6EF04E4
150E00F3
1715F7F8
1FFFF70A
0005FBF8
E4FAEAFF
0CFB02F4
13E7EB1A
F8E1E9FC
F3F2F4FF
0AE4011A
EEEEF5F4
E0E6FBFC
E8F3DCE9
FBEF14F4
07191602
33EDFA22
14FFE00C
0814FCFC
120114F5
EFFDF4FD
01FE11E8
FBF30CFF
FA25F608
F0F505F6
F604EAFA
00F6FBE2
2709FA02
F50E07FE
FA19F2ED
E8FE0BF8
082A0807
F6FE0AF5
0D0BFCFB
F8010505
F705F9F7
FFF3EEF6
F2F80208
F9FEF9EA
09EEFAEA
F8E61206
F8F1F00A
F6FF040E
FFD8FB01
1FFFDFF6
1D01F40F
F5F6EEE7
F5F90A02
E4EEF6F2
04FA02FF
E7EDEFF4
0AFE00FB
FAF6FDEC
F7F90801
E5FDF101
E907F6FE
FCFCEDFA
1DF6F21D
07F1EC12
210EEDEC
1A13F934
181B1A1E
F90BEBE5
F8313714
F507F204
1200F7F5
1427F929
F40E04F8
FBEB2111
07100112
161C291E
F4F70A06
FEF1F4F5
1B1D0AEB
181CF401
10F9EFFC
0E160601
0501EA0F
FAF9F4F2
10E80710
0700F20D
EDF0FAF3
02ECD6ED
0F1E19F9
FCEFFA0F
00090FFE
FAF6351F
FD070812
0EF7F91C
110FF7FA
10180EFC
050B0303
10E818FB
100CFF0C
F215FDEC
0EF50AFB
FCF0EE01
F7080EEF
EBEF0B00
06FC02FB
ECE5E4F6
F7E100E3
FF04F116
F2EEED01
FAF40C0E
F7F3F409
FB110E01
FDFF1106
EE0010F2
12EEF709
0634F2FE
F6EEFCF2
FA0C02E3
F7EE1B07
1E01EB09
E30F05F6
FCFA15F7
F5FBFF00
0FE5EAF0
FDF4FA09
E6E4E4F3
FA07F7FD
271BFFF8
EBF9F71A
00F6FC01
05F90A06
0C000504
27FF0309
EB06FE15
E8DFF0E6
FC04FC01
F006E9F3
0503F705
0504F1F5
15FF1001
F40E16EE
F5F8E501
FEF50600
0FF1DF10
0710FFFD
FDFD2512
2A25FC20
0A11240E
F3FBFA1B
03F70B05
EF000807
00F304FD
F900EE02
10031509
08010405
F4FEF7F2
FFF9F801
04FD12F7
EE0A10FD
FBF60311
F70EE7F2
0CFD19F9
24FD2210
FCFF0815
000CFAFB
21FA2B17
0AF10126
FA0DFCFF
03EBF8FE
02080919
1C080E0A
EB1204FF
1BF60CF7
0C1EF738
EA0018E1
07F8F303
EFF4FB1E
1802FF00
F720DBF6
03231701
1B2115FE
00091500
F8F6F9F4
F60D0DF4
FE0DFBFB
06072A13
FDF2FF26
FB09FEF1
22060609
FD0306FE
13F6F607
25FD06FD
020EFFFF
FE04FE05
FB111404
E123170D
E5EEF7DC
F6F3FCF1
0E02EE07
0B041514
0D14EC0D
07F5FEF0
F8F806FB
F6F702F7
FF09150B
FDEF0B09
D7F1ECE1
07FCE604
E2FB13FC
ECED00F0
0FF1E0F3
00FA0912
FAF60311
0CE8EA02
0FFF0F07
FAF5FDFA
FFEAEA1C
0611DAEC
E9F5FE02
F5E7FCF7
050EF40E
ED0F0DFF
0FF71715
180A0E03
E1F0021C
051316FB
11020928
D8E00202
E9ECFCF8
15FF0505
F7130304
FAECFB09
E602F1DE
F3EE06FA
02FFF9FA
F4E5FE01
05F7F8FA
F41B0F06
01FC09F4
1803F909
02110B10
0A0F1E27
E4D40BE5
EE040417
FEEAF2F4
0907030D
E7EDE9F7
EFFC06EA
01031101
11FC0E07
ED06EF01
FA0005F2
FE010913
0C121D36
0B10FD16
1717F905
10080C0C
1A0C0008
F907FEF8
1F1406F8
07171112
001C09F9
15140713
F6F2FFE8
14DFEB13
12FADEF4
130CF521
0EFCF8EC
E5E60901
E8E7F0E1
EFED03E9
FAFB00FA
EEFCEF03
F3F3E0FC
F611130C
EF0109FC
07061A1E
0D470E08
12FA1310
F30FF5F3
F50500F3
06E9FFF3
FBF6EAE9
081103F9
11241A11
0F0A06FE
0609F404
12F7EE00
05EFFA1D
F5F5F201
FDF7DAF6
0B1B1AFB
05021914
FFF9F5F8
0302F7F1
0F03F308
FCFB0010
02FD02FA
02FAF606
120109FA
F814020B
F8FCF9E8
080AFFF3
F41201FE
0301FCF0
0C070AFB
10031DFA
0B07181F
F3000B09
09EFF710
FB09E4F3
0A100BF9
00191403
EBF4F2FB
0AF6ECF0
FC2A12EC
F1FE1D07
0FF3D6F9
01EE03DB
F5FEFC0F
E3F21009
05F1E6F3
2219F6FC
F71011F7
10E3E6F9
1400D6F2
FEF0FA0D
EC0A05F0
FEFF070A
F81013FB
F9FFFBFB
E0E100F3
11FF05F8
DA04E6E0
050D10F8
EC0022ED
FEEAEFFB
F0F00F06
D50206F6
12EE17FD
FE1BF313
F9FD06F4
EB0B1508
F2F803F7
00100CEB
EB050007
0AF400EF
FBE0EA09
F0F7F1FC
161BFE12
F3FC17F5
10FC0C15
040D0405
EEF1F927
FFEAF107
EF15EAF2
02FD1EE6
F51B1908
01FD000F
F9F5F2F9
FAF5FBF8
0605F3FD
F7FCFAFF
F8F4F5F3
0308ECF4
FF0408F8
04020AFB
EAFD02F9
FBFA01F3
F1FC0602
E7F0FBF8
FDF4F1F6
10FCFF1C
FB100C0E
07FF0A07
14FA03F5
0E090114
080CFF02
F10405FE
FEFBFDF4
EC0A11F1
F5EFF7F6
00F10505
EFF2E003
FDEFF702
FA1003F9
FBFE0EF6
EFF2EF0B
1107F5EB
10F1E80F
012103F9
E2040F0E
EFEE0BE8
F4FB0F02
01FE180D
09EAEC09
ED0E0D08
F3EF08FC
FC0E10F0
FDFC0709
1119FE07
050E1A11
F4030119
F0F3ECFC
FAEAF2E0
0406030A
FFF5FD12
F6EBF608
E31F04EF
06E8310E
09FEED0F
F903FAFD
14030413
18FFF209
17EEE8FD
DFFB0BF5
E9FA0FEE
0DF4F7FC
FB0110FF
FFF4FD14
03F4EDF4
E1F90703
370B010B
1A080603
070314FA
0907021C
2909FE0A
000502F8
EB0C23EA
FCE9EE0C
FFEEFF03
0107F409
041CF1EF
F4F210FE
E5EEFF15
0CE8DEFD
FB07EBEB
070A0AF7
0B060F03
0915EBF9
081508F2
10F8F3E9
EB00F6FD
F5EFF802
F80CEAE7
0828EFE5
080F150E
0BFE0600
09FFFAFD
F3FE00F6
0B0B0509
08151100
1003EC16
FC14FAEC
FD051500
01F7F613
FB00FFF6
F50FF002
FEE6E8F1
1BDBD92E
ECF5E8E9
F2F804F1
0AF2F603
F2DF151A
03FDF313
0315FFF5
EEFDFEFC
F3ECECF5
0FEFFB03
F80EF901
0511F6F7
FF06FCEE
04FFFAF1
0309F8F1
0A1203ED
05020A13
FC04F608
0003FF06
ECFF05F5
00F9F500
FD15F90A
F2F40AF7
FAFCEF0A
FC0D0D1A
CBE6FEEF
F0F013E0
F4F3F201
F1EAF5F1
070EF9F4
1B05FEFA
FA0E0B00
E6EF0EF4
F605151C
EFFCEDF6
FEE4F1E4
000E00EF
EA010AF9
F6EB05F5
0A07F60C
EF0CF9FE
FBF9FAFA
E6041A12
E7E003EF
FBF5F1FD
01FEFCF8
FBEA080C
FF00FE0F
FDFD090E
FCFCFE09
F6F5FBFA
F80702F5
0D0ADBFC
030402FC
FA1613F5
03000C18
F31214F7
FEDEF905
F8F0EAF7
F3EBE300
FCFDFAFA
EEF0E6E5
0DEDF1ED
04FBEDF6
0F0302FC
D5002914
18EAF823
E5E4F7F5
FFEEF408
FF0A0108
F6E20103
0F02EB08
FFF905F9
1A161011
E2E6110D
EBE5D0EA
070DF5F4
EAFDFCF5
09FC0307
F201F501
F3FCF1ED
FAF4EF01
131CECED
050CF5F3
F1F806E9
F4FE0218
FD0D0501
F704FCFB
F6F2FAED
0CDFF312
FAFE0D05
07FC1D0C
F702FE0B
18ECEAF9
F2EFF904
0CFEFDFD
13073C1B
0DF30919
FA0BF2F7
0EF81500
1105F926
F1020003
02EEF708
0D04F5EC
0706FE00
17EFF6F3
000DF108
F2FF02DE
0707FFF3
FA08F31E
FD05F7E9
1009FF0F
FED40006
1E0FE119
02080BEB
071207FE
ECFC07FD
E7170905
EFF412F9
F30E06F3
0DF11B0D
E5EDF80A
F9F0E9FC
FBEDF504
F5F110EF
05FA0419
0AF0F818
19F70C04
FEECF217
0700F3FD
0CFB0A11
230B00FD
E8001632
1303FD0A
1B1F0B10
30F2091B
0DFEEB10
FBF902F8
F6F00306
0B1DFAF0
2319F703
F7F8F9EE
EEF10805
02E7EFFA
F406F00D
ECFAF4EA
060303F0
EAFE030A
06010405
14090E16
ED15F903
03FE09FB
04140604
FA02FFFE
0BEE000B
FB030F01
FF090AFC
040D041B
F4141AFC
FDEF0710
11FFFCFF
072A0AFB
FAF603FD
F9F1FC01
10FBF90A
0505F303
040F0401
04F3FA04
F1F2FD03
F7F5F70B
01FDF3F6
F9EFF0FD
F8F304FA
F5F8FF12
FE01FDFE
F9F20DF6
FCECEF05
12F3011C
FBF608F9
07050102
E913F5F8
09E411FC
1EFCF932
EC13E4DE
F20210FD
EBEAEDF7
01000FF1
FE0A0313
EBF509F2
0C052C21
FAEE1B21
EEE80715
06EBE7F9
F7FDF3EE
EE0102F6
E7EDF1F6
E7E3F60D
0A0305EB
0C1C0E08
EFF11EF0
F7050E11
0D0A0F0A
FAE31A1E
11FFE410
12F1F7F7
E4F40801
F7F7F8E0
03FD04F3
1719F4F4
F312090D
12051103
FEFA030A
EDF0FF04
03F2FC04
E6F0FF09
03EFFDEC
0FF11C21
FC02F801
00070BE8
2C02FD16
29F3FD27
1A4D0E1E
F6FE17F8
04FE18F1
1C19F51E
F316F9E3
F0FCFBEF
05F6EC05
03FDFEF3
0B07FD0F
07000304
0606FBF9
F4100510
E2ED1AEE
0AF5FBFC
F9EFEFF8
EF0E11F2
09FDF50B
10FEFEF1
0D010B01
0108FF26
130B1209
06F6F510
E6F3FDF3
EDE9E1E2
03EFEAF4
080FF609
EF180DE7
151209EE
F40BF1E6
D800EFE2
EEE301E8
2D0504F3
03131F15
0FF30106
04F3EDF3
F904FEF5
E9F308FD
F1ECF908
F1F7FDF9
F50608F8
EDF005F8
000FF507
EBFD04F9
FAF0F2F7
ECEFE9FA
F4EFF4E7
ED0C01F9
F3FC1705
F4FCECE3
F5FDFE0D
03F40BFC
2119E507
F7331CF7
E0E8FFF9
080000F8
04FFF1FB
FCEE05FE
07F4DEFF
0FFA040E
1704F308
F201ED11
08F80A04
F7E5111B
14ECF30F
E4FAE9FE
EEEDF9DB
F3FBEAFF
1DF0EFFC
0103F8FF
F4F80AF4
210DEBF8
F001040C
DDD4EEE7
E400F410
E1E717FB
00E9FB00
04F7F40C
F91105FF
01EEF906
04F7FE0E
1316F208
FE14220C
FEECFB0F
09FFF4E4
FA0B01F5
15EAF609
0D0AE60B
04EEF3F7
FF04F701
100BFCE8
0BF7F010
F1E3DBE9
1219F8FC
19151C1A
1BFAEC02
EF05F901
0CD9F5EC
070AEFF5
19170C0C
0B26010E
1900FEEB
01240711
FCF1FDEF
08FAFDF9
E9F101F3
18F70F13
0C020A13
F506140F
FCF0F4F3
0F141406
0A07090A
F7FFF8EB
D62110DF
EAE703E5
F4191601
F6FB1200
04FEFA09
02EBF202
F106EDF7
EEE80305
F7F9EB0E
FDE3F1F9
02F7EFE8
0504230A
EE1012F7
E0F1F4FE
F7ECF3EF
FB07F2F5
050FFEFC
FE030306
F80E010E
E8EBFEE5
1CF9E6F1
041201F6
E8040215
EEF70CF6
E002010F
F8F6D1D6
4C4A1D11
FFF5F5F9
11F60407
F4F0F611
02FAFDFA
F7FFEB0C
F4F7EAFE
13F5FBEC
0109F918
FB06F4F8
1BF8FCF7
FB01F9F4
F207F0F8
FF020EF6
11161509
FD0000FE
F4F3F3F5
01FB0900
F2F3F616
03FEFDEF
0C07FF12
EAF4DEFB
F51402ED
FBF802ED
161D20EE
02EDF911
2912FA0A
E70CFFF0
DDFD0AF6
0501E305
E8080805
05F8FD10
331EE902
082101EE
FEEDEDF4
FAF003FF
0DEDE3FF
F4081507
FAEC0F03
0003F7E6
07F9EDF6
EE03EF02
010EF7EE
03FF0CEC
14FD0610
FE190D03
1BF1E7FC
13FCFA04
ECEBF81A
09F7EAF4
0F16E8F1
07000805
E60AFA01
F0E51C10
E3F5EBF4
FEF50406
07F4F302
1C240CF8
EDF4FDF1
0B0ADEEE
0E130D09
170302F3
27100223
2F22F51B
F8070008
0504FCFB
EC0504FE
13DFFDFF
F1FED8F2
FCF500F7
17EDFE05
FCF51805
F2E5E0F2
0DFEE80E
090E0FE7
E5F4FC18
1DEE1D1D
340BF01B
FA1CFD11
05F7FAE9
FFFA0600
0507F20B
0A0F0308
EA0104F0
0EF402F9
0115090D
E5EFF9F1
01E9F705
F2E3F4FA
E0EC36F4
09F1EE17
060D0BF6
0F0DEF26
060AF3E5
F029FEF3
1E1F1202
04141310
FDF80203
0C110403
22150C0A
E90C0404
F5FBFEF8
0506FF08
F5FEF30D
FF1012F7
EF0006EC
FA02FB14
1FFA181D
E9F52EEB
FAEB010A
F50ADAE1
0E0B0BF8
260F0F26
F60F1217
20101BFC
F111E4FB
09FDF7F7
F9EF0B02
0A0504F9
060F09FC
FD0508F8
FD010D0E
F7FEFD05
FFFC010C
04040503
1619F109
FD110905
0700020E
031313FE
0913F00B
FD0E12F9
1602F2E1
FAF1F808
17F7ECFB
271AFD19
0F141001
0F05F9FC
14050800
021FFDF4
E0FD04EC
EBF7F1F5
EFEB02ED
09F3182E
E104FEF6
22F00202
0516F8FC
07F7FF08
0F1BFD0C
F4031BF8
0CE40EFC
16F7F11A
1B0BE8F9
1107F20C
06120B08
05EEF7EA
F308FDF5
E1F1FEE9
F6F1F5EC
F1F9FDF9
EEFC1CFA
02FFFA1A
03F8FE1E
010810FD
0003F5FC
F9FB0EEC
020EFF0D
F7F70904
F3FFFAFD
06F8F9FF
12F1EB0E
0C0C0210
F7F8FC03
15F002FD
0E20ECF2
02050508
F8F0F0F9
05FFF4EF
0C01F8FD
EA06FCF1
F3F7FFF7
F6E90EFF
E9FE0005
0BF8EC07
0503EEE3
16EF1021
EDE9F63B
151CF9F5
EF212AF2
30F3130D
0A1FFC08
11E7E3F4
F102E9F7
E4E9F20C
04F9FBED
F8FD0C01
F9E507FF
F2F7F10D
EAEF11FA
FBEFF809
04F3FC03
0EF1F8FF
1000FDFF
08DAEF0C
031AF8FA
062A1BE4
EA1915F6
F905E9F5
F6ECECEE
F404F300
FFEC0EFA
01EEDB01
00041AF5
F9FDF930
FCF0FBF9
E6F6EC02
14ED1CE2
EC04060E
18FB050B
03EE0D08
0906DF01
FD0200F1
F7F20008
0DE3FD0E
F925F4EF
00F000FB
F90FEE0A
FBFBFFFF
F9E0F20A
0506FEF0
FB021F06
F5F9FDFC
FAF600EE
EEFCFFF9
F4FCFCF7
FEFD05E9
DAF9EAE3
E5E6F6E6
0B15EDF2
070C06F6
F700F3F6
07F8F311
FAFBEFE5
020EF7EC
FF03F200
00FDF8F7
FFDEFA0A
FFFAFEEB
FD15ECF1
00FE0A07
F2EC08F6
04F5F4FE
F20DDFED
FDF5F7FA
F5E5FFFA
EEF50313
12F4FBF3
0013FAF8
08FFFDF6
E6E7F109
1CEBF2E4
FC29F9F0
F6FD00F9
FC160DEC
06171D03
E9EAE7FF
F0E500F7
0508F50A
FFF9F1F6
F2F6DFF4
E6F5F4ED
F2EF02DF
0CF4120A
0B020610
F1EC0911
05E3E6F4
F4F40F0B
07F9F7EF
F5DAF0F5
0202FEFE
F7FAF312
08ECEE07
03EFFAFF
FAF90AEA
EEE6F71C
D2E0EAEE
F8F913E4
07FD1318
E8020AEC
1812ED2C
0003FFFF
0504FF07
FF030200
0302FFFE
01030002
FF00FD00
FD030003
01FFFD03
FFFEFA02
0201FEFF
01F9FD02
0001FE03
00020102
FFFF0102
0303FF00
00FA0201
FDFB0201
FF01FFFC
020303FF
FF00FEFE
01000000
FF000102
02FF0400
FF000000
FEFB04FF
00FD00FD
000000FE
01FC0000
0201FD03
FDFD01FF
FD00FD03
FF0202FF
FFFDFFFD
020302FD
02FDFC01
FE000201
F1EC0B0A
F6F7ECE6
0EFAFCE6
EC05F6F5
F3FC14FD
11FD02FB
040AF4F7
0F09FF02
F30D0CF4
F813F2F4
F5F7F8E6
EE18040A
F20A36FD
E9F30B0F
06FA06FC
F8120703
F5FFE7FA
100605F3
FFFCF3EC
E9F10303
0F15F302
07ECEC00
F2F01AF5
FEF5F9F3
061F181F
00020609
03FBF501
14F40822
1D07EB21
181BF0FF
02E716EF
EFE8F30E
F1F803E6
05081C04
F6F5F700
090B05FC
F1210AFC
151808FA
051BF7FB
0B061415
E6F4FAF4
020708F1
F0021917
EEEF06EB
0002FBF9
F304FB01
F6FF0AF1
F0EFFEF2
02F30C1A
F1FBFA21
FE010CE9
0D101314
141AFAF5
20201900
FEFA19FB
E3F3FA03
0302E1ED
F91E14FD
FEF91006
EAE900FA
FAF4EEFF
EAFBFF04
09F1FF06
E202EFDC
F9EFF4E9
EFFA0602
F5FE08F7
04F90D16
FCF6F706
0809F6E7
D4FAFCEF
F6F1F5F5
FFFFFDA6
000001FF
0000035C
000000DA
FFFFFF4B
00000286
00000886
000000F0
000004DB
FFFFF68A
FFFFFF8F
FFFFFF01
FFFFFEE5
FFFFFFDF
00000B38
00000627
FFFFFD66
FFFFFE0A
00000427
FFFFFE80
0000001C
000000B6
00000396
00000282
000007BF
00001169
00000186
0000086C
FFFFFF75
00000521
000001E7
00000D09
0000041C
00000513
00000A9A
00000767
00000438
000004F3
0000092C
FFFFFBA4
00000144
0000034A
000005B1
000009B1
0000023F
FFFFF9C1
FFFFFC6C
00000920
00000008
09FC0405
F103EEFE
FAEFF4EB
FCFD02E6
0608FCF4
030FFEFA
F7F50D0C
0009FEF0
F8F9F607
11FDFA09
F71503FD
FFFBF701
00F3F0E2
04FB03F6
F1FAFB18
1E070501
1000FF0A
F91702F0
ED0400FE
10F4F300
FFF8F402
F9FDFFF4
DCE5FFF9
11020EEC
EF000605
08F005F4
05FAEEFE
F1F5F7EF
FEF6EBED
FF0C0EEB
F8F901FC
F50D0AFE
F10B0BF2
070B020D
EDEF0300
FF13FFF2
F8F8FD09
01F60DFE
111BFD03
F718180B
EBFE01EA
F4F1F00A
F510E4EE
06F7F403
0913240E
F20905F7
16F41316
0DFC00FD
1304EFF8
EDF7E501
F2F003E8
05EEFEFA
0810F605
F2F6FEF9
0107FCFC
F4FCE3F3
0B172ADE
F909E407
E5FA05F4
FD0515EE
00070A1B
FE0A29F4
EAFCECF3
F904FA02
F41104EC
08040003
FEFB000B
FBFDFDF6
F7FAEEF3
F4F70F01
0C05EFEE
070101F8
000D11FA
08FFFE05
F2F4F4FF
00FC0800
FB12FD05
02FE0FF2
EEF4F609
06E502F2
0CFCEB24
F90107FE
02FEFEFB
FBFC0000
FD12F0F7
F20A03E5
080D01F4
FE0300F7
F90902FB
F6EBF207
F6EFECFB
F8F3EF02
FAF0FFEF
FB030BF9
F9F0F209
FAE5E4FE
0D040CFC
FB040407
150DFFFD
F31215ED
03FDF208
F9100BEC
04F6FCF5
20F106E8
E6FE01F4
FDF7F6FE
223BF7EA
0E0D1215
05FC00F9
0109050C
04121306
FE090C0C
F4F2FEFB
0B0FF801
FBF7FFFB
02F2F4F3
14FEFB14
0EF7020D
F90DFC22
FBE8E9F7
EEE9DBEA
F7FFFDD8
FAEAF7FB
00FDFC00
EBF1FAFC
E0E5EAF8
0805F1E9
080100FC
FB10F90D
01FAF5F2
F5FAF1EA
0C110807
1AF90108
1123F418
0C0705FB
0FE7EA09
FC0EF2F0
11FBFBF0
ED17F9F7
0F0D0101
F710FA0C
0EE3D9E9
F912F0FA
FBFCEB03
0203FEF0
02FC051B
0008FFEB
041501F7
0F080E01
FA0600F8
1FF8E601
03130300
00F9F9F9
23F10A19
0605FEFC
0A0BF2FB
FA11FBF3
0DFF09E9
F70405F0
0E011300
09010208
F212101A
E6F70CEC
02FA0F0C
FB0108FD
F9051709
0BFCF6F7
0D02E412
F104FCE2
FAFCF0FB
F004F2F3
04090C00
FAF6F8F0
FDF9EF08
FF04F806
11FB0603
F7F7F5FD
FF070105
FB120601
1101F80B
EE09EFF9
30090200
07F9FC07
FB04F205
0603FCFC
EB14FDEA
FBEEFBE6
FBF811FF
F5FBEEFD
F500F4F6
ECFCFCF0
FBFEFDF6
280FF7F6
FB16142B
FF0614F5
FF111C01
F1EB0A04
1D0B1006
ED0FFDF2
21FE00F3
0D07F407
0F071509
091CF10B
04011E02
F1FAEE01
0808F609
E80302F1
00F2EBFA
021E0304
F7F8FB0B
03F5EB01
0AFEF9F0
151F0F05
F0070601
1B0EF4EE
F6FC11F7
F6FC01F2
F3F5FC03
050A05F0
0704FC0A
190DFDFD
0113FAF6
F20AF4F3
17010300
F2F70517
09000B02
0305040F
F9EEF30A
080A0220
0603FDF2
0306FFFA
F20100F6
08F52106
0B060509
FC141CF6
08FC0012
FD010804
0DFE0E0A
F2F8F802
1D0812FC
10050916
EEF0EEF3
FE180103
13020610
080AF702
FBFBFFE7
071B07FE
F5FF0412
FBF6FBFB
0B1B2008
FE190C04
060003FA
EEF5E9EF
FCF9F9F2
0BE3E501
0CE4F101
F1E6F5FC
FCF50302
09FCFFF6
FA07E5FD
F30005FA
0BEAF0F1
0F190803
EFDBF8FC
16E5F3FF
F307F60D
F8F605FC
020AF8F6
FEEBFC07
051704F3
F3050905
FF04FE12
FFFF0BF2
05FC03FF
F2F9FEEF
FFFF1900
08F50809
1D1CEB0B
FF00EFFD
092310F8
EAEF0107
06FBFEE6
0104EFFD
F41E0FEA
01EC0014
F1FAED00
F5FAEAE4
FDFDE501
FC0AE701
1226EE08
F1FE0AFD
0C15FA01
F1F200E3
19192700
F605FC23
02EF0E1A
0BF8FB12
F703F70A
0C0D13F2
0112FEFB
F5040CF1
1005F805
031115FC
E3F504FF
0012FDF2
090D2AFC
1104060A
08FDF816
FAF3F8EE
0F00FEFE
F600050E
EDEEECF7
F4F7FA0B
E20F13F1
EEE80307
06FEF3F9
030111F3
11FFF606
F9080BFA
FC00EDF1
FE01EC00
0E0B08F5
1018F4ED
0B0707FF
FD10FFF7
F5F603EE
1BEDEFFC
0B2BEAF3
DEEEE600
FEFDFAFF
0EF0F7F4
080D1318
03F1F9FB
00F9F0F2
0A00FAED
0402F2FD
19F3F70C
F301EF00
F8F4F702
13F9FF0B
F10C130C
F0F7F5F6
F3060507
02EEFFFF
08FEF7F3
1B030103
0FFD0305
010EFE09
0225200D
1A120AF0
EDF917E0
1CF8EFFE
14031313
FCF6F70D
0803FB02
110E0009
130005F4
F725F200
F4EEF4F2
F90C04F1
000600FB
090107FE
0C0801FB
F6FBFB03
08FFFC04
FDF0E207
030806FD
FDF0F102
FFEFF7FD
0D050801
F1FF19F8
F9FCFBF0
09F9FA09
F9EFE6F2
F0F2FBF6
0B04F30D
ECFD1812
EEF4EDF6
0BF70305
02FFECEF
FA080A05
F5F8FDF2
F7FEF8FA
00F105F7
04FAE3EC
0CFF120A
04F7E608
EFFE0005
00F81201
080305FC
0905FCF2
F9EA040E
1419FAF9
FD1104FF
06F4F3FB
1216F304
0F02FA03
E50E1009
EAF607F1
0D022517
EF090308
02090AFA
03FA0CF0
FEF2FF06
0301F815
F607FCFF
E1F80BFD
FB0FF7F0
F50BEB06
01F700F4
040903FA
0BF3F507
FC040A06
F6F6F70C
00FFEA0A
F6041CEF
151907FB
080A0605
FAF50811
F2FE07F2
13FF0912
02070B0E
00F111FF
FE08070C
FCFDFCFD
04060700
0EF4E80F
EF01FBF9
F6FCF8F0
FBF3EEE9
09F5ED02
E4EAF4FA
01EAF6FD
F003F1F8
030E0FF6
17071A16
F308FA05
01FEE6FE
02FB04EE
0713F3F1
FD03FB00
F4FD0B04
FE040505
DFEBFC10
12F4FF04
1D021129
F2050419
0322FE06
F0F0EB01
EAE8E7F0
F0F5F4E2
FDF60F0E
0BF9F0FF
F5FEFCF9
170D00FB
00F409FD
00F9FAF0
F80205FC
09F7F606
17FDFC0C
FAF00EF1
FC05FD09
14F1F4F1
FA14F711
FB091F0E
F607061C
06F1F90D
EAECF0FB
05F204F6
F70DEBF4
0206FB01
0C00F500
15FD02F5
F606EF0D
110A0A06
EFFBFEF8
07060DF9
13F60714
F104110C
05F6F50A
F01E01F3
1005FDF7
F8241BFC
210007F3
13F7122B
0604FF04
F700FCEC
12FA0406
0001F900
F2010401
E801F708
0C080DF1
FAF5FC0E
FA14060B
F501FAFB
04EBF8F3
FB01FDFD
FF190912
09F40109
03FD0607
FE0DF102
0FF800F6
ECFDF2FC
01FBF9F1
F10F000B
EDE81A00
0FF4EAEC
EB0AF7ED
FBFE04FF
FE0604F4
FF001010
FDFAFEFC
0B09E0F7
EE10FBED
F5E90CFD
F8060002
09F40100
F709F1FD
02EAEAFC
04FDF6FA
FE1104F8
01FBFC0C
02FD1404
1806110F
FFF2030A
0F05F101
FA0B0C10
FCE8FF04
0EF0E1F5
0310F2F5
EF090EF6
23FAFC03
0E0A1410
03F5FA17
02FC0009
0F0802F9
DA1F1C02
08F9F6FC
03101010
FFEB061A
F909F6F9
02FAEFF4
07E2FF00
F8FDE8FE
160100F7
EEFCF600
FFF50000
FB0FF4F3
EEE1FFF6
0A170310
1200F50C
0609F6FC
FDF217FC
0607FE2F
E0F1ED01
FE1EFFFE
FB02FAF0
F7F5F0FA
E805FAFA
11F713ED
F4FF03FA
01F51409
1618F6F1
F904FAF2
07FE04EF
F4F1EAF1
250C16FE
06F0070B
0908E902
060C12FE
0C0F111A
010D0D0B
EFFD16F1
FDFBF504
F1FD03FC
010111F7
FAFA0B00
010A0206
FCF7001D
F6F8F3FB
0C14F9F8
EDF4FFFD
E7FDEBF0
F50CFFF5
0600FE0D
0AEDFA0B
F5F3FB00
012205FE
EAFA12F8
08190503
08001007
0B000914
0C0602FD
060E05FE
EEFB16FF
EA0A09F9
F600FA07
FBFE0DFD
0901F8F5
02ED01FF
FE07F803
2101F71F
000A1608
F4FD0205
0C04F407
07FFF7FB
F805FF0A
F40D00F5
F1F0EEF2
0007FE07
EAFEF8EE
000110EB
04FC07FF
01F60306
04FFF81E
11F22406
0100F703
060DE3FD
F1F90BF8
EBF106FF
E9F30310
EF1102FB
F40EECF3
06F806FD
05FFFAFA
1105EEE0
F1131A09
EE0F020F
07EEE5F6
F7F3F500
060B0B07
FEFE0812
FE0000F5
0CF61203
F3FCF905
FBE800FD
090A0405
EB0805FD
FE000503
100CFBFF
F41B1710
FA04F9FC
ECE8F4E0
FAF915F0
FEF0F1FF
F901E9FB
09F202F8
F6FE0C0B
F9FDFD03
2110FCF7
FDF5F306
E8F7F7E2
FC07FF19
FBFDF20A
1408090E
04EFE50E
FA0106F4
14FAF60A
10F20805
F7F9040A
29F1F20B
FFFAFFFA
02040404
F5F9FD12
F6F70AFC
F6F4F10C
08FF0B01
00FEEB14
0F010DF2
0A0FF60C
F2FF03F7
04F2EB03
010907FB
FCF01EFF
060A0113
2203F70C
E2FC0AFC
FFFEF10C
FFF5F4EF
FBF5000B
03FA0E02
F201111F
ECF413FE
05EEF10F
080BFFF8
EEF01A07
FDFA0AEB
FFF5E204
0603FEFD
F61102F2
F4F51A02
F5F007FD
FDF9F40E
F80209FC
15140C07
F80000F8
03050CE4
F8FB0C08
04FAEBF9
E707EDEA
F903FEF7
02F40507
FE11F80D
1803F407
0AF4FD02
FF09F4F6
0624F9F7
16141E23
FDF1030E
FBFAF501
00F1EA0A
F30CF8D5
EDFBFCF3
000AFCF3
080D0506
0F11FF05
F3FBF203
F8E7FCED
000DF8ED
0D1502ED
1DF1F817
F2F0FF04
FEF606F3
10F7EE06
1133F8F6
FAEF0304
F2FCFFEF
0D0E04FF
0709FF02
06F4FCFA
F8FE031A
1509F1F6
F40FFCEF
230C03FF
1A170B0D
F2F8FC20
F3FA0CFB
EFF2E701
06FCFAF3
FC0304FF
04E6E610
F5F2F0F2
EC0AE7F1
EEFC05E3
1EF10314
050DFE06
0F04F8FC
FEFEE5ED
040FFFF8
FDFFFE02
F7F9F101
DCEDFFFD
0A0902F0
03070C0E
EFF90505
160103F2
F9F7EDFE
FA0310EA
FD040614
221D150F
F31214FA
120202FF
FF0405FE
07F40711
18F7FD0C
1AED0511
0507F808
F3EAFDF1
05F60006
FF0612EB
E3E811F3
FD01FAFE
13F6140B
06FFFC14
1304F7ED
0607FD19
FC02FD01
F80003F6
F807FF05
341617FA
062422FC
F2F01B04
F2F609F5
EFFE01FE
F8F32CFE
F7F7FC01
FE1215F9
07FE1104
DFF9E4F7
02E3F2F0
151708FF
FF07EA10
F2061213
FCFF0409
0400FDFC
13FFF6F9
14FDE5EE
EFFCE905
0AFAFEF1
00EB0B12
F8FAF6EA
24EF051B
FB05061B
F9F3FAFE
F504FAFC
03EF080F
00F50609
060E000A
F0FEFA09
FCFE050E
070E331A
EF081E08
E2E8E509
F6E4F1F1
1F04F2EA
03F1EDFE
15FFEBEB
FC0EF308
06FDF6F2
FEF3FBFD
EDF1F4FF
0601FCF2
1007FAF7
FB00FD06
0C160C0A
1406EBF6
E9F60A0B
FF03FF05
F6FCFF0E
F4E8F0FF
F0FD0F17
F2F5040A
1A20130E
FD0407FC
FCF50D12
0F06F701
F0020004
010BFEFD
F7F0F7FD
080BFCFB
04000503
16160BF6
0E1008FC
0605F3F3
F2FA0BFD
EEDBEC04
11EFEA00
FDEEFF14
F9FFF403
FDF7F1EE
F805F9F4
050500F8
080000FA
0AFEFB06
07FE0E00
F2F8FEF7
F8FDEFF9
FEEDF7F5
1304F7F5
020B340A
F90304FB
FEF7F302
04090D07
00060106
111301F6
02000209
060205FB
02F9FD0C
EB070800
F9F909F8
07FD0903
F4F6F406
0AF8FE05
FEF4FAF2
0907FA1C
FEFE00ED
FBF0FD05
F8FDF3EF
F9F2FDF5
03FF0408
0208FDFC
FDF6FEF5
FFFA05FE
0C0DF50B
00FA150C
14FFF80A
EBFB0AFD
07E1F8F7
0EF6F7EE
F004EA0C
FCF805FE
F81BF8E5
030313FD
0AFDF9F2
020DEEFC
EB06FAFC
F9311300
F4FF0CF8
F9FAF0E8
112611F7
FF1012FC
1606F0F8
0F09F6ED
F0F7F8F6
05EEFD03
040507F8
04030EEF
02FE0BF3
0F2123EF
FAFD00F3
0A0D00FD
FBFD03FE
F5FB2002
FE090316
FCFB0F05
F6F3F805
F9F3EFEB
04FEFF02
EDF9FBF2
EBFF06EF
030F17F2
0F040313
FA09FCFF
E803FDFA
10FC04FE
0B14ED0A
0C1707F4
FDFA00F5
04FD2B13
F6F7FD05
F411FEFD
05F903F6
F6E6EF0D
04EBDAF4
04FDFBF4
FCFCF9FC
EB0506FE
F9EE03F6
0F01FCFD
FEF2F207
F8E51005
FDF5E9F6
05F6F5EB
FD01FEFC
FD01071F
2809F80A
1114F615
F0E8F1F5
05F30E09
EBF6180D
F900F3F1
EE07FCFB
FB0EEBF4
FCF707F6
F007F2F4
FDFFFC00
FAFD0403
F9F5F60F
F8F4FEF6
F905F70B
09FAFB03
FFFEE8F7
FB03F900
085746F9
E9FAF3F2
F9FBFBFA
FC14F6FB
FDFA0A04
F5F2F209
F5F7F7FC
F410F3EA
02FEFAF1
ED0EF5FB
04EB09F6
ECEF0201
00F6EBF7
020A01FC
00090DFC
1402F3FD
F905EAF6
F0F0FBF1
F609FBFC
0B01150C
FA05FE00
18170513
F300050A
1AFAFA02
F7F3F307
FFFAF6F9
F4F9F101
FB0709F3
FDF80701
F4020205
0308FD03
0A0313FD
FEF0060B
FEF8FE00
E708252C
FE01F208
F0F401FC
1702F707
FEF8FE09
14FAF00D
FB0BFD00
F6FE0CF4
E80B02FB
FB090DFD
0FFBFF10
F60EF9F7
040E0603
07FCFBF0
F611FE01
F802FFDD
0A0F170B
FC0205FE
EAF90B01
100106FF
0D010616
EAEF050E
F51D11F9
02F41117
0802ED07
FA06F1F6
F3FD01F4
F808F5FE
05FF0BFD
FB070405
090A0AF5
F80103F3
FCEFFF11
1005F6F6
F5E1EEFB
FC03F600
05FCFD0B
EAF0FAF8
01E5ED07
1201EDF6
06FDF8F1
FEFDF803
000FE7FA
F5ECFC03
FDF8E6E8
00FF01FC
F4F3F609
FFF5F1FC
FCFB0B03
FFF8FBFA
000A01FF
02FFF807
F200FFFA
FBFE0C20
FBFE0601
11000F0D
17FC0D0B
03150C0B
040908FF
041D0D02
EBF5FD06
F80C07FB
14090D09
05180507
0D070B14
0A0407F6
080AFBF9
FC000901
FFFAF505
FE14F6FA
0E0122F9
F0F9F7FB
FEFF07F9
00FEE007
EEFCF8F4
FB02F8EF
FB090D02
F3FDF2EF
0912F6F6
F9FBF5F5
04F2F8FC
2320F901
F2011801
08F2FA01
F3F2EEFF
FB0901FA
FCF9FDFF
F20807FB
F7FA0AFC
F9F401F0
E6FC04FA
EFE604FD
03FC05F9
02161115
F00301FC
0AD7FBFD
F7F50101
F9E9D7F6
0109EBE4
0E03F503
02F605F4
01FA1716
06EFF209
FE03FD05
F0F7F7FE
F90400DF
08210510
020A14FE
01F000FA
06F5F70D
F40903EE
EAFFEEE8
F6FEFE02
0107FCFE
0809FFFB
FBF90101
0B02F2FD
EAF80E00
F9F8FDF9
0314FD14
FE0812F1
F2F60A16
FDF1F501
F504FDF2
0501F8EF
0AFCFE08
EF1209FD
F4040FED
02130AF7
010109FF
001009FE
0CEBFA02
F9060CF2
1004FE12
030A0112
F90800FD
0A03FC09
EDF7FA0B
F9FA0305
0C040706
070F0E09
F7F00D0C
FAFA040B
FE01FB03
0CE10401
11050E01
F60B0600
FC07FAFE
01010AF6
F8F8080C
040AF8E7
0501FE08
10F1E6F2
0F080D18
FC02FB09
0EF909F7
000D0015
03F901FC
0609ED02
08F01704
081D03FF
FDF1010C
080006FB
07FE040E
F5F5F60B
F200FBED
FBFCF604
1309FCEF
F7F90C03
F2FFFFF9
06F4FBFE
03FE0109
FC0703FF
E3060CFC
16FD2008
020B0212
060B2C13
0007FC11
08201C07
0EF8F1F8
0DFFFE02
F107F5FB
1FF1EAFC
171107FE
070703FC
050F0916
2204FCF9
F73003F2
FFEEE8EB
FA0FDEE2
010A070E
EAFEF404
00FA0FF5
FF0A02F6
F20CF9F7
F4F402E1
020200FC
13020BEE
EBFA0AFE
10FF04F1
E909F505
05F501ED
06FBFEFE
0B01EDFB
F5F2FDEB
17F7ECF4
FF0CF3FB
F3F5FFFF
EEF0F7F5
ECE9F900
0EF50BFF
0003FF06
F5F7F306
13000BFB
F6F7E9F5
0400EDF0
031A02FC
F2FF0CFE
EFFFECED
11000BF6
FBFEF422
13E9FCFD
FDFC0505
01151DE9
FB10FEFE
FCF4ECF7
F9FCFEFE
E505EEFA
14E31402
0508F932
F5F40AF8
EFF1030D
13FDE7FB
0A0D0EF1
1C33F3F5
E6F1FDF8
F2F9E9ED
0902F9FB
FAFE0FF2
EB0F15F7
02EF02F3
0FEEF205
F91CFC04
F9E3F3F8
FAFDF3EB
FEF9FDF3
0907DEF3
FC0DFEF8
FEF9F8F2
090D10EF
F1F5F702
02F3F9F6
FDEDECF7
1306E5EC
FB1A1B0E
F501080D
F4F5FCF6
F7FBF9FB
EF04FBF9
11FA000E
0BFEFB03
0FFA0E11
FFEBFE13
020F04F6
F5F8051E
0A080106
F61A2512
F10013E2
FA0C0B12
03ECFE06
F4FC0807
00EC0700
E1F7E6FF
FCF4E4D4
F6FBFBFB
E90C03ED
F1F32B1C
F3F718F1
0AEBF1F8
F30105FF
0A040608
FC16F3F7
F6F40217
FD05FBEF
F8F9F90B
1B060904
F0FC03FC
F5F2FDF4
FDF9F212
E5F7EBF1
020401FB
FD1118FB
F60C0004
10EB00F6
0BF0110C
FC05FEFF
01F4F801
F3F5E2E6
040503FB
F4070902
F203FDF1
08F5F5F8
0B14FCE7
EF02FD0A
FBFBF50A
13F903ED
F60CF503
06F8FAF4
FAFB1313
E9F0F9ED
000301FD
F90204EC
F3E91207
00F607FB
0300020D
F8FBEBF8
F004F0F8
F1FB01F8
11F8F701
070509FF
030403FA
0EF8FD04
FCEFE406
F3F1EBEE
0AF10C0C
0F01EEE9
00F51406
05080619
FBF5EEF2
F5DFDDEF
FFEB03F4
1718FAFB
03291411
100F0B11
E80702F3
0BF9E90B
03FAFEF4
0702FC0E
F9F50BF0
FAF4EC05
06FFFE01
FF042013
0B050D0A
09F709FF
FD0DFCE7
F4FD0E05
04140804
F31811FE
0DEE17EB
FB0AED05
FEFB0BFD
F307FBF1
20191D10
0BE8E0FC
0119EBF9
030B0107
F6010DF3
0300FE04
12FDEF0A
FF08E8EA
150608FA
E3FDF5F2
FE000317
12FD1403
F9F2F6FB
0203F2FC
E9E00F06
1A10F9FF
0315221C
05F2FBF9
15F9FA0D
FE0C0DF9
00F8F9FE
0E110207
EF0104F7
0800EF03
13080A06
EB08F509
181AFF00
F20C18FD
110601FF
00FE1000
F9EEF207
13F8F906
F9F2F701
03FFF8FC
F6FF07F4
F6EBFEF7
0302FBEE
FEF9F8F5
00F6F1FB
0AF707FA
FF13020A
E8040A10
F1F810F3
F2F6F905
FAE20F01
0B10FAFE
FC02070A
0C0A0508
F8FE0211
0F110E12
F8E5F202
0401F504
F0FFFEF3
240D0C02
F5FAFA12
F40AF9F3
ED01FAEB
FFFCF900
F8F4EEE6
01FDE4F6
071005F8
0BFDED03
0712FEF5
0600F9F6
E502FAF5
F9F81302
03FCF909
1A03F703
FA07FBE7
00FB0FF5
06041305
01FA060E
FBEEEFFD
F4F2EFFB
0201F9F8
04F9F7F6
F901F0E8
00FA1506
1AFF2909
010A251A
0B0B0608
071B0BF9
E92923F5
0AFD0F0B
F804FCFA
EBE7FEF4
F4FBEEE5
EBE2E4FF
07F1F1E7
F8F1011A
02F00815
01F1EE0C
FEF60803
F8FE0207
1401F515
14FB0607
00FDE80C
14EEFEF3
191A0506
F904FCFB
010802FE
F20101FC
F70BFDED
07F50411
0BFFF906
F9FF0C05
09070B02
1B050B0E
020BFC09
E8050CF2
FCF9080C
FCFD1AFC
0109FD0B
08150507
FD0318FA
020DF701
11060BFF
F50C0207
08F1E6ED
1000FEEA
F8FAEA10
13F905F5
FCE40412
03FB02F1
F7170F1E
F6EFFDF9
1DFAFC1A
FCEB11F7
05F50512
030001FE
0B0BFD04
EEF5FCFE
02FA09FD
EBF7F903
09DC0DF9
0F19F107
ECFBF4FE
FDF2FAF6
F3F702FF
01F7EC06
EEFF0DFA
FBF5EFFA
F101F9F8
E7FAFFF0
FFFFF9F0
F7F6F9FD
1309FE0A
0A07050F
FA02FB00
F9FC01F9
1C1705F9
04FE1401
E5060BFB
EBE9F3ED
03FDFEFA
FCF300F4
060F05EF
08EBF0F8
0C16F101
F8F02E04
E4FF0004
0118F9DE
082824F9
E9FCF805
F5E60EFB
E3EAF814
F7FDE4F3
0F1C0AED
F9EF0306
FF0AF608
F9F7F404
F706F3F8
08F9EEFD
09FC030C
180002EF
F50A0BFF
1616FEEF
09E5EAFE
FA17FAF3
F4F8FE0F
061D1500
04170422
FCEE0DFF
F312FC09
FAFCF6EB
1E170801
E6FCFC1B
F0F3FBEC
F5E003FE
FB0313F9
02080AFF
E9FCF5FE
07F6FAF8
160DFD0B
0BFF3010
EEFFEC07
FC070912
F4F40D0B
03E8F610
0A1C0205
FE052011
FE010713
0602F30A
F0F502FB
050E10FB
F4FA081A
F0E9FDF2
EBF207F0
1BFEF810
EFF10C1D
0E08F9F5
F50908F3
03F3F212
FCF2E7F6
FE19FBF9
F501000C
0CF5010A
00010D09
11F80710
FC02F10B
FCECF5F5
0719EAF0
E0EAF718
0FFE0B05
FB090C09
F71102FF
F9F8F9F9
FE0DEAF1
09F503FE
FF22F9FC
F0FBFF12
05FDFD02
F1190C0A
EDF6F7EF
FB0A1BFD
020A0807
FD05FCF4
0D11EE0B
080301F9
F5E905FF
F70AFDEB
FBF4FA05
04F7070E
F3FD050A
F7EEE80B
EEEDFFEF
051CFBFD
00FA03F4
16000004
F5FD08FD
FE1205FE
F7FF01E9
07FE0C12
08F4E5ED
041404F7
FFFD0016
E7FAFCF1
0F1BF8FF
001C000A
F9FAF6FC
FBF70102
EBFD0AFE
02F5FAF2
F7F9F80C
EBF7F8E8
030D000D
1B1800F3
1107F909
091B161C
1B06E908
FEECFF0E
0BFAF9F6
1307FB05
110C09FF
08FD1800
F3FEED03
0304FFFB
E7061509
06E50A06
000A0103
040202F2
1D03FE18
03F3FBF8
0704F515
F0FAF3FE
0D1406FF
FF011303
06FF05FC
FBFEF00B
FCF9F5FA
F603FBFD
0A06F6F1
09090BFA
FCF603FD
13EBE9F3
03FC16FE
FB0C1A0F
0AFB06E6
03F7FA04
12F0F608
090703FC
FAF8F4FB
0600F6F0
FF02EB0B
F3F5FCE4
F6F0F1ED
EB0AFCEA
FEF8FAFA
11FEF005
EBF6EBFF
FFEDF8E9
2E19EEF4
FF150DF8
03F0E808
0419FFFE
F4F90000
0306F9F6
EFFBF3FD
0D1615FB
F6FA0302
1B110B08
FE09F80C
16040810
050DF3F9
F40AFAFB
F2FCFE01
F8F0F6FC
FA0802FF
06FC050D
09F903FE
0A020900
F5140F0C
F6DAFA0A
1109FF05
FCF604FC
0307FF08
FCF2F3FE
1DF8FBF1
F8FA11F7
F7EBEF0F
F5FD000C
07FAF106
FCEEF9F8
0E070110
06F6FA04
101500FF
0E141614
FCFEF5F9
FBEAF302
25F6F2EE
2626FE03
F5F2F8FA
E8FCF5F8
F4E8FDE6
0211FA02
EFF20803
F9E5ECFB
05F4EEF8
F9160B12
FE07F6FB
FC0E14FC
F5F60906
0CEA0912
FD0E140D
F001FD04
02FC08F9
05F6E900
030802F1
F00504F3
130FF101
FA41F900
F503F4E1
0003F4FF
0B0B1403
0300030C
0DFDF007
0DFA06F6
27F12932
FFEEFD21
0808F6FA
030207ED
3414F4FC
FA090C06
020BF4F2
07F00C04
0902F504
0D1307FC
EE1A1FE5
FE060902
F9F80407
F0FDEEF7
0E020407
090EFF0A
F9070AF7
020CFF0F
00FC07F4
F8FFF8FF
02F50000
E8F8FB03
F6F4EEF1
03FC0005
0D0B0805
0E090F1A
FA03F508
0C16F8F7
04080713
13EDF100
1A0CFB11
EBF5EF07
080B091C
FEFC07FA
00FDF900
FD0A02FB
E0EBFFFA
F9ECEEE9
F8F90E09
F1F117FC
E6F01007
F8ED000D
01FCFE0C
0606FF01
E7F3E9F4
0D140701
0BF22210
1CF5EAFC
04E8F017
F7ED0DED
ED04FF07
0208F6FA
EEF5EEFD
FDECF30C
FDF30206
02F3F3F4
FCFF19F8
09F10513
F3FEF903
F802F704
03EFF2FD
0F05F816
1F0FFB10
120F16F9
E7FAF8FB
F1ECF1F6
FDE30AEE
FCF7FD04
1405061D
E7FF02F7
00F9E701
F500F5F7
F800FDF5
1207F8F6
03F4F9F9
000EFA04
FEFB02F4
12FDF214
F3FAFEFC
F8040AFD
EAFCFFF8
080CF0F4
07182BF6
F9FD0F06
FD0A0BF6
FEFFFE00
F50801DE
1A0704FE
0BF40007
E0FFFB08
F6013E0E
FB0EFE05
FEF3FFFC
0715E8F8
06F50AEE
08F80C01
F9E7FF0D
0CE8F92A
FA14FE0D
29F3FD18
F50E0300
FB05FAFC
0B0505FA
042A2E1B
EEF9F801
EFFB0A08
1916F702
FEF916FC
38ECFA05
EBF402FF
E3F6F5F5
0807F8E9
07FBFC00
0214F901
FAFD1302
0204FEF8
0505FD08
F8FBF510
F8EEFF07
F20E00EA
02FB0307
03E7ECFB
F71A190F
142206FB
F6150AF8
F8FD04F9
0111120D
FCFD0EF7
170DF502
02090917
E2E9ECEB
F7FEF8F8
EEF4F5FB
07FAEAF9
03FBEFF9
EEFA0E2B
F90900F1
06F40AF4
14F2F002
01E4F0F6
EFFAF2EC
FAFAF1F4
F2F3F409
09F10AFA
01F20F15
E8EAF403
2CF61013
FA01F419
EDF9FAFF
FBEBEFFC
F0EFF905
FEECF6FC
03101516
F1060EFC
06F1EE06
FC04140D
22010D09
F8EEEC12
E20302E6
10241C02
161A11FE
06E70602
EF09FE03
F2FB00F6
0EFC06FA
ED04F9FB
FBFCFAEC
05FE00F4
01FB1700
FC04F801
EA0A0BF5
0F0C0FF5
ED0213F7
1BF5EEEA
03F10713
FEEF0C0B
1606F2F3
F001F103
F4F7F8F1
011E0EF5
00F51AFF
FFFE0609
F8000805
1E060907
09000712
F1FCF4F2
0804FBF7
040809F5
1A061110
2B0F0723
00EDE5FE
10EEF906
FEF6FBF5
FAF9F109
F3EA1006
0AF9EA02
0AFFEBF9
ED0D0EF1
F4FD09FF
F6F60CF0
0E04FE11
EEEEEFFE
110709F3
FF03F1EE
140C0FF2
00F404F8
EEF6FBF9
F7EEE1F8
F4EF0AF2
1CF90402
FAFAFD1F
FFF8F8F0
F5120BF2
06F70309
0711F4FA
F7F30AEC
17F1ECFE
06F2F306
EFFD0108
FCFE0F03
F5FAEEFA
F6FFF6F3
07FD0AFD
F8070707
F3FBF9FC
F8EEFDF9
091901F0
FD08190A
0CF2090E
071011FF
09EEF0FB
F6F90A0B
0B2014FE
01FEFF0C
0E08FB06
1E0A0310
13010B21
0209FE01
EE00FEFC
160D0100
F2EB011C
EE05F3FE
EDFB0DFA
FEFD020E
02FD0912
ECF4E6F5
F4F309FA
0F0515FA
FA13FBFA
0D0402F1
000EF7FF
F2141AFF
FEF80003
160D0304
F4F8FFFF
0CF5F6FA
1306F7F1
041AFE12
F6FE01FC
FFFF01F3
D80F1205
FA04FFEE
00EB0BF0
F11C1D01
F5FF03FC
F2ECE5FA
1A14F402
030213F2
F700F5F5
F70402F1
0601FB12
FEFB09F8
04FFF609
E5ED0B02
2314EE05
F6140BF8
F7F60603
F6F2E901
01F700F3
F7F60D0C
F9F2F8FF
0DF205F0
F40EF2F7
FD1402EC
03E8DEEE
ECF9FD05
ECEB04F1
13F2F906
EAF1F0FB
F9F8F4EB
FDFE00F7
0F250FFC
01E90101
1204E10E
0C0EF2FE
15140E07
FD020B13
06FC1CF6
FDF2EF0E
F0FBF7F5
07F40608
0CFBEE09
01EDFE06
E8010306
F5E4F406
0BFD0323
F3FB0605
F1F312EA
FCF005FA
1108E407
01F7EFEE
F1FDE6EA
FA1401E7
08FEFC0C
01041309
0600FF05
0606FC0B
0AF9DEFE
F80E01F6
F20203F5
25F1030A
020703F5
1A04ED1F
0D0D11F0
050CFB0B
FDF10A03
02F41A04
F5F20008
FF0DF9FB
0BECF2F8
F7F7E9F9
EDE9EDF7
FFF4F300
081513FF
E3EEFA19
09DF0400
F1E81A05
EFEAF411
15ECDF07
FDF4F3F9
F607F507
F1F0FCF4
FF03F7E9
F51509F8
0806F908
F7FD13F0
FD03F40F
FFEFE3F5
011C0DFF
0DF119FE
1EF6E40D
1204F1F6
F9F4F107
1502EFF9
121E1618
240D0215
FDF21BFD
0DFCEE12
080004FC
1C03FEF8
0BFD07FA
1407FFF9
0FFBF811
0D05FD0C
F4FD00F6
1301F903
FEFD1107
F1FB0500
0BFFF803
02F4F612
041E09F2
F80A0902
00F00EFF
F1E8090A
12F6FF13
FE04FF11
0C0807FC
FD0FF402
F0F0E8EB
010405E2
01FAFE11
EFF60A07
FC0207FE
00EE0803
F800EF06
0305EEF5
0D02060C
1602F8FA
07FA0434
F6F7F8FE
FCF3F801
FCFAF2FB
F21905DF
ECF7F8F0
EAF510FF
EBE9FA0F
07EFF704
F6F90B1A
FFFFFBFF
EBFD02F4
03E3F8FD
0027F006
FC090806
0C04F408
EB07FFE7
1001FCF1
FE04FC19
09F9130A
FE0AF208
0309F7F8
E3F6F9F4
F8F603F0
EFEFF811
EDF9F509
02F60601
EFFCF3FD
01EFF0FE
040EF9F7
F6FE0301
01F90DF9
FF10F105
F6E016F1
0BF2E911
02FE0603
0408EB02
15FD05EB
F408F10F
0504E8FF
EF03F9F0
060818FC
FFF8F901
10E7EBF8
FBFBF704
F603FD02
FFFD06F0
02130902
261BF7F8
08080AFB
F6EF030A
09F6FBF8
10030101
FBF907FC
001FF704
FAFD02FF
F60BFAEA
FA080418
F2050606
F902F5ED
15FEF4EE
021C0706
06FAFBF9
090E0603
06F90B0C
E1010EFE
090B0DEE
F0000406
FBFA04F3
09020C05
F604F10C
04FF0506
16130BFE
10090CEF
FB03F0FD
0902FA00
DC0D1003
F504F9F1
EADF0902
F9E0EB01
E1EBF1E6
0FF8F6F8
F700FB01
0F1210FA
050713FB
F6FBF501
FF0AF3F7
03EFF8FD
18000702
01010A0C
F9F4120B
FC04FC05
04060B11
08000208
FF170000
02F51302
031A0506
01091A05
0DFAF906
FEFA0204
13FF0404
F9FBF4F7
FEFEF6F8
15FA071A
05ED0A17
1705F811
13FAF402
22FB0303
FF0AFCF1
F701F9E6
FC031C01
F3FF0EE9
EEEE2461
EEF8F1E9
FEF4F210
220903F9
FF12050A
FAFB01EE
F901FB08
FBFAEDF7
00FD00F6
F50506F1
FD06ECEB
010E0200
F7080F0B
F7E5F7F4
070305EE
21FFE300
F90DF9F7
080E1003
E4FBF0EC
04040BF1
F6FBFC00
F5EFEBFD
DFF126F2
F5F90303
F505F000
1A2406FD
00ECFF02
F7F3FE01
F80300FB
EEF6FE0D
E7F2FFFC
F2F1F4F7
FB0F09F0
13F20D0C
0005E603
FEF1EEE8
FC03FEFE
170505FB
1123EA12
F40215E8
09F2F9FA
04FEF905
E31707F7
F3FAFCF4
050C03F5
F70A1D08
FF04EFEC
F4FDF5FD
F8F7F602
0F11F2F3
031AF902
F313FAFD
EDF703F1
DEF60AF6
0A0D2D13
F9F60A05
F30E0BE7
08F4020E
0B09F900
FC0409FD
F711F601
E7FAF101
08F508ED
FA12F3F8
012104EE
EB001DE0
E9021609
0CF2E202
09FF0805
02EA0E25
F903D601
12250203
070213F7
1A10F206
00120005
F1F6F408
F808010F
FBE3FBFB
12E80006
FF11DF08
F50AF4F2
0B10FF05
000907FD
FEFDF700
0B05F6F1
061614FD
F9F00A02
FBF1F2F3
0AFAF317
F6F40409
F0FFFEF9
02FDF1F7
F41AFCFC
06E70C08
0007F5F9
FB0004FE
FA12F7FE
F9F407F3
03EFF20B
130DF4FA
100DFCED
FAFFF0FB
0FFC00F2
030A0806
FA0102F1
F603FCFC
F1F910FF
FAEFF112
12EFE7F4
F5E9F922
EFF703F0
F306FCFA
3020F715
FB01FAF2
03FEEFFC
F60AFDF3
F4FC0AE7
03ECFA07
0004FAFB
14020406
081301F9
0D070615
F6F90911
0D1A1302
1AF8F90F
FF0BF407
F8E82913
0901EF00
0AFBFE09
F8F6F502
FAFE09FE
FAEEFDF8
03EBF203
0A0B00F9
0FF90C0E
0CFC0807
08E5F914
030AFAEF
EC0F18FF
08EBE410
06040A19
08EFFDFE
FA11F5FE
05FF0A03
0AFDFEFF
0506FBF6
F8FFFEE8
0AF108FD
FE090309
E7040BF5
09F90C0F
F8011707
F3E5FC0C
09EFF5F5
F6040104
F7FBF6F5
F2FE00EF
FEDCF2F4
020CF804
E8041BF7
0FEEFA00
0005FDF0
0FF70125
F0FDF100
EDEAF8FE
10FB04F9
02000802
FE0BFEF2
0500F9F6
F6F3FCE9
021301FD
0204FE02
190104F6
FD04FC14
FA160E12
06EB0DF6
17FD0913
02F5F60E
FBF9F3FD
03F6F601
F8180BF1
170F12FC
EC0C05F6
05FC0D01
0BFEF10B
060BFEF7
0FFAF1FA
090DE9F9
EBE3E60E
F8F4F8F6
FC09FAF4
0B0401FE
F4140504
1409E302
08090AEA
FEFDFEEC
F4FC0400
F5120BF0
FC201303
F6F012F9
FDE8F9FB
EE00ECF1
F7F7230A
FCF9FB15
040BF7EE
FF030901
F80315F7
F5142329
0F07F1EA
F3F4FAEF
EAE9FE09
E5F5FFF8
F0E100FA
08F80CE7
1311F424
F50605ED
F4F2DFEF
F9F6F0FF
09FF03F2
FE11FAFB
FAF601FE
0CFE0408
EE080FF1
E4F50FF6
030B0B15
FFEF1002
12060107
0510040E
F9F3F300
F9F40215
0F190403
1209FE0E
010A02FC
FB0F0D13
0508140E
FD11FEFB
F2F0FBF1
0605F1F2
F8FFFA0B
FF00F6F7
070B0B07
05100824
0601F407
00F6010E
F205EAFC
0304F4F2
FF0408F4
FEF800FB
09210AF1
FBFFFB01
1402ECEF
F8F8F606
02110406
F1F50A04
D4E2F5E7
FDE8DD0A
F906F3FA
130E0B0A
09060905
EFFF0F1A
02EFF3E8
110813F8
FDF90C2F
E6FF0406
FFF9F3FB
12FD0809
F1F9E101
FBF01207
08E30C0F
0807FC16
05F00D07
F9FFF30D
FA02FBF6
0810120A
06E8F509
05160603
0FF4FF10
090307F9
FA020E1A
15E5E602
F601EE08
FBFC0404
FDEEF711
F0E316FD
EEF10827
EAF6F4FE
18FB270D
08FBFF05
FFF7FAF5
01EE03FC
F0FDF9F4
EDEF010A
F9F90C0B
FCFD090B
FF07F90B
FD02F7E8
FE1103F9
F3F6010C
100EE5D8
FCF30109
FF07FE18
0F2106FA
F5FBFEFA
FBFEFCF7
0AF5F0E6
F3E0EC06
0C0E010F
03041B03
04F30108
01051407
FA1513FF
F3F201E5
FC080401
F1FF01F5
08F6FBE9
10FFEDF5
0015FCF8
F8EE12F8
E0FF08FC
F3E8EEE4
180109EC
03FF0CFB
04F31402
0103FF00
020300E6
FE02EFFF
011104F8
05F9070A
0F0D0200
FCE9FAF6
E318FAF5
E1ED0AED
0B141AF5
09ECF0F8
04FAFA00
01FA07FF
FC0401FD
F6FEEB0C
2205FD05
1809FB07
070709F9
EC0C1604
FAFAF4FE
FBF4FDF8
FDE7EEF7
04F9F1F6
010AFDFB
EEF601FF
0D040000
FF070516
0EE5EAF6
FFFAF800
0E0C0CF6
041200F4
140605FB
0E0AF523
01100BFE
01F30C06
FCFEF3FC
200118FF
F60FF9EE
000AEBFE
F6F60307
F4FAF6FF
EAFA1106
F20007FC
FFF3F903
F7EFF2F2
06F5E5DD
FD1F01F6
0C050AFD
FEFCFA06
EDFAF7E8
01F40CF0
02F8FBF5
FA0806FE
020701F7
05FAFCF4
FD110107
0B0D17F9
F41013FC
EFFDFC07
F9FA3007
FBF6090F
07F4F405
1114FFFA
03FCF7F5
00F9F2F0
0301FB0B
0DF7F611
E308FAFF
EBEBF6F7
E9E7F2F3
F4080A02
F8F4F9E4
030FFDF1
EEFFF3FD
ECFBFFEB
06EA14FF
0E0F0202
11FB0B17
F6F5F32C
0A0A17FD
03F5F512
FE02FEFC
053F1EF7
0813140E
0C1308FA
FAFE0810
190E0E02
0003F90A
FB230FFA
020A0A0B
FFF7F609
280C0114
0212221E
F20C03F1
F0050102
ECFBFBF8
EC0910FD
09EBEEF8
2011F61D
00040C0E
FA2516FC
FEF21500
06EDF202
0D1409FF
05070802
E1D9DEF4
0EFB0103
E2DAF507
F504F2F0
04F00BF6
02ED1122
F8FAFA09
F7F7FD0E
1306EEFB
FAF1F704
FEF7F5F2
F0FA1203
FBF2F4EE
F90706EF
100CF8FE
0608FAFA
E80404FE
EFFCE8EC
11FFFFE1
E50E18F9
EEE5F5E7
E1121A03
FA251213
F6FE18F7
ECF904F0
0408FBF5
04FB0009
0203FDF2
0A0FFDFC
F1080FF9
161604FA
0514FC03
03FFFAFF
F0F5FC09
00F5F704
F201F7F2
10F5FD06
F8EC03F0
07F5E7FB
0A1217FD
FBFEFB03
FF0A0602
FB0712FD
08F2E609
FD00F8F3
00FBFDED
13F3E8F5
1E15E7F3
0A06EF01
F30502F1
EBF308FB
FDF8FE06
FFEAFF0E
FBFEEFF1
080001F1
10F1F0FD
0308F5F2
FC0F1608
FF04EDF2
09F917FD
0C07F9F4
F207F4F9
00FBFC00
00FFF8F8
F7010502
F7FBFFF7
FDFC04FD
F0141A07
0AF50C0A
F204F9FF
F31E1307
0B10E6E3
1014160D
0C1000F8
02FEF1FE
FB080B0F
F8FFF503
010204F0
FA02FEF9
02FD2009
04F6FDF5
020305FF
0DE4FF08
FA030506
F9050001
F6000807
04FCF0FE
01FDF708
FE0AFE08
05FE00EF
F202F6FF
F10D0901
07FF0402
FEF3F105
F50101FD
F1EE0BF7
F1F8F7FB
FEFE1017
0600F5F9
FFFA07F8
10FD03FE
0AFB1402
FC03FB11
FFFBF90A
0012F3F6
F304FFF9
120904F1
FD1206FB
E7F2F7DE
FC100A14
F2E00BF7
F105FA08
1C041006
F801F60F
16F10413
F10A0FFD
FDFEFB12
FEEFEDFE
E7FDFC06
020DFE01
F10607F5
18EAFD13
0512FCF8
020808FF
FDFAF7F2
F6EFFD05
FC1107FB
0E05F200
06080803
F6F1F009
141C150C
0B1B1B10
EB071BF4
FE0E0809
FD0F0CFB
0A0008F5
0CF6FFFF
0804F915
F9F8FEEF
0F0B0311
FBF40B12
F9F8010A
F9FFF8FB
FE0CFDFF
FFFB04FC
05F4FF0C
FDFFFEFD
F705F6F4
01FF02EE
F2030008
120F0A10
E51516FD
F60414FF
02F2F703
1A00EFF2
FF17ECF4
E0F8F512
19F9F107
090BEDF6
F7FBFC03
060B060B
E507060C
F7F3FEED
10F2F8FA
1BF60608
0506FBFA
F200F2F1
0C0D10E2
EDFC0DEC
0BF7F809
FE07F707
EFEFFBF6
F20207EE
D6E60FF8
F203FDFD
01FE0F0F
060A1402
03EBF114
F6FAEEF6
EC020405
E3F603FB
0E110904
19240922
05F8EEED
F407F8FA
04F0F2EC
F503F902
F5F5F3FD
D1EF0BFF
E7E0FCE6
22FC01FE
1511EFFF
00E2EEF4
F20FFAFD
000B1907
060319FB
FC0D0B05
FC1C07ED
FF0D0FF0
1204F80C
F7001607
12FF1911
0304EAF5
06050801
FA01EA0E
020F0A05
000609EE
F803FCF7
F40B1313
F205F7FA
00061D01
FAF22E24
F703FA15
10FCFB0F
0300EF15
F5EEF70E
F604E8FE
1F13F7ED
F61002FF
1305D708
000802EF
05F70814
F1070009
F3EDFA08
F4FC0A06
E5EAF9F7
0104F2FF
17120602
06F5ED16
15162DF8
00F8FD15
FD04FCFE
F30C0DF8
F2000AFD
F8F5020B
06020CF5
F0FA0A00
F7FC0200
F7EC0706
1403FD0C
FC03061B
00F5F3FB
FC061103
F100F2F2
09FD03FD
EBF7F3EA
02F707F0
09020701
F5FE1401
F806F5F1
F5F20A02
0AFFEA05
FCFBFA0A
24F2EC08
0D11F126
F204FFFC
EAF0FDE7
0603E903
17F8F900
07130F0A
0AF50F05
EFF3FC12
09FA0117
FA011409
07FDFF09
FD0108F9
F8F8E80A
F7EFEE04
F4FDFC00
00F7FFEA
FE00F906
15F91429
01DFEE36
FBF7FCF9
01DDDD0B
1AFFECE3
FC0A02F8
ECF6F7F4
030311EF
FA0B07F9
E9EFF8F8
09F10FF1
00F00C01
FA05FF02
F510FAF1
0DE9FD00
F800FB07
ECED01FF
0104F4EA
0A0AF6FE
04F50004
FCEC1201
03FD130A
F4EFF60F
FE010715
020D0902
1609F6EB
F904EDFC
F60CF8F6
1A03F8EB
2C0FF915
00EAF8FC
12061001
04FC020B
FFFE0701
141A0103
10F0FC07
2AF3F8FE
05FFF519
FAF5F4F0
FDFDF1EF
1E07FF00
121300ED
020E00FA
0104001D
FEF809E9
0301F804
F2F616FE
030CFF09
F7060D12
08F201FB
1A00FB09
EF00060C
F705F6E3
FFF8F6FE
08FCF7F0
0CF5020F
FDF906FA
EC1B0C05
080EF6E9
F0090A04
FBFC06FF
F601F2F7
010501F2
F3EBE3FB
0203FFE6
0507F803
F206FDF5
07F60A07
1902F21A
F41503FD
03030C00
F0EFF506
ECEFF0F0
20EAF0FD
F8080112
ECF31800
FBEDF4F4
FAEFF705
FFFAFD09
04FEF6FF
FF0106F7
FCF20301
03F9141A
F8160AF3
FFDCE7F5
FDE6F6F7
180DE6FA
03FC00F6
0AF3F5F5
F2F3F406
14FD10FF
17FDFE1E
001CF4FC
08E20507
1F0EEAE6
0D0803FF
02FDFBFF
EA030501
00FB12FB
F2F6FDF5
F3FCFAFF
F60C0300
00120003
FEF823F0
F2F0FFF1
EFF5FB04
FF06F1EB
FDF01EF5
F6FEF909
13FBFC0B
FC050F07
FE110807
FE0CF808
1A0EFD0E
EE0201E8
19F60B09
F7F5F615
080A06FB
F1F20F07
F6EDF7FA
ED1110F9
1302F307
110BFB13
18020AEB
160AFC0E
0B1BFB0A
0DFA170E
F703F3FE
F7F102F7
02DEFF11
01EDEDF8
03F908EA
F9080D15
221CFAEF
0A0902FF
11040C0C
04080D0C
FBF40E0B
09F7F90B
01070619
FDFE0007
FB12FDFD
14030AF7
04E6EE1C
FC06FEFB
F70A03F3
000C000A
EEEEF70F
0305EF00
E2FC00F2
FEF709F3
FC050AFD
FAFAFD0A
FD10FAFD
E4F81715
08ECF705
05FAFFFD
0610FAFB
FD0004EF
06E4F5F8
FA1109EE
F801F302
0BF4F1FF
04DE0C0E
18010AEB
FEFE1616
FEFE02F8
03FDF4F9
EC0DF9FE
0E0401FF
FE0A191C
F9F900F3
EB0306F6
EAF8F7FE
0201FBFB
050C0102
FFF70204
FBF6F3FE
F61200F7
08F801FE
FBF1030A
F9FDF3F1
0BFE03F5
0009F8F2
FA0FF2FE
05181B04
0FF9F202
0D14FE15
0C0A0C01
FF0707FA
030CE7F5
F8F1EDF6
0506FD00
FBF605F9
1BFEF712
1705F5E9
F506F803
F1FC0700
1FFEF1E9
D6F818FC
FBFF02FD
10090412
0DFA10FE
181D05FC
FBFB030F
0504FAF5
040AFCF5
020B1A00
2C1A0F01
EFF2FA19
0F01FAFE
0D0F2A02
FD03080B
F6ECF603
0109FF07
01F900FB
FAFD00FC
FB080012
0000FFEB
DF0DF208
00FC16ED
F9F5F9F5
F2FD0809
F7FAF9F1
03F2FE06
07010D06
0FFA1309
F9FD04FB
F610050D
121C1B1A
F0F113FF
05EEFA03
240C0104
F7FD00FF
12F1F909
0AFCF211
EDFF06FA
03EADAF0
F6EE0E0B
0104E50D
FD00FCF4
12FB02FE
08F3F00C
FB0403F2
F4F805F9
F6011105
FEFE0F21
F8EBFEFC
F7FBEAF7
1AF7FF02
0512E9F8
0E0508F1
F3F9EF07
02FEFFF1
EFF9E405
EA09F7F1
03FBFDF9
F3F804F2
09ED02FD
FDF8EF03
0003FEF8
1516090B
F1020FF9
F0E70102
080FEFF2
03FB1005
010EF7F9
0DEC1301
02070516
15011200
09FA1015
FE00E902
EFE50EF2
FD02F1EE
08F5F2FB
E8FFF9EE
05FFF8F7
0B06E9F2
1B060201
0000010A
FBF7FFF0
F501EDF8
FE01061D
F8050AF4
F7F9F6F7
ECF100F9
070BF9F5
F6FF0AF8
F6F80B07
01FA00F9
06020700
0A181100
F80205F7
F8F202FD
D5FFF9F9
15F14534
FA06FC1A
F90201EA
EB0E04FC
FF0FFAF0
FEFF04F8
EBF61907
10F4F00E
F000EEF8
EBE3F8FF
DFEFF7EB
06F2010B
FAF6FA0E
04080AF9
F6EBE9FA
07EEF8E3
FC0EF6FF
07F81EF4
37F8F814
F7F9FEEB
FF10F0F3
F0F9F2FA
EFF3F814
F5F6FEF3
EBFBF4EE
E3E4F6F0
05E9E8E9
FDFD060A
0BFBFD01
0EEDE7FF
1D06EE14
F70F1DF1
F3FD00F2
FBEBF5F3
FEED0702
05F5E601
FF03000D
0007FCFF
EB00FD06
F104F2F9
FEF8F5F9
0301030F
FC0AF1F1
060110F4
FE00FEF6
F8F80008
E11008F8
EB0002D8
FDFAFD00
0E041BFC
FE27F20E
FB0AFDF6
0B190106
200A1003
F2141006
110904FD
01FE0CF1
FCEE0318
0310F608
EEFC0E02
00FFEFF4
000803FA
FAFF12FE
FFE71003
F6ED0D00
F8E7EE02
EFE6DFDA
00F6FDF0
FFED00F7
FCF90206
0D0A11FB
FE0801E7
EDFDFF06
08F5F615
FAF4F401
00F4FD05
1919FEFE
FB190808
F805EEE3
F30427E4
0506FE06
F505F9F4
061A1806
F9F50D11
EAE9F80A
F4FA03E7
E8041C1D
FDF3FB07
EFF8F8FA
EE0717FF
F902F7E4
1311FEEE
F4F5F5F8
00001B04
11181701
F7E70409
01060A0C
FEFB0AFE
03FDF7FA
F6F3F307
01EEF7F4
F904F6F3
E4F6F8F9
01F6FAFF
F7F2040F
170DEBFE
F7F4FB06
F7EFF1F5
081313F6
E7FB06E7
120C0E05
D9FD0B19
0F0102ED
0601F2F6
06FD0106
FD0EFFF7
E30B0EFF
E7FDE2E9
F303F8EF
1DEBF21E
0806F4FC
071107FA
1D0A080A
E9FA0D13
1420F6FA
E708F3FD
F719F604
F7FD13FF
03FA0310
05F2F900
F70000F7
020DFF01
FC0408FE
F7FD09FE
E6030903
01FD0DFF
11EF0113
FA0610FD
F9FEF9FC
F4F603F9
060203FF
1702FA09
FC0907FF
EBF9FF08
07010A07
FD0D06FC
0205FE01
030B0A03
02F60400
F304E9F5
F7F009FA
260BF807
011514FB
241E1513
FEEA02F9
09F4F207
08EF1204
07FAF10E
0311EDEF
F202FB05
FDE5F9FC
FEEEFEEE
0D02F215
F0F1FBEA
0D03F800
0D0DFC05
06190D04
14EEF60E
FE01F5F0
0AFE09FE
07F9170B
09FB070B
0EE8ECF4
0000FE0C
E50308FA
F60F0BEE
F8F7E2F7
FEECF800
15F3F107
04FFF5FA
0311EBF8
FDFEFEFA
010208F4
090E1225
01031A0F
F70A06FE
FEF5F7F1
FA1004E9
07F3F3FA
F9F20315
0CF30421
07EDF3E8
0210F80E
F9130CFC
FF1904F3
E80AF2F8
F6EEF7F6
EE01FCF9
FCFBFB11
030409FB
01FB0502
F10504FF
1C0E00F1
EEFC0EFF
0107240B
FEF4FAFF
1A08FEFD
FB10FB02
0CFB0002
F8FC03FA
FFFD00F2
ECF0FCFA
FCDCF50E
1000FCF8
2700F50C
0BF3F1F1
F603E9FC
F9F3FAF5
F51501F4
FB131EF3
F80F0B07
ECF90301
F0F9FBEB
12120907
F5090E0F
FE04FC03
021424F6
F4020EF9
F3FDF4FB
01FA0503
F0E7EDF1
0C31FFFB
F80E11ED
000102F9
FC0DF9E8
1E200902
0DEFF602
E6F6010E
12EE05EA
E9F9ECE9
EB03EAE8
FE0908EE
E2F90307
F2DFF6FB
1004F7F5
FA06FEFF
03FD0602
F6F2FF13
F2FCFE06
ED08090E
FD021AFB
FF050401
01F701F5
04F9FEE9
FBF7F50A
F7ED1202
F7F1080D
FFE7EBE6
F6FAF406
F1EE0100
F0040705
01F92004
F0E3F60E
06F913FF
1BF5F609
F9F30809
F9070403
1F15FC0B
F4FB0C04
FCE7E7F7
0AF5F4FB
FAF6F8EE
00F0EC04
F3F9FD25
F206F0F4
F90E0210
100706F8
0705FD00
2EF9F8EC
00010B21
F3E8EC0D
0A181E35
F5EFEAE9
F50AF3F7
03020B08
07E91413
FB05FE0B
FA0B1909
FC01030E
F9F3FE03
FAFD040E
1900EFF4
01FBF101
0F020701
0BED0BF8
040000FE
E6FA02FA
0FEC0602
F7F9070F
F9EF0507
EBF40CF1
12FEE8FD
E9F80709
11F4E9F9
090CFAFD
1208FBEF
FC04F101
F3F00713
040B0311
0B1314FB
06F40DFB
F20BEB00
01ECF5FD
11030907
02FEF806
FD10FD05
0B02FFF6
FAF717F6
0E0EF501
FF090B20
06F00C02
F5FE051A
EE00DFF0
0F01FD03
F30A08FB
F9000E11
FCF40BF6
0CF90601
FD111E0E
04F32AEE
F9FF05FE
E8DAFFF6
E9FBEEFC
06F2EDF4
0105F5E0
02FDFF1A
E9EFF9EF
F4EDFDFD
05FAFE0C
F006FA11
091E21FC
ECF40C07
EBFC0DE6
FA05F90A
E80F0C02
FAF8EBF2
0C121201
F212110B
F907F4E6
F9F0F306
091AFCEE
FEFCEF07
0BFEFBE8
F9F600FE
F3F91EFC
1902F30D
060C0A05
02F7F506
F6110904
F000150C
F61907E3
F4F9FD0D
F804ECF9
0DFF110E
F911F0F4
F005F2E9
0EEEFFE9
0E09F1F7
01EFF5EF
FCF80516
00F4E508
EE1FEFFB
0B06F6E1
FBE6E70D
EEEDFDF4
160BF0F4
060B0602
1703FAFB
FF213107
FA03FF04
0AF7FEEE
FF10F5EF
000701FC
E30CF4FB
F4FD0DFF
F8F91407
E001F414
FFFBF1EF
0E1009FC
0FF8EFF6
FE08FE02
16F3D5F6
00EAF2FD
F80000F7
12F3FBF1
03FB01F1
13FCE506
1B140C01
F8F6F709
05F6EBFD
0AF5FDF2
01F8F2FA
F9020802
FC01FFEF
02010305
E2F3FDFB
140010F1
0FF31908
17040008
F8FF011A
0803FB0B
08EFF8FC
FEF2F90A
FCFDF902
05F7EF14
13040EFB
ED0BF80A
FDF105FE
F7EE0BE6
00FEFCFB
1CEF1502
130AFB13
22FA040D
F80E0509
06F0EC02
F5EDF9EB
FD18F6F4
F7F6F40B
07F904FA
0929FB03
0C03F915
F7FFFBF0
05FC0303
FEF51304
EDE7FCF1
03EA0B17
F4040FF3
020A1F08
160E0612
0F00F910
0700E5FA
FE100BFA
0B0A0711
FCFD02F4
E9F300F8
0E050CFB
050AFFFD
F9F80906
F4F6FD0D
F10700F2
F8F8F4DE
F60B070A
02F6050C
090E1011
01030D08
00071116
FA020304
F0EFF7F5
1510F4DF
FFF6FDFB
020D08F3
00F804EA
0B0A1C08
F4F60A11
02E6ECF0
FFFEFB01
F8F0FA00
04F80B06
0C32FB01
08080EF0
01EEF5F9
0417FA18
030CFF02
F5F5EBE8
06FDFFF8
E7E100F7
0FEDEBFC
E9FB000E
0E0102F5
07000600
0900090E
FEF4FCF4
10EF04FD
03F9FE0F
13120704
FE0C0003
F206FEF5
1C08FAEF
FC07FD01
0806F305
110F11FF
F318E901
EB1403ED
E5F63BEE
11010112
F8F7FE14
F7F2F8FB
00FBEEE9
0BFCEC01
02090E05
F506F301
FEF607FC
EFF41210
F6FE100D
04FEFE08
F913FEFD
EC00F5FD
0BE72310
FAF81003
02F9120A
FEF0F400
0815F412
FCFD0AFE
FFF8F2E3
050BFF03
1711F01E
00FDF5F7
F7F207F0
F504EAF0
D6FFFDF4
06FE0BEF
19110B05
FB0B0910
FDF4FE06
F202EDFC
F0E5F4E1
010009E9
F7120000
FBF106FB
01F8FF00
F5F4F1F8
2415FAE1
F4FB270E
F7F7FE04
0BFDFCFC
0601F617
F6061EFF
06F00E1A
27FAF50C
02F8F5F6
F1F9F404
07E8F2F0
FAFC0AF7
F30E0807
F6F105EE
FF051226
09FBFE12
FF0203F4
02000901
1207F4EE
0B3B03F1
EAF502F1
DDD8F5F8
F1070803
FFFC0409
FE050107
180CFC04
171110FE
EB16FBFB
11080400
07FDF808
F002FCF0
FEEAEEF7
0F03F106
03F10804
FD0BF704
0AECFFF2
FAFCF1F9
05F9EB02
F210ECF8
120A0805
F400F700
FD06FF0B
070AFEE9
FFF80C05
F60E0102
FBF81E1B
F4F9F905
03F7E5EB
1202FAEE
0CFB010E
FDFFF7FA
02EA0DF1
2F17F30B
0BF00CFC
FFF10007
EEFDFBFD
12F1E1FA
0FF6FFFC
11EF01F7
FD070E03
3133F60B
F8E6FA22
F40D07F1
0105070C
04EC00FD
FAF7FEFC
FE03FBFC
030303FB
14E5F605
0100DAEE
05020600
0210FD00
F1F0ECF1
EEF612E2
0CFCF3FF
0019F302
FAFFF6F7
F8FAF1FB
09FF10ED
F0FEFCFF
01F2F4FA
06FC000F
1900010A
090EF80B
F30D0A02
0A13F1F6
010CECF2
F306F5EA
EDF0F7FE
0BF2F8FA
FE10E601
EB0C09D5
FF08FF07
0EFFFA09
1A192113
0BE8F105
FB00D9E9
120BFAFA
ED2B0CF3
FA0101F2
1201F3FC
040BF40A
F5EA130D
FEF6FAFD
02FDE90B
07FBFCEC
0917F8FE
EF171FFB
EDF2F903
090CF800
F102FFFB
EFFEE908
070BFDF0
06F5FA08
EA130A00
F2FF30FB
F8F70417
F20301F2
FCEE0FF3
0CFD0506
1613EBE7
1AF9F90B
FD07FEF8
02FA0D02
030C00FD
EFFEF9F8
06F31F17
FF0EFBF2
0AFEF60B
0FFDF7F4
0E03F8FC
FD020802
FEEEFC08
FC03F5F0
EEF906FA
0EF4FAE6
07E3DF1C
080AFEF8
081C030C
FFFB190F
F0F2ECFB
F309F0F1
F61603E7
E3F2F40D
0AF7FAF3
0D14090A
FEE9E2F0
F9F7F7F2
F0F3F10F
FB1000FF
F4F3EDFD
FEF1FBFA
F915F9F7
F2F9F7F0
07F0EFF7
06EF0309
0A08E217
0DF0F5F5
08F3F7FB
F5070009
FDFA0302
FBFEF3F1
F00DFFF5
00F204ED
F7010F03
140ADF10
FD110905
F8FC0D04
0BFEF6F7
EBFDF3F0
FDEBF0F1
F50C10F7
FB030801
0405050A
0A0A0904
0DFDF900
F81AEDF6
FB060AF2
0601EA00
FC0303F8
16F6FC0B
070BF405
FF100A00
FE010D09
06FFF5FA
F203F4F7
03E8F4FB
11ECE611
F7090900
05FDFF00
06FF101F
F1EFFBF3
0E13E60E
F9F6F4F6
06070106
0D04F7E5
F2FD11F0
F2FCFF08
F1FCFDED
170FFC04
22F80AF3
090A040E
05FF1EF5
0800F301
FB0B02F8
FAF6F9FC
0A01160A
F0FF0809
03F9FFF5
0FFC3202
F8EB0B1D
F70209FE
030E1008
F603FFF0
1507EDFB
0213F4FE
09E80D06
12FDFA1F
F50DFEF4
FEF1F0EF
F7EEF0F9
03090D00
F306101C
F3E91F09
0819170C
F6FF0303
FAFCF9ED
09FC0404
00F5EFFE
EEF5F2FD
0403F0F5
19020F00
02060403
0407F008
0EEE0A09
F6050202
E8F3F6F3
E8F4EDE9
ECE5F9ED
0103FE02
FEFB0004
12E0F30D
FB05FBFE
22011105
FC05000D
E60B1103
0403FC01
FCF90403
05EADEED
12EE0A0D
08F6E512
0E101F1E
0FF90612
FDFAF007
F2F4F2FA
08070711
E7F4F112
F7FA12F6
19FF03FB
01FD0514
02EEF5FA
3504000E
0AFDE71B
0AF807E6
F00B0F16
FB07FD1C
00E7F704
FDFDF3EF
09ECF40E
F10BF8F6
F3E6FD05
060905EC
ED000508
05FAF3E7
06060BFE
03F6F0EB
030E1915
FD080E07
F4F6E9F7
10F0FF03
0D0A09E7
08E7F7FD
F8FF02EB
F7FD0AFF
1E1AFF10
02FBFC0D
FEFEFE06
E8FD11FB
FE010605
000EF8FE
FAFC0FF0
02EDF014
06FDF3FF
0E03FBFB
F30B0AFE
EA0219FB
F3F30C0A
2D03FCEB
F20D0305
0F00FFF2
FF0415FA
E5EEF111
FBFAFBF5
F3110304
0DF8FE08
070412E8
FD000FFF
F806110D
060DFF19
0806F703
15F301FE
00210A0C
FC090605
FF020600
E703F9F7
0CFCFD0A
29F9FF04
0CF2F3F9
030EF1F4
00F10605
02FEE2F3
FB06FDF3
F705E60C
EEFC19F1
0A12EF11
0EFEFCED
1CEAF3F5
0012FD0A
F50312F6
091404FE
F90300FC
F8FB03FC
07F6FE04
F3081107
F4030301
010703F1
FD02F8ED
1405090D
11130117
2400FEF3
F323E906
02FC0E01
030D06EC
04FB0B00
FD02F2FE
F00911EF
0F00F000
0610FFFD
071CE4F0
F60406FE
0FEBF9F3
131CFBF1
0AF0FA06
FCFAF2FE
FBFC0DFD
FFFA0004
01F210FB
12F60214
F2FDEC14
01FDF7E8
E10100F3
F9FA0202
F3120EFE
F2F21302
ED0016DD
0EF7FA13
FC0604FA
02FD02EA
0203030F
F2030BEF
F6FB0004
FB0816FB
050CF5FD
EB00F8F7
0BFF1121
FF00F1F5
EE08FCDA
F2010812
2B14FB0A
F9040408
FA040FED
F9FCEF07
0703000F
FC181902
05FA0102
F70A02F7
F8ECFCFC
E31414F0
FE0C02DE
02F320FB
FCFC0716
03FB1601
F1FAF407
0027FBE9
F60D0AEF
F8FCF7F1
EDFD0705
03F50DF8
130F0E0B
080A08FC
EE08080D
F6FF13FC
F101F619
0F04F402
0D13060B
04100A04
0A020F05
FD0D1C00
ECFDF8FB
020FF7ED
EDFC21EF
05F60006
FE12FBF5
EC272F0F
FCF5F9F1
FFFFF500
FEFAEFF6
04F6FFF4
06050306
0501FBFD
050EF4F9
0A0C0E04
02FFFCFA
050913FF
F408F606
06F7F8FE
FF02F308
EFCBDD08
1003F5FD
001C100F
0914FEFB
F40C15EA
0500170B
050704FD
F702F4E7
09FC0EFD
032712FA
F20602F9
EFEEF40B
DFEBE9F8
0AEFFBF7
FF14F8FD
06F2F8FE
FD151CFC
F8F60E0C
F1CDFC0C
EC06F90F
FD0900EC
0B111905
0907F207
FF051714
08FB0A08
060FEF0A
030EE8F8
FA000EE8
FCF2F505
0CF9F8FE
0503F9FC
F8F8E1F8
0B05E7F3
080516F9
05D8F4FE
FB0DF705
13FB10F8
06070B18
05FAF4F6
0404F110
110E0AFA
0F03ECFD
061210EA
F5F81A07
110FEA04
04FA10F8
ED02EFEE
FBFC0703
10FB01F1
0317FCFC
FD0EFCF4
11F6F408
0CFF100A
0817EE00
1019010B
E400F6F5
0003FDF1
FE030703
F310FFFD
11ECF80A
EBFAFCFE
01081108
F2160602
0601F6F5
FF0B0C10
F1EBF1FB
14FBE7F0
DC15EAE6
06F308EA
F4EBE1F5
020C121F
0FF5FFED
14150E00
FFF9EBF1
E5FEFAFF
F7F430F8
F8F3E917
FD04F8DC
E4F806F5
FD010009
FC0D11FA
0305F80B
07FD0802
E50514FF
FD03000E
11EE0006
EBF1F6EE
1704F0F1
0AE5F402
F9030DF2
F8FDED0D
ECF60AF1
EB1BF3E8
0AEBFF20
0611F7F6
03060C23
0B0A1117
F4F40300
100CFCEB
EBF9FE08
2604FE01
140B0005
F6030908
F5FDF7F2
FEF201F9
2A08FEFC
F70805F3
00FBFFFC
F2F3F505
04FCF8FA
EF13FBFF
EEE4FB03
01EEEDEE
FB00FA01
09F707FF
050C02FF
18F80A14
F60C0411
F6000204
0B00E8FA
FCF3E914
FAF8F1E8
0007FE04
02000F01
04F3ECF4
150BF9F4
E907FB11
07E9F804
0A0DEE0A
DCEC04FF
F81215FD
F2F302FC
FAF7F5F0
ECFCFFF7
11FAEF16
ED0213FD
1FF2FA07
F7F4011B
EAE9F301
09FE0209
19FA0D0D
F7FD08F1
EE0EFB07
F6F40005
0BF81BF2
1113FC1F
0A240BF9
FF092BFC
EEF7FC03
FDF2FBFE
0B02FA05
0B0B09EA
14221017
0F0E030F
F10C00EE
EF080115
F5F31CFC
09F4110F
13FCEA01
0A0E04F3
040012F8
EFF7080E
FCFFF1F2
EBF9FCF5
FBFA050A
E9F206FF
09FEFDFF
FAFAFE07
FA0EFFEA
F50FFE12
02F2000E
03FEF8FB
FBFD0CF6
EFF5F6F8
0209FCFF
24FF0807
0E11F5EA
0A12040B
060D0201
0B15F4F8
F4EDFD02
F60DF403
F6F8FDF1
06F60FFC
FD01F620
FF07FD00
FE06020E
070201FC
F1F7EEFA
100B0A00
0A0A0300
F5F70210
FCF811EB
06FBF900
1505FC0A
F80D0603
00091402
2BF7F416
FDEDEC2B
00EE010C
26F8070E
0D0CF011
070106EC
060DE802
08F9FDF3
050AF8FE
F50903F1
F8F1EBF5
EFFE03F2
EEF7F808
EEEFFCF6
0A0B0106
14F90803
FAEFFE0C
04FF14F6
FE111120
0C0D1104
F2FB09FB
ED2AFAFD
DBFB31E1
F4FBF3FB
FCF9FBF6
FE0907F5
0BEFF6FB
EA00F2EC
EE0B24F8
05F80716
F9F3FCFF
F4EFEEF7
FFFBED09
F81AF103
01F410FB
FF121512
FAF8EE0B
0604FB01
FC0A2AFE
05F8FFFE
FA0CFDF5
F5FCF8FE
ECE50401
00EBF407
F1100C00
F8FAFF08
F6F8FCF6
FEF4F4F7
F6EB0C04
04F6F706
EFF50004
FFFA1308
09EAF307
E706FF16
EBFDF7E5
0104FBF9
F6FEEFF5
07EFFFFE
1712FA07
12FFF910
1236F5F6
0B08FC06
F7FB01F7
FFECFB13
0AFEF7F2
0AF0F201
FA0C08FC
F9020501
02030401
08F6FFF9
080CF511
E6071504
00F2140E
07EDF608
0E09F8EF
E6F806F5
FAF3F5F0
0BF90801
28100407
07F80300
0DF7F108
FCFBF5FA
F7ECEA06
F8FDF6EA
02FCFFFE
070A010B
0207FDFB
F6E70100
FA04F5FE
FF0C0C0D
03EE0AF0
07F5F700
FFFDF304
F6F2FEF2
0C07EF07
F10F0EF5
142303FF
FB03F900
F4F901F8
FB08F90A
0DFA0AFB
F6F6F602
0E080CFC
07011312
FC05F307
F2F2EFED
0CF9FEFA
07F00A04
F000FDF7
E3F6F604
05FF1F17
FC04FF01
11340707
F4FD0C0B
0904FCFE
0D000013
0409FF07
0AF804F5
01090011
FA081402
FDFFFEFB
FDFAE9FE
18F6E3DA
FA110F05
FAF3E70B
0C0D1917
030A0613
01030200
010D110F
F809F50D
03FD1203
EC07FD02
E7DB00E6
FCF1F7F2
FE0E040B
F704F3F8
020FF5FC
09FA1903
0DFFF214
0711FB04
020B1502
0814FB02
02020C07
010D13FF
FDFE1403
FB10ED02
0B011202
F7F30306
F6F1FA0A
01040BF9
EAF7F3FC
021C1CED
FC05F409
0C08F4ED
07F5FCFA
FC010102
EE010C09
060418FD
FB02010C
13FA0800
150B1712
09F60804
1600FA06
00060F19
17EDF7F8
FB12F712
FA041BFD
00F8FE0F
01FFFD0A
1A0DFB0F
21F8FC0C
F50CF5FF
0108FAF9
071108F6
04FA0F06
FFFA09F5
14FDFEFD
02EB0A1A
0C0400FC
030E130E
000DEEF6
00F3FFEE
1B0C0AFD
ECF50D1D
08ECF2ED
F60BF8FC
0FEBEDEF
0A1D1712
1DF8FA03
F80BFE0F
16FEFDF5
F81B1108
FCF7FB01
1003FE04
0307FAFB
0A050205
0D150603
1FFB1AFE
EF040907
02FB040B
F0EDE3EE
FE13FFF3
F9F20201
FF05DCFD
05041107
14FCEA09
0B0FF7F2
0105E400
1DF801F2
0316F3FB
E30B0E03
FDED05E8
F216FEE0
FFF10DF8
FF0AF906
F7100B06
11E10A1E
12F00404
F603FBFA
ECFDE4FF
F90303E5
FE201BF3
190DFC06
01050203
0FE4EDFE
040AE60B
FDF4EE01
0309F9EF
FC090A14
FCFD10F3
0E01020C
F404F906
D3DEF9ED
F1230CE9
FEED0F09
0EF100FE
FA11FAE9
02D713FD
F800E114
FFFF0906
0C11F9F2
03F9FBFE
0DF8ECE8
01FDF2F7
E1FCFC08
F5E4E9F5
F61BF506
03FF0EF9
FA0809FC
03FFFAFF
F2F3EC01
F0FE09F8
0F1501FD
F4FEF50F
02070DF9
E5EF0513
EDF103EA
030D0B0D
230EF905
0B13FFFF
031A0EFE
EAE801FB
010B07EE
050B0E0F
0B0907FE
F80C17F3
FA030406
33F5110B
EB01F109
E60D2203
08E00211
0A0C09FE
08050207
081B0F1C
F00912ED
13EBF8F9
FE06F8F9
F51CF1EA
F4100608
FBF4F915
02F40FE7
FAF8F0F5
E91101F9
FDEE210D
04090402
EFF7081A
23F1F60A
F2EBF7FB
FCEFF1E9
FC07060A
FBF92511
0E03F5FD
0C0017FE
14FDF3FF
EEF6FB0B
F4FBE7E7
0DF30C07
EC07FE0E
F3FC0506
EDFE0AF1
F4F00008
ECEEF5EF
07E8E0F0
EEECFCFD
F3FFFB0A
D8FD00E6
0BEBF740
0CF6FE0C
EDFC020F
F11205E9
EF0848E9
28EDF21E
0306FD08
EDFBED0C
0FFEF016
03E41205
F7E3FC01
0514FE0B
FB05F3F4
F6F222FE
F605FA07
F9E62B10
E9F3F810
0700E810
F3F62105
FBFF0DF8
08ECFDFC
F1FBE9FF
0DFAEB1D
22FBFFFA
01040421
F50203FA
FEF9F6EE
00FD0502
04EDFC01
F9F5E5F8
0BF8F2E4
FC03010A
01F70207
F9F517F0
040A11F0
E901F405
FD01FDF3
FBFA0304
0BDCF1F9
E3F6F1EB
F512FCFD
12F30307
0D0EE8F3
050D0703
08E9EA05
E101EFE0
F3FFE5F7
FB0A0515
F10906F0
13F6F40C
FDF0010C
ECEEF505
11F8FCF9
F6FD0E0E
04010719
0A07120B
08F9EB03
07F42508
041A0C1E
F2F5FB0F
EC0C18E6
15FCE90C
0707EDF3
EAF522F7
02200009
F6EC120B
F915F7F6
FEEAFDF5
190A0A06
030FFD18
1419FE03
FD0BF3ED
F40FFFFF
06F7FFED
FFF8F9F8
ECFE0904
FEEEFB07
EE0CFC09
0C0DFF13
FCF4EEEF
00EAE8F0
FE080306
0E060910
0509FA09
E9E919FC
FDEBF207
E7FBFAFF
01E8EBDD
FE02EE09
FFF50A0F
0BF8EFF3
FEF713FB
09FEFA0B
F7ECFDF4
0A08F3ED
07FEFB09
E1FB03E5
07F7EE09
07061004
300E0A10
F9FDF901
EE0003F7
FD0B07F8
FFEB060C
FA080F0C
0703F501
02050EF0
12020501
03FFEF16
EA00F4E7
240AFF06
F9101912
F8050C01
FCFF0F00
0B031813
FCF9FA0B
070F0F0E
03FCEEF0
100E01FB
13FA060B
03FE0002
FBFDF8FB
070105F7
F403FAFD
F2F6F3EB
FA0E0104
E6EEFBF1
04FCFBF5
02170D07
F605FF03
04F8FD03
EC13070D
E9FB08F4
1D1CF804
05F1F3F3
0B10FB0E
06F301F8
13FE0000
FA02F5FB
00F30BFE
FA030211
0010FAF9
13F82011
05F7F6FA
FAFCF7F6
05F6E2F6
FA0DFD04
01020E0C
05F3FE0F
01FFF2FB
FA02FAFC
FDF6FF0D
F10D1709
0205FA06
121E0502
03000906
FAFAFFEE
10F5F806
0A16FC03
10F711FD
FF0AFE14
1CFC01FF
FA07FE21
0E1309FC
09F1F90F
2014F2EC
FFFF040A
26F90002
06FC090B
F40D04F3
FAFAFBF5
01FCF9FB
F2F2EFFB
050B01FA
F2FF0A03
F2F807EE
0BFE0004
EB1700F4
F1FE06F5
FCFFF8EA
1308F11F
17141901
DD1E08FC
F50C09F9
0CF408F5
24F3D6FC
F205050A
12FAEF02
F303FFEB
00F5FA00
05050B0B
1413FEF6
F8050701
1804F016
0101E7FD
0A050F15
01FD1309
DB0A0AF9
F5DE00F7
F9062307
1FEB0802
0000EA12
0303FC08
100B0D06
E4F2FCF5
0000FB01
0EFBE7F1
01040BF3
0204F907
F11504FB
F5FCFCFA
FAF106FD
FC07000E
FFF6F5F5
F60300F1
03E4F00B
0DF305F9
EFF4F300
07060C02
FFFA151C
FE05F9FF
0F0410F2
F4FFFD07
F8FEF7F7
06F0F7FC
F8FE0B0B
0405F404
F4FAF5F0
FDFC04F2
F5F40703
F9070B09
0304F3FD
10000104
14F4FE0E
F604FDF8
F7130B01
FC0E0F03
F7210703
11EF18F6
F302F8FE
070011FD
031100F4
0F013D15
0B0EF91B
FFF4F906
0913030E
FEFE00E7
FAF7F8EC
EEFBF5EF
FFF1FBF6
13000009
F709F401
FEE7FFFC
17EEF9F7
16040114
EB0CFE18
FC0EFF00
F1F1F8F3
13F10506
FB05F400
02EC17F2
2615EF19
FFFF061D
12000705
F6F30306
FDECF5FC
FA030C16
FCFEEDEC
11F701FF
FCF30108
FEF1EDE6
FEFEFCF2
F5E61CE6
F201FA08
00FBF4E2
F50D00FA
EDFAF3F0
FAE50AF3
F1F90105
FFEA09FD
0A050403
FCE702F5
F0EBE905
0A03F900
04FC0205
041A0605
F305200F
F0EDE9FF
12EE1107
13231823
0804F417
F90F01FA
F3ED0406
31FDF111
E715F00C
0801F8F0
0904FB0D
0A0D05F7
ED19FCFD
04F108FA
04F8FF0A
03FC0E1B
08DF0810
05F815FB
F4FDF817
FCFEFAFA
FCF2FEF7
0B18EC09
EEFEF9E3
FB00FFEF
05FC130A
F70B0405
04F30D13
F0F7FA07
08FCF7FA
F309FBF7
F6F70AE9
0503E9FE
FBFB1E1B
00F8FEF9
220104FA
F4F40CFE
28FAF1F3
03091DFD
EAE40910
FF0F21FD
FDFC0506
FEEC000F
F3FFFB08
F5EB08FE
FAE60EF8
0200FCFE
02081108
08010306
EF09F701
F6F2FBE2
030DF5FC
26EC0D12
040CF31A
0E08EE01
150AFB0C
F2F90C03
EBF1F201
F31200E1
0BF30A00
09F30605
311EF0EA
F405F1F2
D9EC04E2
09FB11F6
06F4F0F5
0812F9FF
F0040DFA
08EEF1F4
0FFBFD03
08FDFE08
F30B01FE
EBF5ECE2
FFFB09F0
2C061016
EF000BFA
03180DFC
070D1605
FBEA111A
FCFAF715
FEF6FEF8
FDF1F9FC
0EF7F801
05101D14
05EAFAFF
021DEEF4
FDF511F9
10F4F401
200FFFFC
01181202
05F40407
0707F4F3
F3EEE702
F3F4F6ED
032AF4F2
FF0B12FE
03E10209
0DFDFBFF
F60A10F7
F4F8FAEF
04F7ECF7
06FBE1EC
0004F7F5
F7F8FCFA
0BF8160F
16170611
0EFB041B
0B0DFF07
09060DE6
05F50DF8
FE0DF41C
FA13F4FE
06F705F9
FBFEF812
02EEF8EE
0AEC0201
1F07FFF1
F4F9F5FB
FCF5F7F0
F6F20100
FBFD03FB
02F601FC
FB17F8F1
EFF804ED
F9F9FCFD
FBFF090E
06010023
0B0C130A
0E1AE9EF
1C0F12ED
0A07F105
F301F1EB
08F9FEEF
040FF702
10EFF7F7
0614F50F
EB0106DB
0112FBFE
14FB1606
1507001A
0A171A07
00FAF50B
F5E7F9F9
10F9ECFE
F717FCEB
EDF8F5EE
110607F9
F7FB0CFC
07070C09
EF07FD06
F1EC09FA
09F1E808
0CF4FB10
000F040C
07F6EEFE
F80705FF
F1F60407
0DF7EEF2
E90607FA
05FF00EF
180C020E
F20D10F4
F4F600E6
F9F3F3FF
E2EF0002
06EDFEE6
FF04041C
F8ED0DF2
FB02F706
ED0A0BF9
EB031C15
FEF5FCF2
0D0E0CF7
FFEE1B07
09FAED0C
01F2F303
030BFAF2
FFF11900
F9FDED08
08F40714
FDEE0000
E7F7FBF5
FAEDE7F6
0A07FCF1
F6F8F00D
FEFB0002
0D03FAEE
FD0A0F0D
00FD0F0B
F4FCF9EA
0C031400
1BE9F10D
F7050110
29F7FF0F
0CF9F0F7
FBF2F0E2
06F1F0FE
0116FAF6
EDEBFF01
1101F00F
0400F015
0AF0EEF3
181532F4
08160506
EAF20900
F7EEFAEC
080DF5F7
1004FD00
FCFD0B0D
0CFF11FC
FBFE121F
F7F605FE
FEF5F2F6
0C0507F6
FE01FC04
19F90811
F9FB0A16
ECFEF6FA
F601F5FA
0E0814FE
F8E8F511
F0E9EBF0
011000F5
05ECE000
F4FBE0E7
FAFDF6F6
09F8F0FF
FAFD03F8
07FFFDF9
FF0BFB07
FCF203F8
FAED1107
F0E1E707
0CDDE6EE
001101FD
FBEBF2FB
05042A0D
F7F4FE08
F9F20305
FD0C010F
050B02FC
04FD0415
FDF6FBFE
FD09FE08
0B0E0A0B
1413F2F1
FD041DFF
0F04FBF9
040B00FB
030E1800
01FEFBFB
0200E1EC
FCF50700
F4FBFFF5
F3071607
3106EEF5
FCF7FD18
0408FC0C
EBEAF1ED
DCD5EAF4
FFF6ECE6
0AF9020D
0214FF00
F7FCF6FB
0106F8F6
060912F5
06FF08F9
0FE9F6FD
EE05EDF7
0C06F8FB
0AF7EEF3
0B0B0210
02FCFCF5
0E13F70A
FE0D0710
0F0B0EFE
EC010105
060C00F7
1FFF180C
FA05FEFF
F9FAF702
F8FFFAFA
0B08160B
030BFFF9
0904260A
03EEEA0C
F40EF5E5
FCEFF1F3
FBE9FF0B
03F9EEED
F90AF5EC
FAFA1912
0CF713FB
F2EDF2E2
FBF2E5ED
0BEFF1EC
0BFA06FC
F80F02F9
061D16F5
ECF60FFC
F8F5F2FB
F51305F6
FFF1F808
F206EFDD
EFF50306
F4F00A01
0AF7F2EF
FE150E09
06ECFD0E
FEFEFCF2
F300FF12
F902FFEB
0302F8F7
F7E2FEF3
090AE7FB
FC0D0912
01F90207
FE08FFF4
F908E704
FBF507FB
F400F914
04170CEA
FBE60C0B
1315FB0A
F9F3090E
FA0A1800
FA01F8F4
FEFAECF5
FF07FDF1
0A0B0804
080EFFFF
061A10F6
00040FF2
08F8E6FB
1A0E0301
0EF5F8FD
01FF1007
FBFEF5FA
0C071E19
E2F1050C
EBE6F3E7
F3010705
FAF3FFFE
FC0EFCE9
FFE3FBF7
E10DFD00
10FE0117
081009FC
F5E90202
FF090704
03FCF0FB
0DFC0F12
F9F6F9F7
02E9FFF7
06FF04FB
14FC01FE
08000D08
F816F10C
0205F91B
FA070C0A
F80DFBFB
09131512
01FF0303
ECFA07FE
00F6FBFB
F503F6EA
01270509
11F825FD
EEF2F2E4
19F8FEF6
F70609F4
02FFF605
F11DF5F0
F2F5DC0F
00E70B0B
EAFE01FF
0CF40007
E70BECE9
F1FDFDF1
FDEDFD11
F1F60319
F70BF5F3
FE1313EE
EDF00D07
FF1AF7FF
090A121B
EFF7FC04
00FDFB0D
F7F4F306
12ECE5FE
FDF7F5F5
03060106
F109190B
0006FE0A
F0F9EA09
FC060AED
15F4F6E6
0D02F608
0A050008
FEFF0F00
09020AFD
FCF6FA01
F4F802FF
F8F21AE8
0C0AF508
06FC0109
FBFBE713
2D03EF06
F4FD281A
0801F705
07050108
F51C020B
F00915FD
FFFA0EF5
FDF9F5E6
FC0CFCF7
08F3F805
FFF7EC02
F3F807F2
FD070B1A
201808E2
FE0107F6
FB040611
F7F5F60A
04F8FCF0
20F40110
04F9EB17
02FAFFFC
FFEBF0F4
1808FFF3
FFFD0402
FDFC0715
EAFB000A
FAF61A02
F306F3F2
0B00FDFE
FAF7F2FD
00190604
FE1AF8FA
08F00814
F0DFF6F6
FF0003FB
09120502
F2FA1F1A
F3FA0C08
FBF4EE01
0BEE0B0B
031EF714
FAEEFAF9
EC1D0000
141403F6
0205FE09
00F4FD03
F9F9F4FE
070C08F8
00F805F8
EFFBF3FF
FFEDFCFB
0017FC03
080B0BFB
01070209
0AFF0D2B
F4F40602
1506FB05
FD14FCF4
0B0EFE07
F80E060C
FE0107FC
00F0F6F4
0001FF09
F30D06FE
EFF5EFF1
F2F7ECE8
16F3EEFA
FE1207FB
F51409F1
040001F9
FD040BF9
FAF90F1A
F6E8F001
E6ED04FA
FD00FDEC
F60101F6
FB04041C
ED0106F7
0CF6FF0B
010AF905
0A0B14FC
F2F907ED
03F60C25
F8ECEE02
FC1F0009
F9001CFC
0D03FAED
FF0904FB
0107F6EE
FE09F7FD
F9030B02
F4E6FD0F
080607E9
0A0509FA
F2F51B17
EFF0F908
09010D06
F103120E
FE0F15FC
EF0CFE00
FAFE03FA
000A0AF6
FA04180B
EB100B00
FCDEE219
0F0F23FB
FD080D18
EBF900F7
FCDB00FD
02FB1215
FBFA0BF7
EB02F814
ED0D16F1
0B1D14F1
FDFDEDF3
FB17E80E
F9EE0FF6
E6F0E303
FD0FE3F6
0509F3FD
F2030DF7
1001ECF5
FAF90707
02010904
02F5FE15
100BF902
14F1E811
1012EA07
08FA0409
FF0008F1
050C0AED
03F9FD04
F40E0AF8
EDE1FDFD
F90EFCF3
02FA0BFC
F1FF04F7
070300F3
051506F6
FDF30C0F
04F6FCEA
EE08F503
02F5F3FB
20040804
EBE5F3EF
290B180A
0406E81A
F706FD0C
F5EA01F2
FA0907E9
0F0D0808
FC191108
F0EEFEEC
F1FCECF8
08FF0CF1
EFE0010F
0701FB02
FA0C28FD
F6031306
F60B0BFE
E2F0F6F3
FDFAF5F2
F4F8E600
FBF5F714
07F20104
110A0003
1907000F
1903F42C
FEE8F4FB
00FAFA04
02F60EFB
0BF5F4F7
F20B08E4
DDF20403
EDEDEFF6
F602FEEE
F0F2FF0B
16F6000D
FDED252E
EEF3F4F9
0AF105FE
E8FAFAFD
FD13FAF1
08FC02F2
02F91D05
FDF4F1EB
F72D0BFD
F9EFFBED
FD0400FA
041C0A01
08FDF4EB
F4FBFD08
01FD0403
F702F815
FEEE0BF7
FBED0306
FF00F6F9
FDFF0DFF
05EE0201
1C17E805
000C1105
08FC040B
06F5EC06
F80E0D00
F5F81904
F701FD05
06F3FDFC
F00FF4EF
14070EF5
F3FD0416
EB080FF3
EDF1FAF9
02E80AEC
F9F5E60D
EDF8FEF6
1FF403FF
FAFDF6F8
FF100501
F8E9061D
00FEFD0C
14FB0D10
EAFE0B0F
04F1EBF8
0107FA08
FFFDF907
0B19F0EA
010DF903
FCF905FC
FFF4FD01
F9F30BF8
1C0EFC0D
0A180201
FEF908FE
FAF0F70C
0C00F9FC
EC01F709
001A0AE5
F7101208
030EFC04
FB1505F4
FF010401
1103FEF9
F3FB03FE
F008FADF
03FBF60A
EAF812FE
06F403E6
FA05151B
2D00E611
05130DEB
F800EBF5
07F91115
0912010F
F2EB1F0A
FD10FAE1
28F302F0
02F7FCF3
F5E8FBF8
07E6F9F0
F504F709
FBF5F7FA
08E0FF04
FCF11A0F
FAFEF719
0D0B0204
0EF9FB01
F9220C0F
F1F1F8FD
FBF5FCFE
F90307EF
0904FEF6
FB06FFF7
0D200809
01F9FA00
00080A01
FBFDF8F7
170A00F9
16FDF605
08070706
EF020FF7
0416110E
00FDFA01
F3ED0300
FD2AF5EF
0A01FE11
06FAF7F9
08E8FCFD
FEF10006
02FE0E07
D8EFFB05
F4F3F1EF
01020EFE
FEF6FF05
F5EEF603
0AFEF1FF
F0F914FA
0CFBF018
F4FB011C
E2F10A12
FAEEFFF3
F7FBFFFE
0103EC03
FFF5EC08
06F8EEF3
1A02FB02
030D0104
06F5EEFA
071CECF6
1AF7F0F9
FF0EFC01
0F05F711
F2FBEDF8
081A06F6
FB07FA02
08F8FDED
F6F2FAFF
1208F712
0B060717
F51E0017
EEF8F401
F3FAFEED
03ECE800
03FC0407
F70CFE01
FBF2F4F4
1016F4EC
1811FD0B
02FCF3EF
FC05F809
09080200
0E150D18
250D0822
0000EE00
0702FE0A
0B010301
E1EFFD0D
1627F5FA
FD020D12
0D231307
F0FBF904
1209F1F8
0D0E07FF
E8EC0205
ED0203FD
FCEAFE0B
F001E3E7
F3F112F4
FAEFF1F3
FBE7F901
FE07FE05
ED050B02
0000FEE8
F5FD06F5
F60308EF
04F3EFF1
EBF30919
FBFAEF01
03040C09
FEF90F1E
F002FDF4
05101800
05081F0A
0CFF01F1
F303F0F1
F80410F0
E4E8F5F7
F4010CFF
05FBFFFA
FF0F04ED
F0190210
02E3F800
EFEFEDFA
ED101A08
0D0008F4
EEFAF214
F9F5F9F3
02FAFF06
F5F2F4F6
0C0E1CF6
F1EFFAF4
01FCFAFF
F6190822
F705ECE7
1EFD1B0B
FC02F700
0C01F602
FA000310
21FB15FC
F7030812
0FF30D0A
0108E9F1
12FEEDFB
FC211409
12FBFD0C
00EF0D16
1000E8EF
0E0306F9
0108180A
060BFFFC
EFFEFAE7
F1E9000B
04FAF0F5
E2050304
F201F6EE
F108F5F3
EE0F0002
06FD1005
08F60201
E507060D
040CFDF6
190F04FD
0B050CFC
0205091C
F5F0F201
F40BF5F6
FFEC02E3
08131BF3
0709181B
FF0CEDF6
F3FA0AFD
00FBF60C
FAFBFC07
F8F103F8
F41309E5
F410FF00
0A0A18E9
FD0FFAEE
EEEB0CFD
40FAEE06
1623FFF5
F5F30005
040CF704
11EA1318
02F3F1EE
E2F5EDE7
02EF06F6
EA01EB0A
0DED10FA
0EF7E6F4
FA1BE9F3
D3F5F8E9
FD1B01FD
0300F2E5
04FF0A00
05F7100E
F7EEF713
FAEE06FD
FFF20907
FEFC0C0E
F20606ED
0DF2FC03
EFEDE4EE
F6FF0008
141DF909
0800FA03
F9F3E817
F9220002
FC05151A
000F0BFD
F1EAF3FF
05FA01F3
130E09F6
F504040C
0DFD01EE
0AECF90F
07F3EAF0
F3F8F0FF
FE0F0DFD
0AF0EA13
02010302
0A03FA09
10FB05EA
EF03E509
0515140C
03EDE8E9
F8FD070E
F2FC0F04
131016F9
0905FDFC
F10207F5
0BFD03F8
E6E81308
09F8F30B
26F9ED07
FB11F5FC
06FF05FA
DBEFFC0B
1409E5ED
E6FE0702
FBDE0115
EEDFEEF6
EFFC0CEE
19EFFF08
2723EBF7
0D0F0001
FD1C0105
FB02F6ED
F4EB05F7
01F5FCFD
00F106FC
012707FD
00F4FEFF
FD0CF5FB
05F8F20D
14090D06
FE010B0A
FBF4F7F2
01F701F6
0815FA03
03150CF9
0106160F
010F1008
07060807
EE03E6ED
E3E902D6
1E0EFD05
1A10120C
EFE91207
EFDBFBED
08F2DF0B
FA080BFD
070908FE
10FF0CFB
FBF70D0D
E6F0FFFE
17EDF001
F3040E0B
F0EF09F8
02F5EFF0
F0030904
000308F9
F820EBF6
0E05F8EF
0B041C09
102DFC24
010C010B
E4F803FE
01FEED04
F5010305
FC030508
F01A4208
02EFFBF0
15F7ECFE
FE2010DE
F7010605
F80202FE
FEF7F9F7
1D0E0A06
090F14F9
F9EB090A
EAE0DB03
FDF7FCFE
FFF301F1
F5F4FCF1
0502FA00
120E0A01
01FA0F02
FCFBFEFB
11061601
EA0705FD
F5F100F7
0CFDFDFD
E506F303
FBEBFB00
0BFB030B
E6FF0107
100A0EFB
FA0117F6
FA09EC02
F8FFF4F1
ED04FDEC
F9F3FFE0
1604FB12
0FF61C0F
FAFC130C
110413EF
0DE7E20C
010004EE
03F9F309
FEF4021B
1104FDF7
F5EFF802
FB210DFB
F904F4F5
F1EEFDFA
1109FE12
030FF603
0BFF000B
0BE9E9ED
030DF211
FF0B12F9
FF05FE0A
FE0407EE
FBF6FBFD
FCF7FD04
08FEF610
F00EF713
00F00109
0CFFEAF5
EC2E1703
EEFD1E14
12F60C02
FC010209
F3F9FEF3
ECFF1D0B
F5FFFDFF
04E7E9E4
0AF9050E
1413F915
FE030AFF
16EEE604
F70903EB
0BF6F6F6
0C0705F1
FF09F0F8
03F601F5
05F90804
0908FC07
0719FBFE
DDF4EBFE
F2F4F7F2
052611FF
F8011A02
10FDF5FB
EE0E25F3
F6060116
FD010BFE
040CFDFE
1B1DF512
FA020AFD
000FF9F9
EA050BE9
03E8F9EA
FC210A19
F509F8F3
0400FC17
00F4EEFB
0F0205F5
FDF6F610
10FF0E09
07130707
F6EAF809
09030807
1F1C060B
D5F202FE
FDFDFAEE
FB09270F
F7FB0E14
FD031105
2103EAF6
FEFBFF13
02040DED
130C0510
F9F5ED05
14F60403
FBF4110B
0CFC0EFC
FFFDFFFE
FDFD06F6
FDF6F510
F6E90904
0404EA0C
E9E6FCF3
03EAEB02
0111FAF8
04071301
05FF2B03
090AFD11
FFF3FD02
F5FEF2F5
E8E1EDF4
FCFBF6E5
F11303F9
F1EDFA12
FFF8F4FB
F2E4EEFD
EAE8E8F2
00F7FBFC
FE0EF2FD
FBF4F8F5
030607F7
120AFF04
00020302
FCFB03F8
08F8FB08
F7FFECF9
060B01F4
F3011206
1C02F409
F4151817
0EFDFC00
11F40109
1612020F
FA040C05
FB0CF7FF
FBF3FA03
FF180409
F5F70605
0A00E7F4
E400EEF7
F3ECFAF8
F7FD03F2
F5FDFAFA
FCFDFC04
FFFEF904
FBF0EEF1
F5F4F6F3
F1F7F602
F5F9FFF8
0104050B
F700FF02
00FAFB02
F714F412
0D030DE7
26190722
EEFC10F5
F0041BEF
0DF80116
F9E70D0C
0C120BF7
F8F9F7F8
01FFFDEF
07FD0C05
061C12F7
050EF119
19120304
FB18140C
12140603
F3FF050A
FEE4EBF7
2CFDEB22
FDF2F50C
F6FCF0E3
E6FD0AFF
0B220DF3
FB0E2513
020EF3EC
F4EEEEFF
0AF606FB
FB0BEFFE
F5F70A09
FAFBFF03
F7F9FA0D
F2F1FEFB
00F8FD02
011AFE02
0302F80A
F5F9F4FF
EEFBE3F6
F1F5FCFD
03FCE6EF
02F802EE
FDFCF914
F70F06F3
0005F4F7
12130E05
EFFCF7F4
FCEA0DFA
EEEEEAFB
0FE6F2F9
F113F60A
FD020BF5
F7F9F7F6
F9FB0D00
120C0A01
F5FB02F9
FFF7EDED
F8F5F009
0B0904FC
ECF60E02
F9E90204
F5FEFB0D
FEFCF808
FFFEF9F9
F4E3170F
F2FC0511
FA0A0CFC
06FF07FC
FAFDFF07
FD071101
0E050CF1
F6F11C11
FAF4F10C
F8F8F2F5
F5F4E6F1
FA030501
18100904
080B05FA
E90630F8
04F20F19
F50BF5FB
F8000CF7
11FDE0FF
FA05F7E6
071BECFB
090D1710
0A13F813
012512F9
F30105E9
F2F8EFEE
F8121A06
1DFEF7FF
FC2901FC
F9FA02E7
DEF2EFF7
030000F1
08F0F9F7
F505F6F0
0B0EF7EC
0407060A
FFFA0CED
070A1435
02F4EDFA
FD1306F6
02F9F9FF
00EEF4F4
0B08F80A
EE060C12
FFF701F5
FA0BFBFD
07F9FBEC
F9EE0319
ED0AEEF2
EFFEFFFD
FAF406ED
F312020F
0B0602FB
F7110A11
FBEBE5EA
0DF60102
F6DDF303
F61CECEC
030F15EB
081029FF
F7F0F3E3
01F6F915
FE07FAFB
F00EF3F4
1CFEF0F9
F6F20A04
FA04F3FF
F8FA13FA
1404FD13
FEFDEFE0
0AF501FD
F505FCFC
150F02FC
1015080D
0B0E05EC
1219140A
1117F302
FCEE0806
F908FF0C
08F6EE05
FEFAFEEC
0DFC07F8
160F1619
F8FCFE0F
F5F500E8
FFE8EAFE
0602F70B
17FC09FA
F7FB0019
F9FBF4F1
1804040D
060D0913
FE01F4FF
12EDF9FB
06FD0913
01F9F807
F90BFE0C
05F307F6
FB100511
F2F7EDF4
F3F800EA
F2FAF80F
FA110800
F8F301FB
F1EFF5F5
0300F208
FD010904
FCFEFC09
FA08ECEE
F7FF0DFF
130DF3F9
F802F6F3
F0E612F5
15FC00FF
EE05EFFF
FCFAFCFE
FDF205F8
F402FFE8
FD03FFF6
01FBF810
F7FB0BF9
0200EEF5
FCF8FD08
080CEDEB
F9F51716
F506FCEA
0105F9F6
33010F13
FFFAF421
FE08F6FA
F0E9F901
F4F9E3F6
0315060B
05FCFEFE
0AF4F9F7
F705F301
FBEFFBE8
0702F619
F4F7EAEB
EA040E04
04E8F7FA
FAF6F8F5
000FF9FC
FEF703F6
05ECE7EE
EBF704FE
00110E0F
05FEFDF9
060019F4
01F10F15
07FFFF08
F309FEFD
EC010004
FAFF10FA
0A04EC04
FD1207FC
FCE80AFB
F5EAF60E
F30109F3
16FAF51A
EDF50720
0E15F9F3
03EBF3F7
FF21D1DF
0FFE09F1
FF0705EE
0208EAF8
191F20F8
FDFF10FC
11FE0120
06F1040B
08F6FA08
24F8F317
02F8F309
EFE7FBF1
FD06F8F5
0707FCFC
120F02FC
F2F8FD09
FCF901FA
FEF4FDF9
02F5F011
EFF0F501
EE02ECF8
EBF603F9
F8E8F7E3
FC0CFBEE
F6F006F8
F102FB0F
0FF704FD
EB01F0F6
F4FA07F6
F7F5F5F2
0707FEF5
1207F400
0EF8FE01
01ED0202
0C0CF10E
15000916
0AFAFF0F
F6160D02
FCFD060D
08F80003
F7EEFCF7
0002050A
09011CFA
0821FE0A
0EFAFBFE
FE21EAEE
FC06FD00
0A0E05FC
0FEDFDFE
F212FB0D
F4EE0311
FDFFF80A
0B0806F5
F604F604
F9FE0602
F8F90F15
FCF8ECEE
0609FEF1
F60208FD
000605FA
F1ED0A03
050006FD
04F30E0B
040DF71D
141600FD
FA01110A
ECE8050B
06FDFDE6
F705F8F3
FAFAF4F1
07000BF3
FCFBF402
00F6F503
0402F5F3
FBFC1E11
F8F6DD01
11050C00
0804FCF8
E8FD111D
F2F613F4
04FF1705
0A05F8EE
F1F500FA
F11DF5F8
120514ED
FC2DF511
F0EAF8EB
04EF03FD
F805F8F9
F6F6EAEE
02090EEE
FFF0FE0B
1EF7F0F8
FD0AF8EF
010D06F3
0CECFCF2
FF18FD1A
00FDF100
02FFFA08
3108F207
FE02E6FA
010A2A05
F809FD15
F2FE00EE
F10B0F18
EEECDEDF
FF1505EF
0B09FF15
FEFAF001
0609F4E8
EC1A1B0B
F6E7E402
F9EE01F6
06FA0605
FFF1F3EA
F3FF0101
FFFF0FF9
FAFF0910
01F0F0FE
FA2B17FE
FA10F5F8
F441E40A
F1F60BF3
20090208
FE13000C
05FDFCFD
0AF8FA05
1A0A0A07
F3F6FE09
F1FD0D04
03EFF2EF
F505FDFD
FE0709FF
08080B00
090BF4FA
F804100B
F5000E08
060E0209
E60B11ED
1BFAF512
08041700
00EFF707
000AE50B
020DF40B
0FFB1DFD
FE09EC05
06F81015
F8E90111
0612FFF6
06101912
F804EE05
06F810F6
0C080BF7
F3F9EC02
F9FAFB00
08EF0F07
190AD712
FB050925
F6FC03F2
FFFC0026
EEF406EA
0AE0EC02
FF000405
F71C0E14
FCEAEEFA
F8ECF4FE
F623FE0A
FBF91200
03FC150E
F507FB08
07F5F8FF
FAFAFF12
FFF70709
F0F001F4
E8E5F119
FA0605F0
FDFF00FA
03F9FEF8
0804F903
E82506FC
EFF9FEED
0205E7EB
F6130D00
06000AF3
17130513
01E204F0
0404EFEE
2206000B
FB0EFEFC
00090711
FF000302
10F1FCFF
0004FE11
F9F40BF8
F9EAEFEC
00F7F7FD
F30B01EE
0A0906F6
F1F80700
070F05F5
F9F40B17
0C0B0105
031013FA
FDFEFDFE
FBF30E0F
EDF4F504
02F804FC
0A110A08
0414F915
F6F81417
F7E4F6F8
07EEEEF9
090E090B
F3FE0C09
FFF4F106
F4F804F7
ECECFEF1
F6F1E91F
04070701
F208FBFD
FEFD0A03
1C0109FF
09120202
0303EA03
DFF9F9F6
F5EB01F6
F7EFF808
FBF4F3F5
FDEC070C
0F08FFF4
FD1C0B02
040113F9
01F306FB
FC0CF9FD
13FBEF0E
F5100AEF
F7E1F8FC
1A0CED02
0602FF0F
F20B0606
E7ECF3FC
FBF5F8F0
14FC0B0D
08F6F600
F2FEF7F1
F7010E04
15100415
F4F2F50F
F8FFFF0B
F6FAF1EC
07FF00FC
0DF2E5FE
FE06F9FF
EB07F6E4
FBF20D13
09F5F7FE
0506FE1A
01F2F003
04F4FDFE
1604F00F
03FEE60B
F5F9FFFC
0C2B21FF
0A080E1E
14150A00
FDF92207
0AF10BFF
FAFB05F8
070B0D0A
00FCFF18
FDFEF612
0C12F7FA
F9021501
0BF2F1FF
1B161D04
F9060D19
160BFB04
F809FA05
EDFF1B1C
EEF8FEFD
1507E4E2
00FEF203
EDFEECDB
0C0C1C00
FFF60AFF
E7FBFA02
FF0BF401
06F3FE00
0821FB03
FBFCFE0D
05120CF6
F724FB02
F6EE07FC
ECE6F9FF
F0F606F9
F2FC0606
100B0A13
020D0507
F0F3FC20
F60503F6
FF070E01
FAEBE6F0
FCFFF8F2
0505FAF8
F7FDF300
0F050C0B
0AE7F913
0BF906FF
EB05FBEB
06110BFF
15EC0203
EC19FF01
04EE1108
F2F70B10
FAF90AEC
0001F7FF
141714FA
0BFB1DFF
0CFCFA0A
1204FE0A
F3F703F4
100CF5F7
FA0715F8
FEFF080B
1505061D
031BF501
F7FA07F6
FBEDFF10
0B02EA19
F50303F1
F30802F8
FFFEF50D
0908F906
FF0A16FF
F7EE09F6
F4F4F5F6
F7FE07FC
05FFF408
F6EF06E8
03E8FB19
F900EEF4
0106F0F9
FBF601F6
F0F6FE08
130D03FE
FD041602
0205F614
16FE0200
040DF5F9
F50709FB
F303F304
F1FBFFFE
08EEF9FA
F20BF5F0
FCF5FFED
02FA0EFF
10FDECFA
F0080F11
FBE50200
F306FFFB
FEF61C05
FBFCFAF9
0CE9FB0D
FB0FF7E7
F4F40BFC
0EFDFEF4
FEFA0B10
0F0C0C02
FA04F709
ED02E9F0
05040015
0A0911FB
EAFD0D0F
F40A15FA
ED00FE08
F2EC06EE
FFF6F8FD
FBF3F0FC
FD06090C
1302F710
04FEF0FA
080EFEF4
02021317
0BF8F308
EDF5F1FD
03FD05FE
FE0C0E0C
2400F8F9
F6E9E516
E908FCFB
0815FD00
FA131FF8
ECED05FC
FC020BFE
0B080EF9
E8FFEF0B
0BFAFBF8
ED0800FF
FEF7FE0B
09FAF900
0602FBFB
FE1000ED
1DF71201
03141B08
06F7E8E7
EC0F0C07
01F9FA13
EFF3FFFA
F9040900
FD05F6FC
FAFD0C00
0F07FC0B
081D0901
EFF233F2
F3071F10
FAEAF903
FF0AFCF8
E4F90E07
1A1200ED
FC080404
03110DF5
F7FBFD06
1104FE10
0D030BF6
0E0DFF01
EB08FF06
1616FDFF
001019FC
04F00B07
F7F40C10
1016080B
F4FAF5F5
18F40A10
0202000E
0512050D
FB15FF0D
0B1320F9
140A0009
FAF10DFE
FB02F2EE
00F9F7F6
0504FD04
070B11F5
1001041A
F20313F1
F5FBF9FB
FC02F808
1402F5FD
07100417
E2FB0712
0D1902F9
FAF4010C
0902E6F1
F7FEFD0A
12EC00F9
09F5F400
1F190306
09FF0025
0FF9F8FE
0E071E16
06FBF10E
0CF505FD
ED080720
04FCEC0E
F4FEFCF9
F8F4EAE8
010D0DFC
00071EEB
FC031C05
000BF50C
FA160814
FF0811F6
F90F14F1
10F50DF3
030F05FD
FF09FB08
F6F6FCF9
FC0002F6
FB03FF06
12F42214
15FC0013
FAF417FF
FA04F90B
ECEEF201
09090BEB
FCF7F3EF
0BE1EE1A
F0F0FCFB
0CEFE412
0B080105
F6F20D08
F6EFEA04
DCE9F40A
FBF9F4E5
0C14120F
F2050005
FEE300FA
1605FE03
F5EF0DF8
F4D9E6E2
0FEFECF6
01F10809
0F0F1209
F904F6FF
09FFF706
EE07FC13
07F2F0F8
030500FB
F40305EA
080AF3FC
FDF70903
EDF4FAF2
0FF4FF06
0D11FA06
06EDFB18
FA1306FD
F0050910
FC0E06FC
1BFF07FD
041107F2
F9FB0417
0CF3FFF4
FF10F7FD
0AF4F200
2203F412
FDF9F007
F80E04F9
F10EFFFD
EF02F1F8
070112F5
FBFBFFFF
F6F81C03
001808FE
FBE8FEF6
D4F2F81A
F0111FEA
05F90511
03FE0F0D
0212FB03
F4FDE800
031FE4EB
F5FEFBFD
F6F8F803
0CFF06F5
F4F8070C
FDF3EFE5
01F7F6FC
0EF9F408
FEF6060B
F7030B02
080A05F4
0CF8F600
13180102
F5E5EF08
FAFF02F9
F6EAFD0A
FBEEF7FF
031C12F1
F005030E
0BF9FFFF
F413ECE3
F70423FF
070DFF00
EEFB0205
EF05FAF0
F7FF0502
F7F6F6F2
F8F4F9EE
060AFFF2
F2F814EC
060B020B
0AFD0A02
EB150AFA
F603F0F3
FF080BF4
FCFC02F8
F2F903FF
0EFFE202
FF02F7F5
00F8FAF6
160C0D00
F9080AFC
E605F8FE
00FA0802
00EE1407
F5FD3013
EDF8F401
04E7F907
F209FD03
FBF403FD
F3FC0208
F6F8ED04
030C04F2
0AE5F3FC
10FCEB09
ECF4F815
16F208FD
08FAF7FA
F705FEF4
04FBFCF1
01FBFDF0
0406FF17
000002CF
000000A2
0000028A
000002FF
000001D7
00000504
00000213
000001CB
0000021C
000002EA
FFFFF9C3
0000016C
000000E7
000005E9
00000134
00000524
00000086
0000012A
0000027B
00000036
00000007
00000234
00000570
0000036D
000001DC
00000375
FFFFFF84
FFFFFF90
FFFFFA45
00000355
00000DF0
0000048B
00000133
FFFFFB03
FFFFFDBA
0000066B
000008E3
00000111
FFFFFA3E
00000308
0000046A
000001CC
FFFFFE16
00000AA9
FFFFFE90
00000024
000001A8
FFFFFFB5
0000047D
00000A16
0000051F
00000189
FFFFFD2E
000007C6
00000423
000003FD
00000452
FFFFFB37
0000011D
0000051F
FFFFFFFE
FFFFFB56
00000280
000005E8
00000008
F2F2FA08
F5E3F004
031204E9
EB140D00
E9FDF5F3
0BF10108
FF0D02E5
0F03F0F2
04EEF8FC
000AFD15
F9FE02FF
F805F5EC
FDE614F5
F4EBFA0C
0EF1FE11
260E0D06
0732FEF7
FCF9FA05
F009F7EC
FFFBF4F6
0A17FB07
F4F4180A
0202020F
F7EA1EF9
F2F1EDFB
0EFDFF10
F814F7E3
2B14F426
0FF61FE0
F61FF7F8
F40015E6
03E9FFFF
1BFFF6FC
F0063012
0C10FA09
0AF80EEE
0500FA12
01ECFEF1
1308FC02
05021903
010CFD0C
F0F3E209
F5F9F3E9
0608F3F0
4301F817
F2F523FD
E9F6ECFF
18FFFADC
14071214
FA05D503
0206F3ED
FDFCDCF2
EBF9F0F6
0A05F903
F103FDE4
0FF80E18
ED010F13
0CFF1215
0301DE03
F2EF0E05
0FFEF50B
000206F2
FBF3FD00
0BF7F404
F6F705F8
0D03EEE8
1DFA04F0
19FAF6EE
F1F9F70A
E6F20D08
10EF0A03
0D0C000B
E4F81D03
0BF406E2
F7FEF211
07FC03F7
1914F402
22150C10
F4141E13
FE002E07
290EF7EE
07F62623
FC060B1D
F90B05F2
13F908F7
07F31126
EE01EB01
0DF80CF2
2206FA0A
0C0709F5
FAF6F4E3
10080BDE
F5FF0310
05160B00
FEFF07FA
FD0BFBE8
FFF506FF
050CEEFA
F21FF1F6
1403EE0A
F51511F7
132D1612
01DFE1E9
1101F2EB
07090823
17E9080A
E2F609FE
0FFAFFFC
18FE00FE
352FFF15
050003F4
2D17030A
02F80806
F5F5FA03
EEFB0F1F
1B03FD04
0E1512F5
040CF202
FEF6FBFF
2916F8E3
F723F1E9
E40F1BD8
08FA15F3
E72C2706
100CFDEB
E7E4F70B
0DFEEB08
FCFB0A19
01E2F708
F2FBF0F6
050EE9F7
FFE9F802
101000FA
F5F20508
1002FF06
0415ECF7
17FEE407
F4E60017
23ED0112
07F5110A
03F8EF02
FC01F9FF
F3E3FAF9
F5FFFA06
EBEAF5FF
EEF7DE09
0209F7EF
12ED0210
0A21FC05
0E0404E0
09FA1900
0B01F503
EEDD1524
EB07ECFD
010409E6
0305EC04
05F000FC
0D0FEC03
FA261CF1
F8192826
ECEAF901
F205F7FD
F60BEFFF
01FFF4E9
0503EAEA
0807F0F7
F3FE1402
F1F3EC00
04FE00F8
060CFDED
10F9F5E9
F607FDEE
1502FE13
01FCFF02
FCF21D2D
FEF00021
FE1418FB
021B0201
ED1117FE
F2E4F6F7
FA14E8E5
15F503F8
F2EE0915
F7000E09
0B190B01
F60313ED
09FFF7F9
0926E7F8
F6122CF3
1404DE04
EA00160A
EEF6F0E6
0CF9FE01
EB07F9EE
19EF04F7
FB060618
04F9ECF7
1C0D032E
31F2ECF1
EAF2DFF7
1E0EF906
0A0BF30F
0AF81F12
EF140F0C
F9F8E1F5
0F1903FF
F701FC12
D6FD0DF9
E6DB09EE
F508FDF6
0C2A1507
F4032926
1FEAEDFE
F9FE0416
FEF504F5
0600F8E5
13F7FFFC
FCF90BF9
F415F008
000823FE
FA03F608
DB010BEA
0BF6E8F5
16F61400
D6E20500
FE070207
F4E0EDEC
09FDEEEC
1513FB08
F4F40F22
08080AFC
F10D10FA
0D11F5F3
FCEC141C
FBFCE4DF
060103E7
2E15FF0E
F30B010E
F4F9FBFB
04F7EEF9
DF170CFC
F7E212F6
F5DDF30E
12FD33F5
EAE105F5
F2E4FD05
EC000E09
0C1114F7
EFF70EED
FDFF0502
E808F5F0
01EFF702
F6EB070D
EB04F6F8
F4F6FBFF
06FAFCFD
F911FE05
FCF20409
19FFF80A
07FE0A11
F1E2F4D8
DA000204
0107FFE2
FAF9FE01
FCEC042A
0F08FEFD
EF0CEE01
F60B0BD7
0D11FAFD
ED081F07
FBF602F8
0622F605
FD0604F1
F31004F8
06FC0708
000D0405
F2F6F9F6
10FA0BF8
E3F7F7ED
31F1F6F8
F7F8F919
1209FFFE
F7F9F705
0A0500EA
09091FFC
F7280E01
0304F7F9
05FFF9F3
F00210FA
E6FBE3E9
0AF6FCF2
FDFE0D0A
0DF507FC
F306F700
F91717F6
F6FB1DF8
05FAE2FC
F3FB090D
04F6FB17
010A0400
FAEC15FE
0B11091E
04FD150D
0D05EEFD
FADBF0F3
0A15F1F3
01F8EAFE
05F9FC00
010EF5FE
02FEFEF2
E7F00D11
07160FF7
100B0B06
EDF50612
0DF5000C
F117150B
0CF2111A
FD1502F2
E6F506F5
F3F20AFB
E1F8EEF2
ECEC2301
0709FB0B
06FD24F4
11041206
0400F8F6
FBF40914
01E70B11
0C00EE00
06130A04
EAFA0DFF
F404EBF2
F2FAE806
FE07F8ED
060DEC0C
FD0C0100
0211F7F9
160B0804
1108FE02
05F0FCDF
F1F6F1F5
0108EEF7
FCFE11F7
0506FE15
F40A1006
F713F500
0500F0F3
1B0AFA10
0A0D0EF5
0DF71415
F3F6040B
20FBFA03
E3F00C02
0EE9F4E1
0DE91F01
FE180213
FE0D21F4
0A0B1601
E21CFFFA
03F60CEA
F118FE0E
0F0819EC
0002020F
FEE9000D
FC050AF9
02F714F9
140C131D
121B2220
FFE8220A
19F10303
ECEDDFE8
F404FFEA
FF000901
090FFE07
ECF20BF5
0BEBCDE5
070AFBF6
EA0B0FF6
170A17F8
F6EBFC0B
EFE5FDFF
0DFEFE19
F9FA15FF
12F910F9
061F1418
04EEF218
F90203E4
00EADA01
02E7DFEA
E61428E7
FF270E21
07F90D08
0D180517
1BFBF805
EDFA0A16
100D0CED
FEF1FFE3
FBE4F50C
F3FEF6F1
18F01808
F5EEFC06
1819F4F6
EFF1DDE4
08FBF803
05F8E739
FD01EB04
17E1EFFB
DAF200E8
FBEE1410
E8F0EBFB
EA0508FA
15E4F7DA
EEF00909
F51CFBEC
FC041AF1
EB080310
04EF0BE5
EEE3F3F9
09ECE3F0
F2020A09
FBF702F7
16F42101
DCF5EE06
FDEDEDE3
FEF3EBFB
FBF5E5F8
03FE10F0
FD1804F4
EDFE09FA
EAD9FFE7
F6F818FA
F0FDF117
EB10F2F5
FA00FFEB
2025F50A
031D19FE
E3E3F30A
06EEE8EF
1AE2EC05
FA0F121A
072BF00B
0AF91401
13101705
FC0D100D
FEECF1FD
F60F0413
F7EE09D8
E3E9F309
08DE00EA
F4FCF60A
F01B1B18
1DE4FBDC
FC2F1026
131429EB
141C07E6
14FDFAFF
F5F6F00B
0119F405
F4F5FEFC
F4070FF6
0217FB0C
0B06F2FF
F601FDF4
1407F3F4
F601F024
160BF012
EEF4F901
12F401F3
1FEA02FA
FD0BE617
FAFDFEEE
07FE0218
142300FA
041A17F8
08040506
0C0C10FD
EBEFFDE9
11EBF8EB
1013001B
F0F11E05
0F0EDB0A
0A0601F8
F90A0D00
F9000E13
FDFB0103
13FC0705
260F0300
FF121F18
FCFCF40B
F5FAFF03
02040102
FD00F4FE
F403FFFC
0134FA0C
FD0D0EF1
EEFBF5FB
FDF20DFF
F3FA06FB
E21408F1
F6020AF3
3027F1FA
160904FF
0B021210
0E08FB00
1BFA2016
13FCEC05
08FCF504
F00F0E07
0F01F2EC
F80DF707
14EA2E2C
01041704
F81400FE
EFFCE1ED
08190400
E9FCF22D
10F8E8EC
0408F70B
1A132A02
FA010415
17F9FA03
E60AFFF6
FE2EFC15
FC0508F2
05FB0EFE
FBE8E8F8
FD141606
03F7FB05
F3F7FF05
EEFAF0EA
1F0B0402
10F40A10
03110401
EE02FF02
EFF1E8FC
07E8FA0A
EE05FD09
0AFC00F3
EFF60C0B
F800F200
0513030D
EFF72B08
07F2F221
02FE00FD
082EF7FF
F2081809
0D11F90E
F403F4EE
F7DE0AF9
1609FBFF
FD19F50C
03EB040B
F31313F8
F1FA39FB
05FD4301
0300EA09
F802FFF3
06FAF7F6
1B1AE9E1
072BECDD
200E010F
0417000E
F6F70301
F6F9F1FD
0203F10C
0B24FF0B
1603110D
FD23FBF7
150C0AED
E5EF1016
28F0061B
0504FF00
F7FF01F1
1211010E
F1FEEF07
18EF1AFE
01F105EC
02F1FB13
06FEF313
F5F3FA09
0208E7F6
EEFF07F6
0A0B00FD
07EAFEF6
FADDECE9
0BFB0AFB
EF012209
07001014
F322FD00
FEFA06F2
FA0DFCF3
082A2104
1D1EF90B
F52002F1
02EBECF8
F40CF407
FAFC08F5
09E5E8F2
F300F8F6
F3EB0B03
0004FD0D
F6090D0E
0FF01505
19FF00EF
20052217
0D0D0336
F31409FD
030C05FF
07F80BF4
0B02290E
0CFC03FF
FD02E8FF
F4FCF6F5
051B0E0D
E900F104
F5F4F8EC
21FAF7E3
F51B0200
F813150A
F40D0704
FCE9FCF4
13F317ED
05F01211
ECF8ECE6
F3FE10FC
DEE71A06
09F50D07
EE1A1E23
EBDA0503
F6F9E5E3
00170003
FB18EE04
E6FCFA1D
030A13F2
FD0D07FC
F60F1B10
00FC0009
0617E40F
FDE604E8
03021A01
0DFFFA33
ECF404FD
030E0C11
F507FE1B
120405F3
FEF3F3F4
FD310404
E51F17FB
FC07F9FC
0D0D0905
0DF2FD0C
FEFAFAF6
F701F80C
09F9F0E8
FE130804
E7F2FDF9
EBF607FF
0DFBF3E5
15100A0B
0AFAE516
0302FBFB
F600F1FB
EAED0EFA
EE09FF11
F8F209FF
0107000D
FBF80113
F1EF130C
0BF1F707
021200FB
F901F2FC
FBF9FE01
01F3F80F
030EF6F2
0C0D09FE
E8EFF9E8
06EDDEFA
FFFB070C
FFEFF008
FDF903EC
F60B08EA
0500FC0F
EFFEFDFF
FB0DF507
06E90500
0D02EAFE
EBF3F1D8
19FDF7FD
F2E1FEF7
DCE9FF04
10FEFA10
12210C05
F10AF0FB
F1F91D08
E8CE101B
02F0F5E1
F0FB061C
FF04E5D3
FAFAFE16
EC031B24
FC08FBFC
E3E4F2F2
0AF0E3F1
1D03FB06
01F3FC12
F104E8EB
0400FBD6
18EAF9FB
D9F40207
F00CDB1D
FBFB01E5
0A14FFF2
EFF4EF11
F820F8EF
1A0B1A27
0FEFE729
F7070606
0CCFF81F
F1F2F302
F5F5E7F3
0300070F
F004FF11
1E150EFF
0209ECED
EEF9F1F3
EEEE0AE8
0AFD040C
13EAF1EC
0C15F701
0515F90B
2313F1EF
0EFCF725
08011AEC
FFFBFE04
0AE9D0EB
E908EEF9
05001307
EE0BD119
FBFBE6FF
FCF6F2E7
0DFDFF0F
0E01D9E6
1205F0E8
FFFDFEF3
0F0C0411
01F6FD09
F70CF4F7
2513020F
08FBEF1B
0DF5FC02
09F1F90A
050D0017
C90BE914
F3F3F3F5
F9F3070B
02EBF4F9
091CEF04
03EB0914
EE11F9F9
FA00FFE8
F9110802
EA0A07F4
F8FC0EF9
F9FD0CF6
F8F7FC2A
150715FB
FAF7FC3B
04FEF7F4
E909FDFA
FBF505F8
FDF64101
F7F3F607
FB04F4FE
EFEF02D9
E9FE02F9
FBFD04F1
0100EBFF
F50FF105
0C0403F2
EEF40204
F3ECF90B
F2FFF2E9
02FBEBFD
F2E8F3ED
FEEF00F4
FDFAECF9
16E4FF24
F7F5EB12
DCE4F1F3
FBEEFEF2
0F1CFFFB
192D02FF
FEF5DCF3
11DE05FC
FBE6F812
1D00FFFC
09F8FE10
1113F1FF
E9F5F5EE
E7F4F6EA
EBE0F8FE
E9FAFAF9
F402E7E9
EFEE06EA
F5020EF8
FB02F92E
E3F2F1EC
FD0B1A27
F80400F5
030CFEFD
2401070B
08140A1B
070EF20A
FA13F8F1
F9EE04EC
04FEECF8
05F3ECFF
0404090F
0B111001
FE011201
F801F403
FDF7FBF5
0DFD08E1
F70A0E1D
FAFA060A
0705E6EA
1002F81B
0D18EEEA
F3FEF9FA
0C07EEFB
02F3F80F
F704F200
01F50C0B
00F305FC
FF02F0FB
06F8FF0E
E0FAF9F2
FAFBFAF2
13FE0315
02FEEA0A
04F0F0F2
01000AEC
061428F0
FAFFFA11
0FFA03FE
FF00FA0E
F7050EE8
EFF42549
0A0AF3F7
001D2716
F5FA05FD
EAF605FC
F90608EF
0902171D
07FEEA15
160AFD03
01122415
F2E6EDFB
FCFBF0F9
F4EDF6F5
E7D6EAFA
F9F804FA
F5FE00F9
04FE130A
F0FDFE0A
FB0115FA
0C07F40B
F5F3FC0D
F406ECF5
19FAFA15
14ECF8E7
F90501F2
19180404
30FA0104
F0EEEB05
F90402F3
0415151D
1A1C221F
18110702
02E6DD16
1E2AFAF4
EAFEF70B
1402E4E9
F5FC00F5
00E0F20C
0700EEF4
020102F0
E8ECF2EF
0C221705
0FF6F309
1B07E813
1DF30313
020C0C09
FF1D07E7
0D010823
150CFC0F
FF0C02F8
E9ED0505
FBFDFAF4
F8E0E70C
0EEF12FB
0414FB16
FC0601F9
FEFE01FA
F30005FD
F402FAE0
05110CF8
FF16F7F7
E1DE0200
DAFFF5E6
00E90800
FFF3F405
E3230EEB
F6F91505
15F8F102
E40F08EC
EFEAF5FD
FEFFE0F3
FDFEFDF4
15FBF00F
F7FCF314
2103050C
081A0323
03FBECF8
F81DFCF4
0606EC04
0F1312FF
FAFE05F4
13ECFCFE
FC1919FB
FCF10504
0D250909
FF0304FE
07010008
0F0DFA0B
01070A02
EAF109FC
18F0EA13
FC19FAE9
FB0012F5
0CF9F8F8
E806F9F5
ECF80DF0
2DEE1605
EA30F0FB
00F610E0
FEF1F001
061DFAF4
ECEAF7EA
0A04EA10
0903E515
F40DFBD4
15F01302
E8FBFF19
E6EDF7E5
0BF3051A
F006FD05
000719F8
39F8F3FD
E6FCF511
EFF5F3DF
0903DADF
0DF4EDF3
E8EE0EF4
FBEAEE0A
E503FAFD
E7FBFA0C
140AF803
EF0700FF
F4E801ED
FEF5F2FE
060EE2E9
26E8FCF9
FCF9FE0B
04F0F9F5
0CFEF9F9
FDEDFEFB
FA06F219
FCFCF4E7
F40EEBEC
2F1AEE1A
1EEA1616
F1E9FC0C
FD2025E6
FB10F6F9
0402F4ED
F4EAEAFB
FBECE4EF
F51805F4
0B0DEAFE
10E4D6DE
00FEF9FD
EEE9EBF9
E912F2E9
070509F7
F1F3F40D
0AF2FC04
F7040103
DDE2F3FB
E4E80C0B
F803EC11
2103EFFC
FA080A01
1714F6F4
02210606
FDEA091E
FA0E0323
EAF1F311
1AF5F6F6
E6FAF91D
0509FDE8
05F9EE1D
F50505FA
EAE901F9
FE05E0EE
F4F305E5
091200F4
00F606EE
F5F4E4FA
0312FAF4
FCEA1508
F4EEE7ED
F5EDF111
100319F7
350C1838
F1EBF2F9
F7081706
00EBF904
07F704FF
0404F9F1
FDEAFC0C
0A170501
04E40905
0DFEF8F9
0012FDFF
0C041605
E2F7FDF7
E6F6F8E7
001315FE
E8FDF90C
0EEBF7ED
E906F708
01F0E8E5
013804F6
09F8090B
0D02EA0C
F2F8FA02
080BF713
FDF5F2EE
171AE307
02F5E3EF
12F603F6
0B1AF6FC
1AE807FF
0200F624
EC2226F6
F2F41519
F40D0704
F6E90A03
05F90120
0B0BF7F8
07F6F207
2207EAF1
E0FA0A05
F9FB0701
EAF30A00
24050FF4
F1FC0004
FD2D0EF5
FAF8FBF9
03F7F8E4
2A0C1205
F1F3FEFF
FC040EF4
EAF6F60A
090A00E8
19102503
0AFA030D
EEF81201
F5E3F604
020CFF01
1A09EE0F
FCF7FA00
03F5ED07
101AFAFD
F9FBFBEB
F90E0AF9
DDFA01FC
E9F706DA
03EE0DF5
04F204F7
0411FBF3
12F7090C
011908FB
0103030F
150D26FF
EBEC07FD
0BF1EE08
051AFFF2
0B080EFA
210A0915
F908FB0C
020CFEFB
FCF3FB09
18F801FA
36140300
0E18FC10
F4301601
021C14F4
060F02F5
FC02D4DF
EDFBFEF0
0F010CFB
06FDE905
E5FFF3E2
180D200F
03F7F804
F9E9FEE1
F90105EE
FB0EFCFF
FBFBFDF4
01000F05
020AFE14
EBF4170D
3002EE04
1AF80724
FBF20021
001205F7
09F0EA12
FE1BF6FD
F30D16ED
EDFA1D04
ED110EDF
FDFC0E03
081E20FD
09ED0C12
05F1F90E
20F10806
0907EBF2
05FE08FC
F0FAFBFF
010C090B
1122FD28
38200612
EC0E0F29
02F306F6
FB1C0BF3
F0FFFAFC
0E15EBFC
0CF7F5EC
F5FC1319
01F7FE1A
1DF1F7FE
FB1BFF00
080202F1
FB0D08EA
20F7FDFE
15200FE1
0DFEFDF8
000601FA
F9FB0927
E6D8EEF9
EBEEF3C9
03EAFBF6
EE1602F3
F10B07F9
FCE7FDFB
01F1FD04
1E26E203
051D0E00
EB0E14F4
EFF31208
11F9F4FA
02EADEEF
F70703FA
F4ECF9F2
0C0E0202
EFF8FEFE
FCFEF7FC
0EEEEFF4
170B131E
FA2B0004
FBFE2905
F80EE20A
021A270A
17021514
F510FC09
0807EFDF
011D0DFF
FE07FA01
0C04F3F1
06170707
FD0B01EC
F3070ED4
FFF5F3FB
0002F40F
E60B02F0
F407FCF4
111D21FE
0A00FD1B
FB11F6E1
FEE6FBD5
F115220C
F9001101
1EE6F7F9
00051113
FDE5001A
F5F5F50D
0BE7FC02
D7F9F508
140AF4F5
ECF4F811
F8E8FD08
F904F7F8
E5F0EAEC
E8E5FADA
1015F3FD
F01AF2FC
EDF01A04
FAFC040B
F509F3FE
280802EC
FF110B2F
F9EC0F00
07FDEAF4
FBFF0111
F3F509D9
F0F7F906
E8F1F6FE
08E3E9F9
F6FEF3DF
E50306F2
FC1309FC
FC201401
EB062210
0307F9FB
05EEECEF
EEFDE3F5
012EF7F6
04F72E12
FF0CFCF0
EFF7ECED
E5EA0DED
EAF3F5E7
03FEFEED
E3F1FEE6
E8F506FB
DFF8ED04
0AF0E9EE
F8F8E5FB
F3F8F7F4
1B09F5FD
FC1DFEFF
0BF40006
FCE1F0F2
02FEE60C
11FB0C1E
F4E2F7FC
16F6F801
E7ECE000
050706F5
DAFD17EE
020A0505
FCF9FA07
E5EA05F5
07DDEB09
EF110DEB
0402F3E1
00FC14F8
1104F40B
F2FA0B19
060420FE
0EFE280D
0BF4E616
FEEFD202
FA11E7E5
E1ED0BF2
02E800FE
F2FF1411
000805EE
11150CFF
07271C05
06EDF0F8
F9F3FE0D
F41006FE
0E06290A
ECF6FCFB
0BD71120
1E0EF4F4
06FB0A04
F9F6EEFB
F9FFEA02
0AEEFC0D
FC0605FE
ECFC0E08
FDE4FB0C
F0F705F8
2BFDF1F6
F3010013
FE03160F
0B08F6F7
F4F80609
F6F6F9E5
FF0001E1
05031402
0325ED0B
F5FAFADA
FEF3F4F4
F917F205
E81EF0F4
01FB1DFD
07000AFD
E5E709F1
170A200A
16160904
08062A1B
12F50322
EC19F4F9
01190CE5
EFF800F7
FFFBF207
25F60B0C
06F4DB1D
04F5E108
F90D23EE
0FF405F3
26F6F914
F0FCEA04
F9E3F404
13F9E5F8
0C0D0DF8
03F40EFD
0CE8DCF8
10E003F2
FAE80315
FE06FEFB
EEF0F2EB
02E7EB11
F9EDEFFC
2B08EBF8
2122FEFF
FF13EBFF
09E4E8F0
FEF9FBE7
FBF9EEE7
FF10FC08
FEF505F1
EBEDFC01
ED110FFA
EED50BFE
FB0B1BF5
FC06E3EC
1A25F4F9
F2F9F1EC
FDF7F9EC
F30B020F
0DF6E9F1
0407ED36
05F6080C
10F4FB08
11E21D0B
E8E0E619
12F5F6F9
01EEF609
E8D8EC17
E900F3E3
030AFA1B
1107F3FB
DEFCFEEA
F9F22E05
FFFEF413
00EDF7FD
190DF3FC
EDE9E1F9
EA02F603
EFE42516
F2ECE20F
141103EC
F1FC0510
FEE7FF01
FBF322EE
0A15E32E
F60FE9E9
05FA1BE3
16360FFE
FD06EFE9
F7ECEDFD
F508DD09
EBEFFDEE
FCEEF1FD
04F4F205
0608FBF3
FA04F1FD
1DEFF716
F902F0FC
1300E101
1101EA10
071B0CF7
D5F801ED
FCE406E2
FA0601F1
E5F9FAF8
E7EE04FE
04040D02
E802F308
0BE009FD
03FCF8FF
F70D1B00
29100228
F10109FA
F4051303
EFEDF8F1
0031E5F2
170F07F9
0FF807F7
E8F8F204
F40BFAF1
F117F1FB
F2F612EF
F5F2ECEE
ED100CFA
ED0A0EFC
2CF8011F
FE0A0905
00EE03FA
F71707F9
080B09F1
F6F9FEFA
1F00FE0F
F00FF6F5
F900FDDD
F7F3EAFA
FF1F08E8
0C19F912
0FFD291E
F5D0EBF6
FA08E4F6
29ECE105
0002F42F
170C0FEE
E9F5F1E6
EE1324F4
01FEE914
F0FF01EC
FCF8F6F6
3224F410
DB00EDFC
10F1FEE9
0C0A0126
07E11612
EBDF0220
F4F619DE
E9EFF301
13062112
0FFFD9FB
F903F828
E612DF01
EDE5F4F9
F4F7F8F3
12F30011
0105EFF4
F60401F4
0D27FEF5
04031214
FD04E2FC
ECE8EF1B
E7E7F9E8
F001EA05
0DE01CDF
EAF7E6F5
0AEEF7F7
131B18FB
2F04FF16
0AED01E8
FC150502
FEECFE01
FB0AF412
1DFEEEF0
0DEBF908
10FDEEF4
DCF5EDFC
F203FEF8
F2E4FEE9
01FCE904
11F80CE5
FEF50317
26E91606
0909110D
EEECF5FF
010201F4
F2F916FB
F0E51320
F5F60A00
FFEAF907
E80B0905
02F2FBF0
20F8010D
0AF70009
F3FF0814
FAFD0005
09F9F601
E7F20CE9
2502F606
0F32F70D
08F81313
200CFC0B
121A1DF2
F1EE010C
0106F5F3
FD210CED
F0EF03EA
28F8001B
0103D706
F5EC01E2
02F4F2F1
FF18FFFA
03060411
09FD1701
0504E604
18210C0B
12061D0D
05EF0535
EFEC1505
19111EE3
FB1F1311
FB0B0201
13F81002
0415F30C
16240209
06180F05
F0F0E9F5
FF021F03
F8EC141B
FC00050A
FF001507
1E150D07
F8EEEC0C
FA16090A
08F70504
F4F40024
F2F90BF1
2A34FE09
FB171CFC
F4E600F2
04FCEEF1
0F1CF8F7
01F41000
FBFE1015
F910F1F6
0EF711FA
00F3EB26
F7FDEEF1
F9F507FE
1015F505
FB04F70E
06F6EC07
09FEFAF7
1111010C
22051300
01080828
17DE0B10
FD0AEA01
0CFC0412
0207F8FF
F7E7F715
0106F4E2
F4F8E930
EC0FFDE3
270D1106
FB0CF001
FA10FFF7
01EBFF2F
FCF4F111
0111FD09
FBF62AFF
D80FEAE5
1D1501E9
FFE020F4
1207FAFF
13F30318
0D010004
051E09FF
1DF50E24
03210300
EFE4F005
FCF81B07
FAFB0A22
EEFA0E0A
15FC0E05
0AF70015
0CF6F8E6
0303F008
EC07F2EC
FEF603F4
E909050F
0CFC0800
021102F4
F5F50507
FEED0AFB
02E2E717
07FC05FE
FAFAE805
01EE110D
160A06EC
EAEAF404
F9FBEAE2
EBF5F9FA
F907E8FE
1D05090A
01F11502
171A0B18
DDF125F9
F6EA02FA
0C0FF9EE
0B1810F6
0600F2FF
04E9F505
F9FF0A09
0A050AF5
0612FA05
E10B03F0
F0E8121C
EFF1F2FC
0E0FF000
EF0F1109
08FB0CF9
25EBEDF3
EF24E5EF
E4E7EBF2
11F80BF6
0DF3E922
07F901F1
F5EE101B
EA03F4EA
07E8F908
F507F3FF
0E391E05
FD042217
00E901F7
F1060AF5
010211F5
F5170910
0F0AF6E9
01FF0CF7
0203F9FA
000A03FA
0BE6F506
FA07FFF6
EAF716F2
01F8FE0E
E101FA06
F1DDFB07
0C09EDE4
25000D09
0524F50B
FD0F04F8
0FFAFB13
F901F806
150404F7
0302FEFB
0FFC040D
F6F2E617
F1FBFDE9
E9EBF4E5
42FDF313
FCF80B18
FD03F5F1
130E02FF
F102F508
0A0AF5EC
050201FB
080F050A
0904FC06
FCEFEB00
02F9FFFA
FAF70413
DEFC0306
10E90100
FF05F109
01020EFA
2300FB0A
040FF81B
F20309F3
0BF7F611
0107F90B
0FFDF2FE
2101F9F8
0DF50502
0700FC0A
F704050A
06F3230E
03F6EA03
0309EA1C
FFFFFEF4
0AFB06F4
060A130E
06140215
FC04F304
1507F2E9
0507FDD6
0702081D
F5F7F9F2
03FF0BFF
F8F9E322
FCEAE0FF
FF0D15F8
12F30E0A
F5110AFF
01FD040B
F2FC12FD
000D1316
FBF6F6EC
251BFC02
0F0DF924
FEFC010F
F006F407
13F2FE0E
09F62CEF
F1F1EE16
021406FB
F60B0CF5
F8EFDE04
2DE7F817
E9E8EDFB
F60700F6
100E080A
F7EF1EFD
1717070C
14FCF5FB
F7FC0909
04FC04F4
FBFA1202
0D10FDFC
F2F30606
FCFBE203
F80209E4
0FFCEF16
0DF31FFA
E5F7FA0C
FFFD10FA
1711120A
FE0C1121
15DCDB01
07090502
0F161510
0C10020C
FBF9FBF7
F2FDEFF2
1103F7EB
0EED0A0F
F5F2FA17
0F0EFB02
03020403
022000E7
07EF0808
25F308FB
020CFD2C
06EE0BFD
FF1EEDFE
FA1E150B
160C1EFB
08F0F0F6
01F8FE13
FFFAF1F5
08F7F7F0
00030102
030407E7
FE191209
F8F40CE3
FFFC0D17
F804FE06
F7F00AFA
0A08F515
FA1A1104
F10FED04
F1F1E8EB
1002FAF4
FDF9F2F6
F4FCF106
EFF71105
0EFEF5FA
F5FC08EA
1E120E01
0AEEF734
1C1E1DF0
0EF6F914
050D02F6
F807F50E
160F1300
F9040708
FAF0F3F6
0BEFF3EF
002BF605
F3041C05
F7030B02
F2FBEBFD
E9E1FC0E
0C1B181F
FFF2FAF3
F6F6080C
F709E9EA
F7FA18F6
19F7F907
0DF9FD06
F9FAF8FF
E7FB00F8
FBEC07FF
26191543
0AE4EF09
14FAFA0C
F1FE0904
08FDFBF9
27121119
EBDA0636
F1EB0EFE
0317FEFF
FB0AEC01
0F1500FB
210AE2FF
190DFC08
13FD1A15
0001080E
08EBF306
FB09EC05
F6F20C00
F1F1FA02
E7E4F9FD
FEFB01FC
0B0DDDF0
FE00ECEB
E3F8F3FC
E3E7F2DA
E30D01E2
E31001FC
13F800FD
0506E4FD
06D9EBF0
F4F4E813
F60204F3
000A02F9
F004F3E7
F40AF8F9
FE0103FE
15FB05FA
0FFFED17
08F1DBDE
EFF6011E
E5EFEEE9
EFEE0BFB
0612E5F8
ED1314F9
E603FDFD
19EFFAED
FB03FB11
16F2FEEF
E4F1030D
DED5EA0C
0B0F0600
00FBFD01
E90900F9
F9F7F303
162600E2
0108FEF8
EEDCE2F9
DCCD031E
E7EFE8FB
EEFD0C1B
F5F703F1
131DF4F1
0BE00EEC
08FAF101
DEECF5FB
14461EFC
ED020920
FDF4F4F7
F0F0FDFE
F10A0C0D
E5FF15F8
0FF6E408
F30D050B
F1F72504
0614E901
E50804F7
180902EE
EF0001E3
FDEBF9FD
F2F4FAEF
F5F8FBEB
FCF80100
1DFE0703
F8EAFA01
060C201E
2A0D0B11
14F5090D
F0F40201
05EA07FB
FAEDF113
000C01F1
10F0091E
F601E9FC
EFFFEB1C
EEF4EF09
3D00FEF2
0B17E9E8
F10926F9
F5EEF0DF
D8FDFDFD
F6E32BFD
24FA0109
FA0A011D
03FCF518
FFFA0E0B
0AEBFAFE
130EDD16
FC170605
0AF50405
0BF6FA04
0AF5FA0E
0DFD121A
0300FB05
0608F506
00030E0A
01ED05EE
F2070416
1611E0E4
FFE9F9E8
ED01E7E7
12F0EDF8
02F901FD
F7270802
04060304
FB080701
F8020BF9
20FDEC02
FF0CFCFE
24F90A0C
FD1EF000
F3E7DFF1
F103FCF8
F4F70709
E5F6F2DF
F414FA0A
05FFEA08
F50614F4
F8F7E8F0
E6040002
FF002AFD
F7F5FFF3
FBFDF4FC
F4FBF5F6
070D0105
1706051A
F3FC0A09
E0ECFF08
F3FED3E5
0607F014
F20600F5
160EFFFF
F2EFFB07
021D1506
02F001F5
11F4F9FE
D6020D06
071BFDE6
2CFE0600
0C0FF1F8
F7F21B0D
F805FAF7
EDF7FCF4
F2DCEEF7
17F7001D
0C000AFA
F7F904EE
12020629
0603FF16
14F002F1
16FD0B12
0EF9E20D
E70BFF0C
11F7E907
EA02ECFF
05E40909
07EDFF20
FD06FAFC
1B0BF707
E9000715
02F7020A
DD03F2EA
0C040222
F0FBE9E8
08EB11FC
E802F4F5
E8F21BFC
0907E116
00F718F4
FFFFED1D
E10CEBEF
02FA0100
18F7FF06
FA03F504
FBE7F9F8
0109EDF4
0D0313F1
0911FEFB
0CF51512
F006ED07
D6E309F6
EDF7E3F9
01F31FFA
EB02E714
EDF71417
F1E0F8EE
F7FCE8FC
060C1014
13FA0AFD
03180B16
00131714
02110BF1
05FD0CFA
F4030504
ECF2F9FF
33F700FF
FE170905
0409E812
0ADAF208
0109FAF0
201F1C08
EAE7E316
010617FE
F2D42720
06F8EFFA
F20F00E2
01EBF903
07F7E6F7
FEF6EF08
1300F8FC
FCFEFA01
F4EBF1F6
F8FB0400
FFF1FEE3
10FA0E03
0602E813
FA161611
011E07F3
FDFBD0DD
03D2F0EC
FAF7F3FA
EEF30604
0CFBF212
F806FBF2
3BF91205
ED110103
05151C14
FD00E600
FF08F6E9
060108F1
F201F9FE
F406E5FF
1100FAF4
18FE1AF9
0CF9FB14
F5260FF2
F4110106
1C1208EE
F10DFC08
0E00FDD9
1B000801
1D00FA11
FF0BFB14
16F601FC
F5E5FCEF
D4F21501
102108FC
000AFE0F
23EC140D
071701F6
FB040706
271FEEF3
12F8EA22
1A0AE809
FB160A00
FCEA1011
0AEFEDE9
FFF2120D
F2EAF4DA
0AF8E9F5
FF090A06
001515F4
0FFEFAF8
F81AF402
EE0AFE07
0003FD07
FEF7F3F9
1804F4F0
0C02F9F4
1AF40316
D7DBFFF0
0A0B0509
FCF516F9
F6EA03F4
04042417
F4F5160A
1BF4E5FD
F8FFF809
12F60010
F62810E8
0BFCED02
07ECF5F9
11E5ED17
F3F8FAF1
08040B00
F401F403
01F7ED0D
FFF8E3F7
0DFCE9F4
1221FADD
030D061F
000EF90C
E21E01E7
FAFCFFF5
0CF716F0
04160DFB
222FFA15
FCFE0303
030E06FB
E8FA0100
F8F2FCF0
FDF6FD0A
08FFEAFB
0BF8FEFE
0BFA0D1C
F3FDFA07
00F4F7FD
1CF506FE
F6F20B01
FE0A08F1
01111A04
F8F7F61C
EFD7E602
FD03F7FE
EC02F900
FD141BFD
0902F805
040AFB1B
160BF5F8
050B1306
F8F6FC0A
F5F8F4EF
ECF614FF
F5EF00F0
FB331E02
09F609FF
ED02FFF9
080F09FA
F604FBF6
0D19FB09
0CFB0D23
FC10FF03
0601F0F7
F10704F9
E3142DEF
03E32310
10F2FAF6
FF05E7EC
F507F900
FD051DE7
100622FF
0E14F905
FEFAF505
270C0AF6
1BFDE409
F0ED1A1E
14E8EEFB
07E7E301
0200E116
E9000D10
04171BFE
00EB0BF9
FFFE0313
0108FDF9
F8F601FF
08E5F1F0
1712EC20
16F5EF08
0C0834F6
F901240C
F1EA12FF
1A1AFA03
091C1605
1509080D
0C1C09FA
1409FE11
10FFF509
F7FF01F2
0DF1E7E9
07120404
F9010800
FBFDF6FF
F3F2FCF0
10E8ED02
0D04061B
EAF8D5F4
02FDF2F5
010A0CF7
E9E90525
DBEFFEE9
29FBD3ED
10FAFAF8
0300F2F3
E0F1F4E3
05E603E8
14F8E6F6
F50308FF
2114FA08
0C0004F4
F203F009
FFFBF6F5
15FAF1E9
FEF11312
1107EEF9
DEFAEC0C
EAFF0EFF
EEEEF30C
14EDFAEF
1502E912
FAFC0907
E2E60507
FBFC0B0E
251E00F5
F2082BFB
E6FBFCED
E6EFE9F4
04F306FD
E7D5190E
F7FF19FC
04F5F913
FCF7FFF8
08FCE9F0
F7FBF0E0
FAF1FC08
EDFB22E7
FDFE0503
F3F6020E
ECF1F91A
04FF030D
EDF2E1EA
F0EE0108
F81CEF0A
EEF308FD
12F90107
F607E0F8
090B2412
F1ED0A01
06F72703
ECF9ED07
F70D1C01
F5EA0F0D
ED0C0C02
020BF9FA
0AFAFAF4
04F60806
FD11F603
FDEFF1DC
02F30B07
041707F4
09191205
03EE08EE
FCF3F601
090EEDF6
ECF006EF
0B00F80D
F811F5F3
F5FBEEFC
11FC0CF7
F80F031B
EBF90B0A
F2E906E4
F7FE030E
09FA02E4
EEFE080D
1AF6070A
0F10F40F
F8E4010D
00020516
18FEF3FE
06EEF412
F509E4FC
FB0800F0
14F009F8
F9092607
16FB0400
01020F11
F5FFF807
EBECF200
FAEC1905
FCFAF3FD
FBFD1410
FCFF080B
020E2D07
F9FAFC0C
08132D09
FF1518FF
01EAF1F2
FA040EF8
FDFF01F6
010706EC
D70301F4
EB14180A
06F900FF
F808F417
000EFFE2
EA020AF3
06FBFF05
EDF0EA07
1FECEEF9
FE150B13
02ECFFE2
F7F5F01A
F1F6F6F0
FCF729F4
FBFDE807
0101FAFA
EE131801
F902ED07
F9FDFDE0
FBFB0216
E4E9FAFF
EEF603DE
01FC07F8
1F01F1E9
FA20FE1A
0701EA03
0BFE0EFC
FCECEB06
0FF1F814
070C00F5
07FAF502
F60D0CFF
08FEF911
090801F9
E106E9F0
02EE0301
F9DD0906
0CF8F918
01E801FF
FDD710FB
06FE0402
2B05F80A
032916FB
F104EAF5
01FC02FD
F1F80625
F9F0F4F2
EA03F902
0A0BFBD4
F4100410
1B190D1D
FCFF0DF8
0B0DFF0D
F7FD08FD
F3FF23F9
FA08E1F0
ED0212FD
0410FAEA
060A11F8
14080E08
F9F6090F
040CF6F1
150E080D
F1E5F3F0
FCF7F7FB
0D050B1B
ED04F3F3
13FC09FE
0E02121B
E4F7000D
FE0D1109
0501F01C
F7F30706
FE12E005
02F402F2
F50C04F9
1D020310
F80EF010
08ECE9FA
081A0908
FDF4F9FB
E5030A05
03F9FEFA
FDFEF4FC
F9EFF5FF
0CF8EA0A
08041EFE
02F6EF0A
FA070AF4
17020C1E
FAF902FD
0E08DEE9
F3F81414
F7F1F501
FF04FCF2
06F60E0C
05F7F50C
FE08FC02
0D0CFC09
E5F3FA01
0CEDFB08
FAE313F6
F5F6EEFC
00021011
09080EFB
081AF00E
040AFCFE
0202F6D9
13F401D2
FFF4FBF3
F5F80903
05130715
F0FBFF28
F2FF0600
FDFD13E2
FF00FDFC
DCEFF9F1
04F4FAE9
FF2A08F5
F3F624FA
18F3FF27
10E9050F
04FC020F
02FF0EEC
04FEF60C
E20611F9
0A040C1E
E600EC0E
FF0803F8
1E01FDF3
052BF4FC
02120801
E9E707F1
F3FCE8F4
FD0F010E
F00E030D
040B1A0C
13170504
F4120AF4
FE0C02FE
02F9F2F3
030700F0
EC1A0304
0BFB05EE
090F1FF4
000814F9
01F5FE12
0E02F9FA
10F1F9FF
27FCEC24
FEF8FBFF
080C0AFF
F2F0F62B
F51E17FF
EDF4FAFE
1723FE01
F6072A03
FB1613ED
15E40417
F8F1EA10
E2F90801
111811F5
1C18FA02
FEFC0401
2C09E702
DA14E60F
04F7FEF5
F2E71E02
0DEDECFF
FDE1F907
1009F113
F9F7FBFD
F3F3E6F7
07E4EEFD
ECF8F5E7
0CF9FF0D
160715F7
1E01101C
F6FAE2E5
1A191809
F7FB0AFC
00EAEBE8
02011001
E9E2E1F8
21F000F6
DE020102
010014E8
12EFF7F8
0C09E4E6
FE00FFF9
03EDE7FF
0AE900EB
010F0801
0BF6240A
0B28F909
07FD00F1
28EA1208
2A191931
ECFAF415
210B0905
FEF1F508
FB11ED06
F40C1014
FCF5F6E2
F7F2FF08
0204FC0A
FBF21519
FEE4FF02
F807290D
F60D1A0E
01190E17
1D0F1BFD
0C13EDF9
ECFF18EB
03F9E4FB
FE02EBF6
03F5F717
FD14EEEA
FCFB07F1
01F913EF
2129F802
FF100B0C
00F20806
09F4F4EC
F7F1DDFE
07000DE9
0EF00417
E1DAFE01
F10610F4
F8141FF2
F70505EA
FCF80C0A
111BEFFD
02022804
F3FDF50D
021B0FF3
E6F3FF01
020B0BDE
03110FFF
0C03EF04
0EFDF6F0
F70EDFFD
F50F02E2
F6E8FF0D
09F2F707
01FFF30C
FA010C2A
0FF1F7F9
06E413EF
040CFCFB
08F8F4FB
0D0A02F4
0B080B03
11F205EB
F507F50A
FA081AF3
10FD020A
05ED03FC
0E0AFE13
FAF4E3FE
0CE808F4
F305F72C
FD10040B
FC0503FD
180012FA
0C050608
F5EEF101
15070BE7
070FFAF1
1C15FF10
25001202
F41103F9
FDF00707
291700EF
05090102
F9F8120A
11FAFA08
060606F7
1B0CED04
06F1090E
FEF60309
0CFE11FF
07290204
08FE0B0F
E5BE0E06
01FAF1F1
15040500
FDFE0B21
0715FEEB
0BF9F900
F3F10E07
EE0FFDFC
09FB0113
F81AFE08
FFF6F8F1
F8F9F108
27EE1620
F61B0A03
FAFF04F2
14EE0402
F0F1FD07
EDEAF2FA
050616FF
00FCF90E
0D01FF14
270AFAF5
04E8F306
F91D1CEB
19130514
E3FA08F7
FBF20309
1BF40316
0A2BFAF2
E204FD08
F8F6F2F2
EFF2EA0A
F411FFF3
0BF2FA13
100CE9FE
14FDFEF6
F806110E
07E0DDF9
FD111A0C
F7FEE603
FADBFD25
F709F9F9
080C0209
05081BF9
FB0D0CFF
F9F7F3F7
F70113FC
FBFFF1F0
F902EA04
22F8040E
00F9FCE9
E4FEFAF6
02F8F1F0
F705F904
010902FB
ED10F7F9
F901FAF3
F002F80B
FEFFFE04
FDFAF2F4
ECE7FFFB
FCF4F3F3
F305FF00
FF00F7F5
F6050AEB
16FBFBF5
03FF070D
220F010B
091401FE
0C030604
F10D0B03
02FD0101
06FC0011
E2010112
F202F2EC
05FCE5EE
00E3F113
FEFAFD04
F8F9FA0B
04FE11F2
F9F9EFEC
F513ECF2
F3F60CFF
2CF52124
FDFAF715
FBEFE508
FD09F5F1
1200F90C
E8022901
1AF0EB02
171D0C15
040A13FD
E2E9F1F2
FCFC01E1
0AE200FB
0302E0EE
FE20FFFD
4D024409
FF1CECFF
081C0F01
FCFB073E
31150629
0134F81F
EFF0F4F5
F7FC01EA
FFF60908
E21B0EE7
2B1B0613
0E07F90D
EEEADDE8
FE1BF3E9
16E4F618
F9EDD5E7
051320F9
08D4FEF2
0019E7F0
27EEF401
F703FF11
F906FED4
FFFC1AFA
E5ECE209
E60203EE
06FA1FF7
F1EE01FF
0213F811
04EF0B18
05200B06
E5FFFFED
09EF00F2
E0E9020F
EC0C0E00
0BE714E9
FD0BFC1A
032402E4
F9EE02EB
F4F9F316
EBF000FF
05EBE6F5
0904ED06
F00DFEF3
EE040A03
E6EC06D7
D4EC00DB
E4030807
06F8ECEB
EE2F02FB
F415F506
F904EFF0
09F7F7FA
F8FF1213
08E000F7
F2F6F801
F413FC02
EE02EFE8
FEF906F5
08130704
EAF40CE5
0E0313F7
0AE6EB02
FD0FFE19
022306FF
19FF0216
04FCFC14
DFF7F8F6
1D01F703
0503F907
FAF8F7DE
F9091610
E0E0031A
E6EAFBEA
F8FBFAF0
E5FDF4E6
07080CF2
03FAFEEB
FE07FFEE
20F416F2
182306F0
020D10E8
090B0F0C
1E03FBFE
E4151C08
FA10ECF1
FC120D0A
0A0A2818
04EEF8E4
EE00EAFE
F9F8FEEF
F2FCF4FB
FAFBFAF5
F4090EFC
160201F7
FDF50807
2BF61F27
F3EC0D04
090AFBFE
F0141207
1A0AEFFE
EC0100EF
FE02F7F0
11140C00
E5FBFC03
00F3FFE6
1911FD0F
F8091709
0E08FBFA
0B16040F
06F00302
08FEF6FF
F91200FE
10F8F2ED
FCFC00FE
131510F9
F50B09FC
040BFB01
EE04F00B
01FCFC06
1605111A
FAFAEEFD
0EFF0C02
F5050BFF
11EA010C
110E0511
14FD05FD
051C0007
F30A2146
02E7F2F0
FEF0E7FE
0A110505
0DEF1409
06041C08
05012712
10E5ECF6
112701EE
FFF7E508
E6DAFDDA
F9FDF8F2
1C15FC19
E8F4FFF2
18F518F2
FC050712
EFF8EEF5
11ECF9F1
21FDF7F0
F7FAFCF4
06F4F1EE
DD0B1406
EBE9EBEC
1A1719EA
F8FDF305
E5F418EA
FFEBEC10
F203EAF4
F2E01B00
F517F30F
0FFFFA0D
F9080AF9
0B1202EE
011309FA
03FA1FFB
0A02F906
FF020607
F2ED01ED
150D05F8
05FEF8F9
1602F2FE
F30AFA1C
F91F0BED
15F13811
1C061A42
23F3E6FE
E3F70F0E
ECFBEEDA
F4EBF2F5
1513FFF8
FA232B24
FCF0EAF3
F71502F7
FCF5DEFE
0C060004
F9FE090D
090D050C
EC0417FF
F30F05FD
0B021EFE
1A04F309
031809FA
05FC0BEC
FE110C01
F1050109
F1010EEE
0302F5F3
0712461A
F5F81AF3
F3E9ED0B
0304FF06
FBFCEE06
FC18F7F0
E8EA0106
FB0E07FE
F2EEEF0A
0DF9E1F6
0F14FDE8
E50AEBE5
E81DEFE6
F9F1EFF9
F10AFAE6
EEF2E706
0C04FDFA
F60815E7
FA18E9E2
0907F7F7
00EF09F5
FC03EB01
F5F517F9
FDFCF20A
05F903F9
0A1B11FB
08F20609
FDFFFF00
01FE000B
F9F9FF10
EDE9F1DF
F4F6F500
F4011A05
F505FAF3
FA0404F7
FB01060C
1108FEF2
0613071C
EE1A1006
E511FAFB
FE13F1F0
E60E0118
F806EDFD
F7E90203
07E9F810
FBEF1511
F6F2E615
14FAFE0E
00EAFFF8
120FFBE4
03EBEEFA
260FF113
F202F20F
F6F811F0
04F60100
F9F5030D
1DE9E600
F8FFFB0C
FCFD0605
0AEFEDEE
1F1C0EFB
F23CEBFE
FE0F1FED
F6F4141A
F6FB0EFC
0514F807
1B04F905
05F4F13D
E500F2E4
FA080A11
F7ECF70F
F6F401FA
0313F90D
0FFF0500
06EEEC02
040BED04
FAEF05FE
F4FFFA00
F6050D05
071206EB
EFF4F405
0A030F0C
0C080D05
E6E6F010
FD09F5ED
F6000BF1
EF0EFFF7
0103F7F9
0E05F50C
03F7F708
F603F8F4
00FAF4FC
08F902F1
F6F3FC14
030EF7FB
FEFA0917
06FCF400
01F6E3FC
07F40500
F419FB01
0A0702FD
000F00F6
FD04F00A
FCECF702
F50802E9
0D00F3F7
FD2209FD
13E5E604
EBE8F2F7
EEF913F6
F1F5DD05
FE09F7EB
130EF8EC
E307FDEF
02F70E02
F2E90BFE
0BFDF9F6
FC00FD1D
D3000CFD
F00AFD05
ED0C01F6
F20903EE
EFFC3BF6
0611100E
0DE915E8
FBFA15F6
FCFE2809
0421E9FE
2604F407
E9FA0610
0113FBEF
010A1A19
FD04F8FD
F9F3FEF1
F20614FE
0DEEFD22
D7FDEF17
E9FD0AE5
FE0CF5FF
EE080CFF
F8E9F6F8
1405E0EB
FA120504
07FA12F5
2AF5F427
071F0112
E8FB07F9
FE0104EF
FDEFE4F4
F606FD05
E7DE0906
F7F2F7DC
030DE605
EFEC0004
F112ED03
FAF8EFF4
FCF5FCEE
081BE9FB
FBF50DE5
00F1F5EE
EFFBEEE5
01F4FB08
F1FAF2FB
00EEE6F5
FF0AE5EA
FBFEF9E3
05F5FDF4
FFFFE0FA
EE0101F3
EE0716FE
F7FAEC1B
26F5F10B
030B1612
0EFDF114
0912120D
FAFDF2F1
E4F8FD01
19140B0E
07F42225
E8E8F702
08F9170C
F6F216FC
F0EDF2F8
150BF7F2
1500080B
FFF5F5F8
01EC1219
FB0502F8
EE13F1FD
F4FD0605
101412F8
0702EE04
DFF200FC
F3E3FDF0
11FC0009
F7012820
E8ECF606
EDF5F3FE
0412FD12
ECE0EEF8
06FEFFE9
10031A18
F602FBEA
16F80FFB
070BF1F6
280D06FD
18171F34
FC04EF1D
FC04F3FB
F303FFE3
0F000114
0B030114
F90E2F06
14082824
0C0006FC
17F8E6FD
0E08F026
FF00FCF8
FB04FDFD
0FFE0E1A
FD16000F
190D0DFB
FC161303
02121003
F6F60808
EEFAFF08
0C1201EC
F30C3206
0D090405
FB0AF405
04E9FD01
FFF4051B
02E6F4FF
0A051006
130EF519
FEF30EEF
051604FC
FDF70016
07F1FCFA
0EE1EEE7
F5FA1311
E6F3FBF6
0517F0EA
17F40DF1
FF001514
181F2C1E
1D1A0B11
ECF7FAFA
F702F80A
F51901F8
041E28F6
F30B13F6
E1EA1A0D
0BF9FDE6
FE2A01F4
02EFFD1F
E002E3EF
FBFA14FB
0501FA04
00FBFAF9
08020F04
03F9FB15
F60A0806
FBF4F9F9
0308F3FC
36EDFA2D
0925F7EE
FB1601FD
01F6FEFE
0AF4030B
040DFB00
01F5F4F8
0104FEF8
040EF8E9
EC07FFF8
FBF0F4EE
0701FEF9
070E12F9
1006040F
18F6FDF4
FA010101
FCF70714
0D14F4FA
FD10FBF6
EF00ECF1
15F10800
F70FF312
070710FC
F6F9F52C
0C1323F2
EF0E0B14
06E500EF
352026F0
0E0C0507
F2FF02F9
01EEEA0D
04F003F2
FDF2F90F
EEF4FB0A
ED350BEF
02FD08EE
102C0EF9
160B00FC
00F9E7FD
000A0403
020D0102
EF020CFE
13FCFEFC
1013E904
060200FE
1F2AEFED
FB0800E5
0411FD00
FBFAFCF9
0605FE0E
0C1B0709
1102FA0A
2311F001
E7E71507
FD05FDF7
F0FDF1F1
0F18F7FC
02E7F5ED
F1EEF404
E70206FA
F907FFED
FCFF0402
0B041A14
F6EFF6F9
041D2300
F808F0F7
FEFCF8F8
0F04ED18
0303E4FD
F40B0FF8
FBDF0315
F101102A
00F50007
FCFD07EF
11FF0115
0B10FA0C
00F8EE02
11FB2319
FDFFEF0D
01FD00FF
FC24FB10
0C01F203
030BFBE9
FAF32609
FA1C17F5
09060C18
01FF0AF8
FEF40AF9
26EE0534
F90B0613
09FE2125
F0F20B30
E3EC0805
F9EEE7FC
EBEC1AED
00E2EB06
F7FFF2E9
DCF6EFE3
19E6E7F6
EE03E906
170A00EE
05EDEF18
FBF9EDEC
FA0EFFFA
EDE60CFE
F200EDEF
E9FD16EF
0E090C00
EAFAF10D
CF030EF0
09EAE5E2
FEFEECF6
EEE8FBDE
07E9E021
050EF7DA
02070CDE
0EF5EE15
F60FF10F
F9F1E5E5
11F1FFF7
04FC0002
09FA0FF2
1702F31E
EEECFCED
EFE20C04
06EDE6FD
EA07E2E8
EE130909
00F70B0A
F109EEF2
FA050500
F8060E10
EBE3F9F2
FAE5F4FE
F8F20606
010609FE
F60AFDF2
0D0CF7ED
F5FB03FF
EF11FCE7
F402FBF8
E904F703
1306F4F8
F604F0FD
E6E2FDE9
FBFAF915
E8F4F805
08101BFE
1624080A
0AEC1C1D
F7023AFA
EFFD0BFC
E7E40EFE
06E90816
F805F307
09F403F7
F2F30B0A
10EDF308
050DDFEE
F3E7EE0E
FEFD020A
0D00FDEA
FD02FD0E
07060305
F4F8F402
EDF11503
EEF909F0
E8F109FC
F8212803
F9E8F40A
0C01F4EF
F908FDF6
F8F6F7F0
FBFB00F9
06F9EDFC
3AF402FE
0310EB2C
F2FA0600
04FD0702
0AF9F40F
F71211FB
F4ED0109
0CFBE0F5
F7F8FEDB
EBF4F7E9
24F0FDF3
F9E0E8DA
F7F800EE
210E0FFD
1BFD20EE
F3ECFD08
0309FD00
0C060AED
EDFE0B16
020FF201
1614090F
FEECE9E4
05E6DCEA
FE10FDE0
2206110E
2812FB24
04F9F810
F313EFEA
F8FA0C0C
00FDEEF3
261AF8F5
F8ECF6F5
0D0C12FF
020BEAFA
06F4ECFE
FCE5E4F3
300AEFFC
E7FB0DFD
EDEEF2FD
1216F4F5
02F8F9F9
EE0B2503
FD151942
1204F6F7
0D021A1F
14E60F0C
F70EED19
FE17F8EF
19DC261F
F00700F9
0CFD00E6
06D7E5F6
F2F5E5FE
FCE404F0
E3FFEDEA
020600E3
FCE5FF02
F90700E7
F4EAF60D
000101F9
E3EEDDF7
EEFB06EC
011A29FA
12FBFC13
DEF4F7F8
0AEAF2DD
01FC0A04
11EC030D
0C14E8FB
010D0D14
E900FA0D
FFFC05F6
0A09FF15
0B06FA0A
FB03EBFC
1A071502
F1091204
EFECF412
09ECF0FC
F812E20D
FFFE0AFC
04F4F1F7
F61BFD11
261D08FD
000908F5
1B070A0C
F8FD020C
FAF9FA05
07F6FC0D
0CF4F603
F8E7F0F9
EFF3F4EC
0E10FD09
19FE01F6
F6FD0A18
FA0F0004
F8041B0F
05EBF5EC
0FF5EBEC
101B0300
DEEE2E00
091203E7
1D1716F6
E6E707FF
04FAEB0D
F2FB020F
0310F4F5
F5F1F9FC
FC1004FD
F4F419F0
F2D9FB06
0302FAEE
FB000F0F
0AFAE8EB
05F9EF20
030DF300
FBE704EE
15050C04
070A193B
10FE06FB
00E2071E
F2F3E9EE
F4EDF4F2
1700F007
F4000E0C
24FBFFF3
D607000E
FCE80111
0BF9FE18
020A02F9
38082D01
0113F4FB
19091FFF
F2F40C21
02FFF9FD
160AFCED
EF101015
FFF5FFFB
030722F6
10EC04F7
F719E8FC
F4091207
EFFF00EF
FEFC0EFD
F91A10EF
E9EC0011
F8F5FBF0
E9F4F903
F90BEBEA
1004F2FE
EFFB0FF2
1010F7F5
14FFFB08
F00008EB
FA080AFC
E2F70806
E1E6F4E7
1D06DEF2
EA19FAFC
FBE10805
3607030F
0305FF07
E5110A18
F4F602F0
FBDEF20D
2DF6EFEE
FEF7E508
1EEEF314
E2F70FF8
1110F2F9
0B0C01FD
F7F8FCF4
000FFC14
FD0F0DE4
0EECF504
F3F2051E
E7FE1AFE
0102E9FA
EAECFFEF
0AF2FEFA
F2E407E8
FCE6E117
0B1821EB
E8ECEFF7
17FC1AEA
EC0A0610
1C131D0D
ECF5F802
0C0AFD0A
0E01EBF0
EEEA0E03
F917EBE6
0AF20304
F616DEE9
EAFA15F4
FE0704FE
EAF9F40A
1FECF912
0A0CFE0C
0E2AEBED
FF140FF0
02F212FC
FD07E203
FA000C01
13FAE707
F5F5E916
F1DAF807
0FE2F70A
0602FF05
111602FB
ECEFEFFD
FDE8F1EE
001B0AF6
00180A05
1219E905
08001206
05EC01EE
ECEDFA0B
F91A3FF0
E90E1412
FDFDFBE0
F9FD0EEF
E3FBEC00
F801F3E8
07E40702
07FDF30F
F5F7F3F1
ECFC19DC
E9E4E9FA
0202EDF0
F8FCF7F9
F6F3F7ED
FCF6ECF1
FBE9EA17
1E1002F1
0B0C0F02
0D06EE10
E7D0F5E7
EC00EAF7
F20DFFE5
F8F305F0
ED00FB07
01FD0FF3
F209FDEC
DFF000F2
0B17FE13
14ED0509
07120505
080CFFEB
05F4F0EF
000B0408
F0F803E2
0216ECED
FDFC0103
10FCFDFF
0007F0F7
FFFEDEF5
080DEEE6
EB0C01F6
1019EFEC
FFFB0BE5
F7F90E03
FAF20D13
00F8FD00
11F81E11
ECE4FB1F
F01004FC
02F6F9F8
DCFC02EB
FBEEF7F8
E7FBF4EE
08041F17
451EF6EC
FBEF0CFF
070F0F0E
E915170A
15F1FDF3
1A12EA23
F8E319FE
04F702F2
010F0314
DD05FADF
FC072204
04FE190A
F9EA01F4
2AFCEFF8
F3FB0A0C
060004FF
05F8F30C
FBFB2308
EF01FA36
FB01030A
0D04FFF4
0C14E80A
0700FCF9
EF0C04F6
03F203F7
09FD0419
03160AF7
FEFB1204
F90D271C
F30303FA
09150BFD
010EF5EB
090800EB
E6E9FE02
06FAE00F
272200EE
0CF7F3FE
070C1E04
05FC0818
101615FC
DD0206FE
0EE4FA05
1501112F
20DBF900
EBEE0413
0E060EF6
04FD230A
000302FC
00EAF0EF
FE17E702
EAED150E
FB08F9FC
05F7030F
F1EBFE1D
E9E40CF5
0ADEE6FB
0807F30E
0415F8F0
EDFCFC03
1C08F60E
FEF4F401
020DE019
1CF2F7FD
E8E0FBFA
FF0EE0E0
EAF004FB
07F50AFD
F2270DE7
FEEF09F8
FBE8F00A
000FF801
15E6FC02
14F9F105
070FEF08
F907020C
0912F404
F4F505EC
08F21BF5
02011F0F
0E0E1001
F0FCE207
DC03F0D7
EDF4ECFF
DEEEEE0A
0F0A09DA
EC0D20FA
0EEDF304
FFF0EF08
02F1E7F4
00F6FD19
EC0CFBF6
FAE30FF0
F2EDEE11
E3E9F3F1
EDFAF5F0
FF0CEB00
F4040405
D1DE05EB
EAE70906
10FDEEE3
F5EFFBF3
15F000E8
FCECED06
0ADEE8F6
EFFBFCF4
F5EAFB05
E91423EA
FBFF0A07
EBF4FBEF
F8D9EC09
F7E4F404
DEEADBEB
06F3FC10
01141B03
F7EC01F8
E6F40901
EDFF1404
F1E501F5
F603FDF7
0CE1121D
EFE9EF00
2D040802
FD0E0D00
FE03FCF1
11EBF6ED
F7F4FB09
FA02F70C
FCF119FE
12001F1B
2C0A1215
FC0FF904
F70921F4
FBF4FFEB
070EF5F9
F4010611
EB00F9F6
F704EEF0
190E05F4
F71B06FB
F80722FB
F4F80AE8
F6FDFB03
0100FAFB
ECF8F4EF
FFF407F2
E80AF808
E1FA0DF6
FAE2F507
03F70B15
14E9FCEE
1319DEED
EEE1F8F9
F5F0ED22
E6EAF5FD
F40600F6
3003EEF6
FD0F3012
F5F0F6E7
FEF4EFEA
F62406FD
F0FCEFED
F4EB0301
F3F717F6
0AF7021D
140A02FE
181C290F
E7FE1017
16F8000D
FB0FF51B
EDEEF5F4
0DFAE6FE
F7EAD810
F30BE4DE
FAE40DF2
05FFF3F0
F30C0100
2BF10A06
FBFD0020
FB170CFF
F9E502FA
EDE6FFF7
0FEFF518
FF1229F3
E8E6F2F9
E2F30AF8
03ED0FFD
0307F4F4
F6F8FD00
F5F7FFF8
171E0826
FA0F0B04
FC000AF7
12040211
FF130DF3
F2F5EFFF
EEFCFFE1
0F0EFE17
F0FF01F4
330402F0
F31103E8
FBFC0802
1309F6F2
02F6E9F8
FF010003
07F31507
030903EF
0910F50F
ECEEF0EF
070A1508
F9010614
FD061200
F3F7E203
10F1FFF2
0408FC0D
FB09EE09
000C0BFF
041DFA09
F601F2F2
06F90E08
F8FD05F9
0A11F6FF
1603E703
F307EDF9
FC1008F5
FF14FFF3
02F9FD0C
15F9EE09
F0120B04
EC02EEF8
F90700FC
FA08EDFA
100316E8
F5E6F612
FEE7F7F8
14FDFE10
0EF5EDFE
EF0EFCF7
000B0DFD
F71613F4
0F0F0F0B
1411FF16
19FA0510
0618EADD
05FBF9F4
F304EA0A
00FA1CE2
F100FFF8
1CFCFD0B
1D0F11F9
F40BF102
F4F403E4
F804FAEF
F4FFECFA
F3F2E3DD
FEF4FEF4
01F406F9
1B1B0713
FDF20814
FBEF1A08
F00C1E0C
0AFD01F2
07F7083D
0A07F6F8
E7290A11
0D050426
F203180D
FDFC051C
000011FE
EFF7E808
0F030512
1EFDF8EE
E808FAF7
07000BFB
131306FE
F80C000A
0C14FD07
FDF60606
032C0EFA
03E2FD02
07F40204
FF0AEFF3
0C03F7F2
1B0A0821
F6000F0D
14FFFCEB
F11716DC
FF06FF01
F5FD09FB
1F1808FF
06FFEAE7
F40F05FE
FD05FCF5
2E010EF2
F6ED13E4
0EFBF5FA
F8050CFF
01FF08F2
05FAFD06
04FF0305
FB190A09
E9F4EEF7
EEF1F20D
F1F80BF8
0DF9F600
F3290D0A
1EF50205
0FEEEE00
08F8FBED
FB02EBFD
11022926
04FA1112
FEF6F903
070815F3
0C25E603
FEEBF901
FC2E1908
E91E1B00
1D011BF8
14FE0816
FE01E510
0D0721FD
EDFB1706
FFFEF9F4
F8FDFA06
FAFAEA0A
F5EAECF6
040A05E8
F705FBFE
06030D17
0206E8DB
0A28260D
F3FBFDF9
0F063111
E0F3FDFB
EBF9E4FD
F0FAF5D5
F608F5DE
01F9E7F2
F8FE0BEE
F7FD04F1
F507F2ED
FEFCF90C
0F09010D
07F4FF01
F0F401F7
1A0805F3
FF00F1EB
0C010FED
04F61E04
1208EEF5
FDFB180C
03F6FC0A
E8050706
FAE907E8
18FBFC14
050C000D
EF01F8F3
E8FE15F7
010BFCF3
F2F00305
0EF711F1
F2F9E6F5
07FBFAFE
EA0D1715
1201140B
DEFDEF0D
2CF1E70F
03FB0E08
F4F1F2EB
08F6FF16
05FBFC1F
EEF6FBFF
04F90302
F0F6F809
06FCFAFC
01FDFD0B
F51103E5
06FDFCFB
FFE8E702
0708F5F5
F5090409
F9EE0E02
F8FE0205
FBEBFAF9
0D070AFE
070D1214
EE03FAED
FB072EF3
FEFDF307
0B0E110B
F5040103
03080607
0A071003
F5120C00
03F6E5F4
02050AF7
FEFCFB01
F413F6F4
061E1101
F2F406ED
F9F1F407
050FFBFA
080C18FD
0C06E319
05111A01
33050A15
1F090100
0CF10100
FCF914FA
09E6F72F
EAF115F9
07FAFEEE
F41A03F2
0CFCEEF1
FCEE3037
F803F81C
190116FE
0DF5F50B
0A07010F
F2F10702
F702EDF8
1F08041B
FBFDE10D
FA2014EF
F21DFCE3
F1F4010E
FCFC0BE2
0609F4F4
F6FD0008
08F1E70A
F2F7F8FE
FEFF10F4
10100B15
01F5EEFF
DAFBFA06
101B0933
1803F8EF
09F21D08
0C020702
0102F9F4
08FA17F8
FF0809EF
01FB1B0A
F30107FB
F605E4FC
0607FE0A
16250111
0CFDF805
FDFEFAEE
EBFC1013
00FD13E3
0EE5F7F3
FEFB0109
FBFDEBF7
03F808F7
F9010E22
06090FEF
0013F401
1AFF23F5
1302FA17
0FF9EFFB
13020406
FE05080D
FEFD0912
16F7ECF8
F0E1F602
FE00FFF4
F906E7FD
01EEFDF2
FFE0150E
F913080E
F1E9FAFE
EFFDEB07
012602EC
160110F7
070F0AF6
EE170C0C
DEEF0EF6
0EF0220F
ECF70829
FD120BF6
01182EFD
FE03FBEE
05F4FE09
0506ECFA
050308FA
E7FAF60A
10E8FEFC
F6180226
0B0810F7
EC00FD01
FAF0F8F9
F40407F2
ECF8060B
01FA0DED
09FBF90E
0E1E1D05
0002F805
2D15001C
FE18FBF3
150D02FC
01051002
F410FFF8
0705FEEB
FBEBFA13
0D12F615
FF000E04
ECEAFAFA
050728F2
162EFDE9
010D3C0D
F6ED03FE
05E80402
04FAE212
32ECEAF9
FCF701FB
0A02FCFD
1A0D170E
04270710
102216F8
1A100B04
E905F10D
081BE2F9
00151204
F3F206FC
FCF9F7F2
0D0CECEB
FA1D2546
FA14F306
191606EF
04EB18F8
F40CFE22
FFDD0021
F4E4F7FF
1304F602
F700FC0B
E6F3E6E8
11FCFD08
01F5F712
F0F3000B
E7FF0004
111B1DF6
E7E6F90B
1FFE0CE9
ED0C06F1
0A16F212
E5EC06E3
03FDF0E9
04FA1A1E
F9FD01E8
0308FC01
EFE6E9FC
F012F9F0
FCE3E4E0
F1FDFBF9
09FEFC0C
FA0F14EF
FAF9110C
EBF9E1FD
F7FFFFE5
F0F5E6FA
060F0DDA
E5F8F1E6
FE16DFD7
06F6EF1A
FAEDDBFA
CEDA0519
11E8F0ED
0C060010
EBDDF505
FCF812F8
0BDDFC00
040203E9
EBFC0416
04E3E4E5
FAEAF7F5
F4F4ED11
F7F607F9
E5FFEFF1
F90A0DE5
D9EEE9E0
FC1BD6CE
E9F9EC01
0A321AF5
21F9E1FA
F0F80F09
F0EBF807
FA1523FA
0400FA0F
ECFCF8F5
0803F802
1503FF04
FD00FC09
06FC180D
FCE9F3EC
FCF9F0FD
02FBFC06
EF0AF0F7
FEE8FEF5
ED08F7F2
03FB08F4
EFE6FAFD
01080500
F306100C
F7F3ECF9
1C0930F3
F60C0222
040B1304
F9F3F9F9
FE080AFB
2CE7EB33
F4F8FFEA
070702F0
F6F4FB01
F7E8FEFC
200D0C06
18321F00
0AFA010A
F7031005
09F106FF
05E91622
0EFCE3F3
F60518DF
02F9030F
FF121500
210D2AFA
FDFDF01F
FAEAFBED
F5FBE6E8
14FCE902
F7110300
F608E9EC
FEE11FF7
FB0FFAEC
FEEEF8F0
FFF0FEFA
F2EBFBFB
DEF9DCDE
F5FAF0FD
05F9EC06
1B182B0D
FFFE0610
EE18EBF4
0C210BEE
03E7FD03
0F0DF524
0902F018
07E6F1FD
23120F01
11ED02F0
16ED0B2C
102FF6F6
0CF9EEFF
191F0200
1411060C
08FC0813
E410FDFA
130A340A
091A1A14
F50C0A15
07FBF718
000705E6
F7151711
F6F8EFEE
FFE72214
14FD130F
34F1D20B
DD09DCD2
27E706F7
FE130E1E
1FFA02FF
FF0DFF03
04F8F310
1CFA0711
1411211F
0DF9071B
F8F4EAE6
0208ECE8
13FBDF05
02E905FB
F9F4F400
0DF0F4F5
01102419
13041C08
1B0CF213
180909F4
13FDFC01
16071104
F907FD1D
010503F5
04FAFB00
DC17FC03
FFF525E8
F80D0E18
10E81816
13F601FD
1709F70B
E7F6F700
0901F808
0C12FCEE
15F91003
12F7DC30
05F006F9
0914100F
10ECFB09
0B11F0F8
DFEC141C
0802E3E3
1E0C1705
F3F40DE3
09F8EA10
F70F1F0D
000BF8F7
1207F5E8
080C17F0
FFF1F905
06F90400
1101040D
F3090F04
F2EC0F0D
FAF9E1F1
050509F0
FDEA2203
1307EE11
FAF3EAF9
F50603D7
F9F8E401
E71CFAFA
FBEE06FC
00FA11F0
09070C16
F2F6051A
EA0BFAF3
0BF42113
F00A1507
FAF604F1
F5EFFDF6
F4ED0808
FF170BFA
FCF91917
27FC1C05
08FE022D
07ECF802
F6F9FF0E
E6FA02E9
F9FAF4FA
F9F3F9F8
04FC04F3
0BF7FE23
0F030227
001A18FB
05FD02F5
EAFAFCF3
1F06F7F4
F519E3EB
F204F3EE
04EFFFF6
0DF21412
E11601F9
E3FFEC03
F9F0FA04
FF060CF1
01F4E9F5
06ED02FF
F9FDEEFA
F4E9FFF3
0CEE0716
F20CFDFB
0BFB0F17
F00612FC
F2F7FDFB
02ECF103
F900F3F4
021BEB0C
FE100DED
07EDE2FB
E4FE05ED
08DFF4EF
16F5F605
0FF7EB14
FD11F9F3
FDF1FFFD
F0FCE6FC
0CFA02EC
FAF2E90A
0FFA0E0C
1D0BF414
0E010502
0400F5F4
F3F30E08
03FC05F8
FB23FAF5
E305EB01
FEE2EEF7
24F5FAE7
F90110FC
EDFF00EB
E8FDFAE2
1DFC080C
1D0A1008
FFFCDB06
06040CE8
F424120E
E8DD05F4
F6160B09
FF061EF7
04000C06
FCEEF10C
FFFDEC00
FDE511F7
0504FFFB
FD091614
17091105
1CFE001C
21EC04F1
F2F1F511
F1EA16DD
0E07F5F3
FBFDF3F7
0C06F0EC
1AF0F7F4
040BEEFA
F502FF0D
0801F8FD
E703F6F0
0EF807FB
FF1E0507
ECE807FE
FF050D01
2AFEF9FA
02F1F5FA
FEF9E31F
07F6F90A
FCD60DEF
0DF3DAFE
FBEFF608
0CFFDDFF
F2EAFEF1
03F8EEFD
2F08FB12
032517FF
00F5F1FA
100D2009
08050035
FC090404
03FF180C
F60DED10
F9040CE0
F21105F4
FBF701F1
0AF300FC
0A19FCF5
15F4021B
000705FD
150B1204
FC08F50B
001619F4
FE0A0C13
02F8F408
09FB00FA
FF0A130D
08F3FD10
FB00F911
F911FC06
0310F6FA
F70B1F00
FD12FA09
FE0016FE
10010017
0CF3FC06
ED0E0CE9
F10B0D07
0CF50CFE
0F10042B
09081107
02020402
15EEF10F
2503EFF8
F9FDFF1A
F5EEFAF9
FB050105
01150001
2818EDFA
F61B27FB
F71414FF
14F414F7
1911FD15
0D17F606
08FDFBF6
F50E1908
09F40C0C
FD04F105
EEF1FFE4
F00508F7
14E9FDFD
F208F2FE
13F804EB
1810EA0B
260A1600
FCFC0126
0B1725FE
06E8F206
0F08E1F9
F6050800
21F90210
1E30F6F0
09040607
18ED1E00
0703CF31
EE1005E8
0CE8DEE0
08F3000D
202515F5
0C0AED04
03F0090C
EDF7011B
ED0213F5
FB021AF4
F9EE0400
FB08EBF6
EEFC19FE
F3F30705
FCFB0801
E7E81403
F7F803F4
14EDEDF8
0BEEFF0C
FC0DF9E8
FD0307E3
17040606
00F6E00C
0EF8FC0C
00F9FE0C
F90A04E3
F403150D
FB09281A
F616E8F7
EF0C14EC
11E6FB0C
01F00509
F2F0F81E
EE0B0AE3
03FE181A
FBEEFDFC
20F81DFC
1A181116
FCFD1212
16F910EA
020CF810
0AEF00EF
F215ECED
F8FD0804
E7EDEBFC
0AEDFFEE
01EDFFFD
080AF7F5
DC002509
05F3FAF7
0AFF05FE
0910FEF1
FA05FBF7
1016F804
D6F808FF
060B0ADF
10ECF21C
FC21F6FF
F8060505
1302FB10
04020302
F40F1B09
FF03F7E5
1309FC18
030400F6
FC081E1C
142CF2FB
ECF7FAF1
1F2608FC
2B00F401
03FDE6FC
F805FBF9
E5F803F7
14F00F27
0AF701FC
F9F6030F
F6FF0215
F81213F6
150FFA06
FC011308
FC11E1FC
E6F81102
EEF9F6ED
F3E60AEF
F30A1709
08220DF2
FA0F12FD
F508FBFC
F2FBFAE7
FA0D0400
0BFB0905
F2EFF10C
FD01F114
F9F9F4FB
F21C12FB
00FAFF02
F0F206F8
14191700
F30FFDFF
00FAF002
F50909EF
01070A13
FEFC0702
F4F7FEFF
2DF4FB20
F8F500F2
FBEAF40B
EEF8F7F0
FCF0FAF9
040F07F8
FC1101FA
FF03F703
EEE2EB00
F1F4FE02
1C060E10
120AFF04
FF012007
0F06F618
02FD0BF4
1A16F8FF
0A051312
050FEE08
EAFB0405
00F700EA
1407F6EC
14EEF40D
FAEDFAF6
DC0B0BFE
10F81305
FBFE151D
F3FEDFEE
04EFD8F2
F70408F2
0A1500F1
03F50320
0710F8FD
F9FFF206
FC110E21
EF030AF6
180F02F0
161D12F0
0E0BF2F6
091AFD17
F3FBE82D
FC0CFAF6
FA2021F1
F6E7011F
FF00E7ED
08F3F9FD
E90B10EF
F4FAECF6
06050808
E5F7EDF9
FDF61001
F502FB00
08FE0613
02F9FB07
04F6030A
F7F5F8F4
1B0BFFF6
2303F802
0CEEF8ED
FB0B0404
F8F40AF7
F5EFEFFA
17E20100
F500F3F2
04F80C13
08FA0910
1704F718
03F9ED26
0001F300
07ECF600
0414F6EE
F7FE01F7
050D09FA
21041D13
F7F7F8EB
FDF0EF07
F1E9C7E3
F81308EE
15371213
FF021801
FBF3F70F
130102F8
1E0E07F4
17F7F124
FF08FDF0
1300E9F9
1DFEFBFB
0B2BFD17
0BDEF80B
0BFC1A18
001008F7
150DF6F6
060908F0
04FBFBEC
F6F3E4F3
0006F417
F7E9FF04
1B03FE01
250BEF13
EDF80806
F7E60805
0EFE060B
0414090B
EE04F004
0E0204F3
F7FEE6FD
0902F8FD
18FE05F6
ED0AEF03
00EBFDFB
0505F308
FDFB0CFE
14EFFA07
050C242B
E8F7F617
F7F41011
FAF5EA06
F8FE0107
3907F507
F4F60B1C
0BFFF60C
F8FC0E0A
FF0403F3
DDF10BF4
0A14150B
250E2807
020DF802
05E2DFFC
0C161825
03EEF7FF
F813EA0A
0C03F7F2
E90E1F25
F9F803F4
10FDF8F9
DD00FFEF
0702000A
F103F007
ECFDF1ED
0C0815FA
080D0302
0C0BE600
03FD251A
081502FA
F613FCE5
10FDFBFA
F3F92202
F504F1F1
EFEEEBF2
0B0302FA
0E07EAE9
0716F8F7
02F904FF
FE08E70D
E5F21EF5
0B0BF7F7
072301E8
1AF1FDF8
FA27EFF3
020CF7FB
F80203FD
F2DA010B
EF02EAF3
FFEF0412
02E10821
E3EFEDCE
D6DAF1EE
01FF12F4
1D0CFE09
FEF1E7F2
00E416E7
1604FB0D
F1130F07
F3FBF8F3
06F700F2
DBFDF1F6
E8FB03F4
1E03FAFD
EEF4113E
FEFCECFB
15F8FCF1
FF1FFC03
FFE807FB
F009F9FC
F707F1EC
071407EC
0110081D
080BFAEC
F300F7EF
DFF80BDD
F5EA0202
0EF3FE0D
09050602
EC11FDEB
FCED1519
F8FBF4F9
F10005EB
E906F3FB
18F901FD
F92408FD
F9F7FEF8
09F6010C
01FE01E7
0706EFF8
18F6F20C
2201E5F8
EFE61116
190AF500
091300F2
070C00F6
F70505F6
FD06FD0A
0101FA07
F5E4F504
FC0C260F
0CEA0A05
230102F0
F61F10F5
E6F20306
15071502
09F700E0
0D02F809
060C1809
FDFE1B11
F507FDF4
060409EE
15F3221B
FC10F10F
17FAFCFD
110CF9F3
E1FC06E4
0A0D10F9
010707F7
28252B0C
15F0F81E
F6060E07
EA12FAF4
04F611F9
0CFA03F2
01E71019
FFFD06FB
0B0EF7FB
011BFAF5
0F1108F2
12E9FEFA
06FDEDEF
1B1F0CF5
F50B04EF
FF040200
030001FA
F51AF6FB
070008EA
D80617F1
E5F60100
F4EC0E03
00E9F7FD
F415EEF6
EEF10BF9
F40F23FB
070AFDFA
01F5FA01
04F1EF01
09FAF10C
13F907F6
0AF7FD06
0E0D09F5
F7FE150A
EEEFF60C
0C151A23
F4EF1103
FFF0CAF9
FAFE1009
FEF608F9
FAF7F800
F310EBEF
ECF601F1
FBFAE7F9
0CF3FFFF
140E0B02
FCF800F8
10EDF202
120FF107
091B0BF5
FA03F0FD
FAFAF6FD
05F7EAFF
03F7E91C
FDFB04F4
2A2307F6
0E0B0BED
FADAEA0E
130D07FA
FEF9FED4
22020AF8
EB1F050F
FCE101F6
07F3FE23
0717FDED
FA0144EB
01F8042F
10EFEA04
0B0CE6EE
140308ED
09FE1AFB
EAFFFCFB
F4F401F6
FC03FDF5
F4F51D05
08F51918
FEFDEB2B
E9FF0600
FE0B00F8
1017FFF4
F3F201F6
0609FFF7
090A05DB
04181BF7
30F9FF13
FF0C00F2
FD0001FD
FF0C03FF
FAE6DB04
E2F409FB
27FF0209
0A0FF7FB
01092009
03F40501
081B03FA
FC131813
FEFB152D
08E9EAFD
F60909FD
000B040D
EAE40FFB
0BE801FB
0C080919
FF081410
F5EFF911
0FF4F6F3
FAF6DDFB
010E1700
FC06FBFE
01050607
FC0DEEE9
F3EC0CF0
08F500F8
0F01ECFC
040B0424
090110FB
FEFA02FE
1E1CECF3
F60116EA
F7FAF803
0700EAF5
FE05FFF3
ED00FB0F
0300FBFB
F1040002
18E0FD15
04FCFDFF
E5010A0A
0F0BF0F7
FDFA1319
F4F90201
FC05EE00
0EF102F1
030E2B09
E4101E11
FCF906E3
FA00F7F8
0EF6E8F6
FD0D0907
EEE4FCF1
F3FFF6FC
FC15F6F1
F90309F9
FB100EE7
02F8FB04
ECF711F7
FCF3ECF9
FDE500F8
0700F0F3
F20C0D18
02110FF1
F0FDFAFA
F2F7F000
060EF2EE
04FA0805
030E03FB
161DF4FF
00FE13F0
F103EEEF
030B0AE9
EEF00BFD
E1F0FF20
EFFAF0E5
F5E6E9F3
F707F8ED
F1F3D7FA
1100FBF4
23F9EBF1
F3E70C21
031507FC
DAE703E9
F5FEF4E6
1BFC1DEF
FD0DD600
F713ECE2
EFD2E7E6
F6E8EEF5
FCF6E9E0
EBFA00EE
EA0B2B01
EDF0FBF1
E8DDD2FA
19FE12EA
0205FCF1
07FE0D2F
F1C9F8EE
02F2E3ED
EC04F1F2
0DF3DE04
02D805EF
080EFCDF
F0E3F7FA
18F00911
EDDF082A
1309FCFF
FCFCF220
ED0DDFFE
F211FE01
F9F7FFF7
0A06FFF7
02F2FAE6
0E0100F5
FCCEF901
FC0B0A1C
F2FAE4F2
FD0412E3
EBF904F9
07FBEEFF
09F70406
0BFC250C
0CFA020B
FD051CEE
E5E1FF1E
F3FEFAE1
FEFCF3E8
20F80210
0BED0709
F10F0C02
F6020208
F5F8F127
C0F4E706
FFDB07FD
FFEEEFFE
DEFE02F5
FEF822F0
122AE622
03040F15
0C070202
E4F40BEA
110806F3
0DF9FD09
0CFD03FF
221FFFFD
EBF13105
F812F716
19EF06FD
0EE2F6FF
0C1AF4E7
FB1401F5
F5FF05FF
0AFF3003
EF011701
FC0211F6
180CF3FF
ED063AFA
FAF3F304
2509FD06
FB0004FC
E90713FF
07FD01FC
06FF01FE
0605FB1D
F9F8FCF6
F502EE00
050011F1
0D08F606
FCEFF6ED
00040001
FEF2F5FA
FB06DEF8
0E0D1E0A
0E0C052B
0AE8040A
F4FAFBFA
04040AE7
F3F80508
05FBFC04
01F8FDF7
FEFBF8FC
F7FBE505
080106F1
091D00EE
F1FEF601
0B090AFE
FA01130B
FAF71B06
0B18F1E8
09F8F9F9
F7FC0CF8
EEFD04E8
01111503
1C16F7FD
EF0C0E16
F0F70EF8
DD04F8F3
E9DAF5EF
0A2AFAF7
01062513
F40405F4
EDE8000B
05F7F216
04F903EF
0EFBFE08
FA40F3F9
F20723ED
F1FFDFEF
0DEB20EA
FFE7E7F0
0EFBE906
EAF6F3FD
FAED150C
F9ECFAFA
EF06FDF9
00FAFBF9
DCF9FD00
07FBE8FA
02FEE2EE
FC07070B
F1F8E9F8
0E0A02FB
050105FA
02EAF2F7
0B1512EB
F40C0A00
1315ECF7
FFFCF9F6
1103FFF8
12FEFBF1
F7040402
13FCFF08
05FAF70C
ED0410DE
FCDFDEFD
15F7F202
0D21FE0B
0605100A
16110D19
FA0514EE
0413FF02
E4E7F1E3
00060D00
FBFBFD05
0EE5EEFD
F404EBF8
E5E9F7EF
FA02FF0A
F6FF0903
F4F50BEE
F2030818
FC01FBFE
F700FCFC
FFE810FA
EC04EA11
F8F007DD
0FFF1410
072310FF
FCFB1905
1010EDF4
FCFD10F6
1719E8F4
031C0DE3
020F0315
F9FF1DF6
F713F00E
1B05F407
1819FA26
F3FEFDF7
061A1304
1C19090E
FC280DF0
16191217
0B050906
F30510F5
FD0DF406
06F9F8F2
FEF3F5FE
F708F90E
EB1BF205
17FD081B
05040014
F5F2F416
16EDEFF9
F8090F17
FFF50BFD
EF02FCF8
040605F3
F7FE1DFE
02EFF9E5
E9FAFC05
FAFC09FD
0916240A
EAED1B12
1A050720
02201BE2
0604F5FE
FE0405FF
F80C0DFB
E201F019
FDFA01E8
0CF719F2
ED2212FA
0A130CFF
FCE2ED0C
0BF4F9F5
F9FF1FFD
FCE2FE1A
F7F1E404
EAE3F8F9
01F3EEE8
0C08FCFD
04ECECF7
F1F4D9E7
F515292B
090603F5
F100000D
F3F7F300
06FC0102
F10E1D13
16FFEAFB
0D18F7E5
F2FD0C03
06FC07FF
EAFAF5FE
F3E7F204
01F1EDFF
09F5010B
07EDE4FB
FF0FF6F8
FBFFF0EC
F5F4F0F8
0209F3FC
F9FEEF03
13FBF6F2
0211FF04
1E2626FD
06EFFFFB
03F81701
06151F14
FDF7F1FB
FC050002
01FB10EE
EB04FA05
0502FDEC
0008FBF3
ECF51008
EDF0F8E2
F0F8F301
FDEBF9F8
FD03F7FC
0A02F004
080DEBED
0D040DEF
0B0AFB02
0E0809FB
17FD1516
F206FC02
F806F6F2
020104FF
FA0AFE02
FEFD080D
0307FF0A
FDFEF804
F60EE9EF
FCDCECEB
04191BF2
F901E4FF
F9EBCDD2
EDFE0009
1D040402
DFF4E704
F7F301E3
1314E20A
03121A13
020D010F
13FC1D19
ECEA0D00
FC031AFE
FCF5FA04
1109F509
07FE0102
02FD00F3
FD03FCF8
EAECDDF8
28F1FC07
FAF70409
00FBF602
F7FBF311
F8F9FD09
20DA00EF
FFFCED01
131DE7F7
ED05F9F2
04010714
F8EAEFDD
EE030EF8
07EC26F6
00F71214
EDEE000E
F20EF7EF
060FED0A
FA08FE00
16F6FB23
F604F6D8
DCEAF0FF
E904ECE7
1F0317E7
EFF208ED
F7140A06
FFFCE3FE
E7F7FAF0
0EFE0A19
EFECF8F2
18060AFA
FBEF0708
FF0CFD0D
E1F70FF6
F2FBED06
00F403F6
1B130326
FA14EE16
F7F608ED
D1F42503
FD0018FE
0B16130A
FBF407F7
F409EA17
FBE00B11
F3FEFF06
FCFCEFF0
FDF2FB05
12121BF7
11F700F2
2D09EE02
EEFC0707
0CF2FEF6
EAF90215
FC100415
F0FA03F9
190A0613
F1EB0000
01FF0C00
10F80BF7
F01AFCFA
0EF2EBF4
FE2FF408
FFEFF507
03EBED00
F7F7E812
FEE9F3F8
FEFBFDEF
E7F2FFEB
05F4F1FC
FCFCF6F9
02010A07
290E0524
F90AEFFE
03F70524
4028F8FD
04081412
2FF40608
080FFA02
F708FBF0
0BF8F3FB
F5FDFF09
ECFBF4FA
1607F4FE
EEFAEE02
F8F8FEF8
FCEBF90B
F912FCEF
0FFD0BF6
0BFEFA10
F3EFF400
2CF401FF
EF11EAFD
FE09FEF0
F8F3F1EC
10FEEEEA
EE07FE10
0AFC160F
EDEE17F3
06ECF00E
FF070D18
0E10220C
0F0E0AF2
FF0F050A
E7FCECF7
F9EDFFF7
04F213F4
EAE8FBDB
EF0A04E9
FEFE0F01
F602F6FE
F7FDF500
15E70301
FA09E706
E40812F0
04220216
06E10C13
0A01FE1A
F7FC00F3
F80009F3
14FCFBFE
09081207
28F90809
E3122703
FDEEF5EE
0E0EFEFB
051D1DEC
E2ECE5E0
FFFCE5D7
0B1810F9
F2F601FD
FCF20C0C
031315F1
14FC0E0B
FD1E05FF
F9020FF4
F3FB0CF7
04050904
FF1108F8
FA12FAFE
00FD28FB
F6020A01
F10B1305
0012FDFB
03F5F6FE
13F8031B
03FFFF09
FDFBF904
FD120FFC
10F003F0
061AF603
0F1100F9
FA0A0002
EC01FAE4
FFFA07FF
02FDFD02
00F1F9FE
E200EAE1
0B0B0804
F5F511EC
07E7E5FB
2E2806F6
F601F21E
12080727
FAF13629
FEF90208
ECF7F10B
F80BF9EC
020B1FF8
1C201AFC
2028FE03
11FC040B
08F00910
E0FEFFF9
F70C11FE
0CEB0609
F1FCED01
09FC07FE
F8F5FDF5
0A0AFDFA
FBFDFE19
16FD1005
F5E61609
0FF00DF3
EBF5E011
F501ECF2
08072408
F3F00507
0F11F1FF
0E01F40A
0907031C
0C06F800
FDF80106
EA09ED00
02FFFEF8
0201FDEE
F5F1F9FC
F91301F5
FFFAFB02
0908EAE7
09142C15
E8F3F0EF
F01301F0
E2FC18FF
EBE801F3
F7FD140A
F4FFF6F6
FBF600F9
F8F7FD02
4112FCFA
050BE724
1802ECF1
0304F800
FE11000E
EB001102
250BEFF4
0E1E0D05
FC01FFFA
02070BF1
F8E7FBFD
05E8ECFC
FC00FB04
0B0C061B
F3030E06
DF011102
F5FBFF04
01FA04F0
FCFE0010
F10709FF
04EE090C
CCF6F50B
F6EA0DE3
F20F220E
DBF10AFA
0FFF0515
CFF1E6CD
ECF0F806
F309F6EF
E6FE2606
F903E8F7
ED18FBF1
EBEC1921
FEF20511
03F9E000
E5EAF4EA
EFF30D06
0908E4E1
FA0F10D8
0E0A011B
08FCE6F4
FFF51005
06FAEAEA
CC05FED9
01DFF4F5
0D0F0A0A
07F5DA0E
14DF1909
0EF6E60B
EF02FB10
ECE606F5
26FB0302
F90FFFFF
FC05FDF4
0E02F907
EF0BE210
F2FDFBDC
05F1FDF6
052801D6
FAE4D906
F5E71609
E5FCF6E1
0EFA060D
ECF8F715
FE00F0E6
151804FD
06FFEAF8
08011100
FD070215
07F8F0F5
1A1614EA
03F10404
04DF0708
F4F8FB0B
08F704FB
F91EFB08
FD05E8F6
EF04F202
0317F4EA
1C3710E9
07ECF214
F7F30AF8
EC1CFE03
FA1E0E0C
F4E8E0EC
1504F2E2
F90BFB04
0105ECF6
220C12F5
01F4F939
04F8F6E8
02F5F6F9
1006F40E
FCEE0D01
2E21010C
0C110F09
ED0EF805
0205EED4
0C0AFCFF
0FF10000
FC130AF4
FA001010
FBF0EEF0
CCF001E9
F2FAF30E
FF09FDEF
E8F4E8EA
F60409FA
00F3E411
F5F5F601
DCF204E9
241FFF1A
E8EDE5FC
FCFA03FD
F0FBFBEB
0DF6F4F6
FEFBF210
1A010821
F71F06ED
FC181D23
01F6F3EB
F313E3FA
F4DFF2F8
06F4FE09
FD0402FD
FB011F00
E6F7F3E6
06F4F3F4
03030CFE
E2E7F208
F5E7DDF2
0CE20AF9
0715134F
F0F5FCFE
202E0F25
E8071C1F
F00302F7
29091412
0C0FEB17
18F90AF2
2449FE19
0F30F2FA
1D0E10F9
FE07FDEB
F3EC100F
F5EBEFFE
14F9FE05
04FA0120
1702FDF5
060B0B0A
040A2503
FE0AF527
201416F8
FAEE211F
07140405
F72E10F7
010EF5F9
FE0D3BFD
FA09ECFA
000EF4FC
121108F6
280205EA
0205FEF4
E4FA0601
F3050330
F3EC0CF9
3FFC1707
FAEAF7FC
F805FFF5
01F703F1
0D1611EB
17FD0510
EB04F9F6
0204FA1B
F405FA03
ED0DFDDF
FE0A150C
05FCF816
1AFBF80B
101500F9
15091426
0111FA09
1FF206F8
12020F26
0711FF11
02090402
0202041D
151011FE
080E0808
EC01FBFA
DDEE0A03
0ADC18FF
2EFAF70E
F50F0C1C
F0E7F2F5
E9F9F5F4
EAFCFCE8
00FFF9F7
0A08FAF6
F802F904
EEF0F710
F60F0202
FA2305D6
1DEFF416
FB032905
FB15E9FE
1FF2FD10
F40DEA08
010504EE
02F103FD
F4ECF3F9
0F00FDFA
F5FC1917
EF01F0F1
F50906FF
F007FE08
14F10B04
08F61329
20101A0B
04F61310
041DFDFF
F60CFAEC
E2052419
FB07FB0F
EE0A3F13
F2F5F622
0905F6F0
052DF9F1
1AFA06FF
F2EFF9F2
F3F5EFF4
E9E5F203
12F60602
17060D0F
061AF9FF
EDF8EE05
00FB1315
FBF2FF09
010415F9
19EB0322
06FC0D07
0310F50F
FFEFEBEF
EEFF07FF
F0F4F9FC
E81A0602
F9FEFD0F
04E3ED08
E6EDE6FF
F40CF1E5
0102FDFF
E0161110
13FC12DF
0A02DAF0
09F9040F
09EC01F4
EE132603
E9F81313
F3F3F8E9
FFF6EFF8
F7061600
23081A32
06180901
FAEDF2FA
1201E0DE
EAFB120B
02EDDB03
16F812F7
0F06F9EF
FAF60311
0500F8FE
051805FF
FCF725F9
EC0AF8FA
FC2AF903
FB0208FA
FFF9E409
0914EE27
EDF1F9E1
F9FB0E09
F9F90FFD
F804F907
060802F5
FE110D07
EEDF070A
02F4DE03
EE0010F6
F9FF02F7
EC2B0CE9
12FD1FF4
F80405F5
04000B02
FFEEEAEF
07020417
F809F70C
F106FBDC
F5E307EF
FDEADA09
0BDCFB03
EE18ED00
F40C05F3
14DAD800
F8FBEBED
F40B0916
E70405F1
020212F2
E8FC0406
1F0BE805
F1060AFB
F108F2EC
F00EFDDC
E0FAF8EB
E407FEFA
0DEFFBF4
EE02E1F2
F00826E6
F523F802
F7081EE9
ECF8F7EF
0B0F02F3
F5F50402
2D17EFF0
E8ECF7F3
20F70709
F930000F
F3201BFC
E402F70B
FAF9F1E8
15FFDF06
170C2105
03F4FDF8
01E5EC09
FCE4FA10
E5032005
08F7E219
FDEC04FB
01F1E100
EE02FCF5
F813F5FF
FF001629
0CFF0410
FF07F904
EEF9FCF6
18FBEFF2
EA0F1A14
FFF8F7FB
0A120AE8
FC060108
E8F4F60B
FBF007F3
1BE9351B
FB11FD0C
03F6F2FC
FDF00203
0D0D0F1E
0A05FC0A
FBFBEAF4
05F2ECF4
02FEE20F
1CE61008
02F8FD14
F502F3EB
F4F8EEF6
F2EBFC05
FCE7F002
0FFCFCE8
08070BFF
F8FAF617
2DF5F6F8
050BFA14
F9F1EF0A
FCFB1009
131F0711
F5100BE9
E61016F3
ECED0706
E4FD010E
13F9FEFD
F6F7FC17
EFFF0E01
2713F3F1
F4F1F315
F7F7F906
F200F1F2
05F2F6DD
E2E7F7FE
F707FEE0
040B110B
04EF0500
080B0000
0CFE0BEF
0B0713F3
0B1AFB09
FC0B11FE
1005DBFC
0EF1170D
01F2FA0F
0DECF801
061E011E
0C0F07F2
04F0E904
FE131203
F402F4FC
29EC071F
04F1FCF7
FCF30408
1A010020
FB0618F5
05E4F2FB
162DEFFC
10F90CFB
14FCFB06
0DFB03F7
EA010F04
020403FE
0A08ED04
F6F6FAE9
1507F40F
F9F01BE5
15E7D606
03FE0E05
FEF4011C
E3DEF115
1FFAF5FF
F9F1E4FF
FF0B04ED
150BF2F6
CDF4E318
01F109F0
0DF30EFA
E401E50A
F8F4F420
F3FAE8EF
EA00E9EF
06FF1201
F815F700
F4F2EAF5
EFFDE8F5
01F5FDF8
F9FE0414
F8ED0111
EDF203EF
260CFEF1
0423D8E7
FE180CE6
08030112
FFF10703
F201F9E9
F0FCF5EC
0C03E2F6
FBFC0309
1B10F7FF
130009FD
0906EEEE
FCFC10EB
ED06EBEF
0A100200
E7FE0BF8
F3020CF9
0AECDCF5
ED00DAF3
EA060103
E7F2E8DC
FF1FFCDE
D5030A07
F5FCCED6
EE0FE9DF
F208FAE3
1BF810FE
0516EEF5
FD06F8F4
03EB0CF1
FEFAFCF8
E3FFFBFB
F5FFECFB
F7F1FBF2
FAEF00FD
09FBF815
D9E0F600
0DE8EBF0
F4DDDEEA
F100FA0D
F1FD00FE
F31DF5FB
F2FF0F0C
F70BF5F2
FDFE03EE
E2F9F3FC
F6FCFCF1
FAEA05FC
CB01FCE2
11F70CF5
F7F20103
1702FDF8
06F9F4F0
0309EEED
0AEF0BF9
F7F60605
FA0A080C
EF27FAFF
FB0900F9
F80C021F
F1F3F90E
18FA0AFA
030CE808
0504040C
F7EFDCFB
DCE9F2EF
EBF4F4F1
07FC000F
FCE2EDF3
1524E700
00F4DEE8
0B0805D9
F2EE0A02
03DB2009
11EFE6F5
F01CED1B
08F1E1EB
000BF810
F90C09FA
F6050713
060309F9
070BE90A
030B0BD5
FFFF090A
F62516F6
05F3F802
0DFE1216
FE24090F
0613E1ED
0A091800
0CF9F4E7
FC0C06FD
18FEE109
2630F50B
23DDE9F5
0C12FFFB
ECEB02F7
E5E4140A
03F90B07
F3E4F2F4
00F8FC02
FFFBFE02
04FDF20D
FFEAE812
11FC1323
F6F4DB07
EAFEF206
ECF4E6E3
FE2710EC
070CF902
0CF9FE0C
072AF5F2
EE0F0BE8
09FA0721
0CDEFC0A
FCF6E2F4
FEF7FCE5
0B07F908
F6010617
0804FBDD
0AFC0107
0E0EF902
E8EFF407
DAE912F8
2AF6EE2F
191CFCF4
020409FF
2006EAEB
FCF4F309
E2E4E8F3
0CFDE400
01140304
FE0206E5
FCFAEE00
1806EFF1
FDF4D00F
0F07FAE1
00F0F40C
F608F5F5
161FF5FE
0208F324
F5F80AFB
0E03EB0B
0211FC08
FFFA0106
10FDE9FA
E90DF9FC
FE1907F1
FB04FFFB
03F4EDFC
F4FE10F5
0304EDFA
06FDF407
0411E404
FB14EBD8
F7FB06FD
00F50FE5
2A300902
04072D11
E9E4F315
0C161214
EF1504F7
14FB2813
03000418
F7F1F012
F9F7FD05
E30A0102
FEFA03EF
1209F013
FBEFF7FE
E80C01FA
0DF7050E
090DFF13
0BF71406
2803F911
FB15EBEA
3108EFFA
28190BFE
28ECF40E
0310F2F7
132B32FE
01F4F610
020D1211
2921EF05
0A03F1FE
F3EBF000
05FE0FFD
11020016
F7F5FDF7
FDF1FBF7
120C02F0
16070402
E5FD1215
F82530F0
1504F115
151BFAFE
020FE837
FD0CFFEF
F8FEFDF7
090203F5
16082612
F6110E28
07F81B05
070F18F6
FBF21626
01FBFA09
12F2EB07
E0090AFF
0CF2E70A
0C0C0AF7
0DFEFE01
EE0D1218
F3021BFA
13072209
04F1FAF9
0AEFEBFF
0CFC05F8
0E151910
FB341204
ED0C0CFC
00FAF10D
03FF130E
0A0BFE19
EB09F5F4
F8F8F8F4
08EF1DFF
2117FDF4
090FF80C
110C1A18
14190B05
E90701F2
1DEC2B00
0904181D
140B0615
E4FCF214
1BECFA02
10FBE5ED
E018F7F5
01F93D21
FEFFFE0A
0CFB00F3
F6FAFB04
0107FFF2
FBFEFF0E
ED060300
1B0509F4
FA0C01EF
0C143708
1E21DC10
06210BDB
EC202EF0
FDFCF5FC
0DE507FA
F1F9F00C
E8F206E4
070DECEF
F603F10E
E8F802EC
FE04FAF3
FDFF1DF6
08F8FF05
24090FF4
FBF8E5FC
0DF51712
F6F7F610
110307FA
0B03F706
1100F615
F4FFF1DC
E3F631F4
F8F20502
0903140A
F0EFF60A
041100EF
F7E1EDF7
1FFB02F8
01F2E10A
FEEEFAEB
FBE506E1
E7E1F30A
F4081313
0608E6EA
EE05FEDE
FD0C2418
0004F0F4
0C0AFFF9
01F7FFF0
07F40E02
E7EEF5F5
00151207
ED180EE6
1C0109E8
F5F1EEF3
0CED010A
0EF3F017
FCF6FCEA
04F409FB
0004EE03
E80DF10A
FF1006FB
3311F4F7
F2FC0304
FA1EFAF1
F002F509
1903123C
F811F203
E5F3ECF0
08FC03F2
FCF9EF02
0D05F516
F30BFBF7
070BFFEE
03132800
08FF0919
FBF600FA
03FAF8F5
0C141014
F9F10606
F8FEEDFE
F5F7EFED
F6F805FC
0E1C0FF6
FDF0EA03
010805F5
333107F5
F50FFC04
FFEFFB06
FDF2E9FC
FFF9020F
F2F2FAF5
0C07F7FD
0BF8042F
F2FDFC00
01F50906
17FAF504
0C0100FE
0101FC2F
FE00FFFF
12030E0C
FD0D030B
F1F40C03
10000D04
F6051503
090EE8F6
EFFD06F7
1CFA08FB
FB0AEDF5
ED0A24FF
04EB3F03
0101F405
EF0F0208
00151700
03FCF31A
EFFD01F7
F6F4EFEA
20F3EF04
EEEDF0FA
240E16DA
EF3EF0DE
FAE62F07
D9DB21FB
EE0C140F
F802F9FD
FCFB0EF9
06F1EBFD
F0ECFE0A
FDE1E508
E7F7F51B
FDF0FA01
18E5F0FA
04020E12
FDFDF1E4
060BFCFF
1AF7F006
03E80FF0
020C0C19
171805F5
0305EAF8
061A11FC
EE1920F4
040206FE
F3190712
E9F405F5
ECF013E8
FFECF3EC
0D180205
0E0214EF
FDECFE0E
08320EF6
F1F40FF9
00200F00
FAFBF3E6
FD010BF3
02F1F2F8
120BF3EF
F420F40B
DFE8F5F1
FDE609F8
0E0810F0
0EF7F91C
F5F90D09
F6EF260C
0C0206F2
1C0911F5
000FFCFF
0A001CFE
080BF71A
19FF0AEE
FE1E020B
FEF4071A
F80818F7
1919100D
1307FBF1
F5F70D21
E1FBFC01
0DE8E4F2
0F1E18F9
0E1B1C0F
EEEC26F7
E5F00CFC
04F2F0F9
FF11EF12
F3020111
01E605FF
FAF1E6FA
FD040AFC
F1FEE5F4
16FC100F
12131F12
F9F31AFF
F5E9F0F6
1102F2E4
FDF3F4FA
12F1EBF0
F1E10200
09050B15
FBE6FE1A
FCFFFF01
13000301
190A030C
00040108
FFE70FFB
0A010C2C
13020104
F7E7FEFF
F3FCE30E
0BF90FF4
26130B20
F7F7F3F6
F2F303E8
FB012223
01080A2D
F9040F01
060605F2
061FF1F3
19F1F706
FF1B210A
FAF8EAFE
04F81000
F10D17F5
1BF61202
FD2C0E1E
000515F4
EEF5F4F6
FAF3FDFB
03FBFE09
F905EE09
F8F9FEEC
11FCFC00
1505E2F7
0632270B
FD1814EF
02FCF5FD
14EEFF02
0DF115FC
0214090F
060EFCFF
F4FA0002
0F09FB13
FB0102F9
F4ECFF09
F10CECF2
ECF0FFE8
0503F8FF
FEEBDCF0
EF03F8F2
FDD9E8F1
070C12F4
E6EDE6F2
071B00DD
F1F2F2F0
101AF9E0
EAFD0602
040AE9E4
FDE50E2F
F2D7EC0E
E8F7FF0B
081AF4F8
FF0A0004
FB050CFC
0BFBFFE5
00F2E417
FCE9EBE2
EB02FDF3
FEFB0AFF
F90F0514
CEF6F8E3
0F0908E3
E9EDF4FD
FC01DFEB
F8EAEEF7
0903FAEF
0C16FD11
EFF2FB06
2EF91621
C3DEF4E6
1E07F5D4
EBFEF6E6
0B10DFEE
F0F800FF
FF09F804
02FB0100
F4F61B0E
0C01EC14
01172BFE
04FE1A00
E8EAF3FA
170117F5
0607F61D
001404FD
F3E6150E
FDF3FAF0
FE12FA04
19FC29F7
F7F4EF10
F71D170D
F60FD9E4
16EE0AFE
05E7EFFA
0006FE03
0206EDFA
FA06FD16
EC04F204
07F3F8F5
1719F203
0E03180D
06FCF511
FCFDF9F3
01FFFE03
F5F5F5F6
EE03190D
03FC0810
FAFCFCFF
FFF708F7
030E1103
FCFF02F5
E71810F8
1414FD18
F310FA0C
0EFA21F4
FDF80137
F71BFDE6
27060FEF
FDF4F217
0516EEE5
21FA0D01
0BFCF429
070E12FA
19EE0713
1813FF06
090411F2
23051601
20072615
1D0B0334
FB0208F5
EFED01F3
FEFCEFF6
EE1922F7
1901F0EC
0332F0FE
F10F09FA
15E10410
FBFFF810
04F013FE
F0000508
01EBE7FB
16FC0505
03EB0702
0127EDEE
11FA1013
3307F61C
FA1D01FE
ED01EB22
12210B17
07F2E603
020D150D
0710F60C
F710FCFA
FFFC05EC
EBE7FAD8
02FFF609
22FDF510
273500FF
F5F1F7FD
10FB0D1D
FFFEF8FD
EBE3EEF2
1F07EFEC
0C10FEF8
03141217
FB03FCE8
02190B08
FAFEF90C
16FE0105
FF19261C
F7F8F102
FC05EAF3
F6F91E01
FBF1FC22
F40702F7
F810F6F7
08DB0EFF
00FDF1E3
E2080AFB
E5E5F9DC
131FEAFB
1BF9010B
EEFC0313
DD12F210
F0F6FEF0
F2F6E90A
10F9FE01
FBF9F41C
E00CF4FA
F5F9E9EB
081FF5F2
18FC00FD
F3F40605
E5E8EB0C
F910F2E4
EDFFFC17
ECF304EA
0D0307FE
F9EFEAF8
120FFC1F
09FAEBF7
FFDFF3EF
F0F50634
02F811FA
08FDF819
E2DFECDF
04FBF4F9
02FA01FD
FCFB0603
0903FEFB
F906161B
000501EB
F5EEF308
FBDCDD16
E6FCF8E8
F201EC10
170409F5
00FEDFDD
E1FC01EE
02F8F7FE
1413EFDF
F7ECE1F5
EF05EDF7
FFF2100E
2A08E10E
073C1A10
1C1DFE0B
06FA08F7
F509EF00
FB091FFE
0C08FD04
E9F3FEFE
F10DF611
FD1DF0F9
09F8F9FE
13FEFC02
FAE8022D
FEF7F5F9
F704E1ED
EEE900FF
0004EEF4
F9120AFC
1507F9EC
F82522F0
0DE719FE
FA04EB0C
FCFFFE00
0308FF0A
10F103FC
F6001404
E6F6F5E6
04EDFC03
12FEE3EE
1A0D081F
E2F3F601
0AF50BFB
FEEC0B0E
09F60004
000B08E9
1B1C1513
0942140B
0FF7F603
0106281A
E8FAFC04
0BF802F5
FDEC1B21
07FBFBFA
E609E801
0401FFDE
0D03020E
FA01FFFC
D8F2EEEA
E8F006DF
F6E92AFF
1300F529
E9060803
F30C1CFA
E5F10203
F9F2E100
141604FB
00FC1E26
EBF8FA0A
F1FDFCFB
03FFF704
00EAF004
07F6FC0D
16FEFCF1
FB200AFF
ECF107F7
21100BF4
FC180921
26EA0BF2
0DFFFF1C
0BFD0303
011D04F4
070B230B
1609FBFD
090FF3E6
FF0A11FD
ECDDE400
FEFFDFF8
FD0EF6F4
F10E1813
0EF1FD13
1401EFF5
FB0DFBF5
10FBFBF0
000702F4
E7F10104
F9F2EAEA
02F40114
EAEBE3FA
11F50D10
F2101D02
F9F2F008
FAFB01FF
0E090911
0702F5F9
F701F8F6
FBFB0CFE
FEDDF7FF
031C0314
FC0712FB
030905FD
F0EFF701
09EE1AE5
11F10714
1AFB060C
0409FC16
0118F9FC
05001003
0DF908FA
0AF00208
FAFFE500
FDDFF00D
FFF6FEF7
07F8FD07
080301FD
07080401
E8F901F4
F4FAFF00
F303F407
FFF8F9F2
F104FCF7
09FEFC16
FC000800
FCF1E7EA
F7F3FAF6
09EEFCFC
06F9E502
09302AFB
FA071B0C
F201FBFE
FDFB06ED
0F0001F7
13050303
F5090500
12FC0F0A
16FBF902
FA1D08FE
F4190601
FFF7FADE
F81DFEF8
06FD1200
0708F124
0F11FCE9
F1DE031E
F904F3FF
F2FAF3ED
F7190EF9
08FBFAED
08F0F814
FB091FFC
10ED0207
FEFFEDF8
05FBF5FE
F3FAFDFF
0707FE02
07FEF4E9
0D1EE916
FA08140F
01FF1B0D
F900F30A
0F4208F5
080E0D0D
FD05E0F7
EB07FEE9
07E917FC
F41A18FF
EF08F70A
0C041E04
0D10FF02
08FCFF02
F81601F4
EE04F4F4
F310FAF2
051A230C
E1F602EE
EFED000F
10FAE9FD
030DEC18
FAFAF7FB
E9FF0803
33FB08FA
080CF40F
DDF5F6F9
FFF1EFEC
0EFB0707
DDF31CED
F3F3F0FB
FDEAF407
EFF504FD
F9E909F9
00EAEEFD
F901F1F4
BCF52101
F4EBE9E7
06E80BF1
FF030309
1B02EB09
F215E8F7
F0DCFEE4
F32AFC06
ECFC0BFE
0B10FDFD
130B0604
DDF400F5
00F4FDF7
EA02FF01
05E8F0F7
170AFC09
F30104F8
F01719FB
FCDF04FA
F0EFD30D
DCF7F922
FCF6F9E3
F51E13F2
FFE5F91C
1101F8F5
F3E0FB00
F50FFFEB
1213DDD6
0E18101C
0FFCF9F5
EFF50B23
150BE316
02F6F9F5
FE19F9F5
07061001
0E00F307
040926F6
04E4F30A
0E02FC01
0E14F9FE
F9F71402
0CF4200E
E2EFFC1A
DFE2F8FA
FF052A1F
130603F5
F00702FE
05040B1B
F8F70008
110FFAFA
14120CEC
21020F10
19060A00
120E1513
0A0D0D00
FDF7F400
0608FA1B
F0FA090D
011C0907
F411130A
0603FFFE
F30608F9
F5F30906
FA0CFEF1
FDFD1600
0BF6FEF4
040EFC0F
F802000B
F9F6E7EB
F9F9FBFA
00F9FC0C
0907F3FD
1E1E1EF5
FAF20C1A
E20AFBF5
F5FAF3F7
F31403FC
24E8F603
0F19D6DC
090104FA
F807FAF8
FBFB0000
F801FBEE
FB01FEFF
150DF3F4
0AF7F607
F409391C
010404F6
EF291EEB
12130201
04F6F911
E3FD1DF3
0203F1FD
02FD0E25
F801FD06
FA0C030B
F9F80213
FF08FDFF
03020005
040EFCF5
09F9E80C
0401FFFA
F302F804
0D39FCF5
E8D9F103
FBF5F8F7
0BF906F6
EFFDEA09
0A04EC0B
FEF107FD
F4F2F5F9
0FFB001E
EE05FFF5
FFF5EFF5
00F808FC
FB0109F1
FF1025F9
F2F7EDD6
02FFF6EC
FDEF1101
FDF70C09
FCFC07F4
E909330C
16FDF707
2C27FC04
00F3E213
FC1DF0E9
F6FFF6F5
EE0608E8
F100F2E9
F90305EA
FAFADDFB
F7FD160A
FAFE0002
00FAF901
0FEBF302
0102F9FC
0C07E90A
FCFA04F0
04FCF906
F001F80D
F9FCF9F0
1B08FAF2
00F7F303
23FF121C
FF090604
EA0DEDF1
F7F0FDE6
F70E01FE
EDF10EF7
F1F712FE
0FF2EEF8
F90700F3
DDFF1002
08D3FB08
EAFFE804
FBEDFDE5
060DFE16
F9F60207
1FF5F7F6
F6190A02
09ECE6F3
EAEA0104
EFECD7E4
05FD0304
1419FA10
FE240D13
0FE40905
E100FEFD
FAEC06E8
20F8FAF2
0C08E70E
0C15FF03
011203FC
F803F3EC
00080910
F003FDE5
1209F605
F0FC04F7
0B06F6F4
F40AE623
070605F4
FEF502F6
F9F62F0E
ECF4FFF6
F1F4F5EB
E92308FE
02F9F7FC
F5E8FB18
09F200F9
05000400
18050C0A
0CFEF5F4
F6EBFA16
1CFC0905
3213EA26
F815FFFB
13FE06F8
FC1A101A
031D1003
F0FC0006
0400E6E2
040CFD07
07F8FFF4
EDF904F8
09011201
20FF0209
E400080D
FE110FFF
F1F4FCE7
200B13FC
F80D0C18
F50CF4EE
F70609EC
00FB060C
F7FBF6EC
FC01F90A
0E10FFFE
F51802FF
F3EDF2F3
F3DFEE09
FBE2130C
1407F004
D402FE0B
030510FC
150212F2
2112FDF4
06FB04F0
060AF209
F5F7FF1F
03F50714
EDFDF806
091901F6
11EDF9FA
E3ECF707
05DE05EE
130D1509
ECFB0B05
FBE8FAFF
FD11F7EE
F6EF2214
0700F5E4
F812F5F7
1A030006
F505FE00
010D1C06
FF01060C
08F7FDFA
3601E807
06FFFB05
0201F4FE
FEF70603
00F4F606
ECFFECD9
FE101E05
EBF00002
FB14FFFB
FBF6ED0C
FCEA12FB
F8F90016
00F8FF14
09F8020C
0A030202
00EBF609
FC081005
F8020EF4
F001FF02
02FA08F4
F608FC1C
00E8F929
24F00500
F61A0A16
26FBF90D
F720EF01
F90AF2F2
F3E9050F
070B10ED
04FF1218
FA150F17
F9EA07EF
00EF0B0E
E610021E
EEFAF7F0
F0F81906
EC1B2C13
EE0210F7
0BF00FEF
F805F608
05F8F6E5
FA02FD01
F6302918
07FE01EB
F9F6FE06
0E00FE14
13E104F9
F9E5FF08
02EEEE02
0C0DFB00
EF00FAEB
F92200EA
F81408DD
FCFC0CF8
0CF102FE
EDEEE9FC
F8FFF015
F8EBEBE0
E104E9F4
17FBED0A
0302DFF7
FB05ED08
0A0F01EE
0F19161F
F903F8E9
FFF2000E
0CF001FB
E7FE2402
FC0206F0
FC04EFF6
0C17F6E8
13E6FE1A
0300F201
0312EE0D
FF0908FA
15F60002
160D0609
10190807
F9F9FF09
05FEE6E3
0EFC0D03
060209F5
E6EDECFE
1101ED04
F9121A0A
FFED0019
0706FA16
0F090917
FBF30F01
060F0AFD
ECF8220C
1CF6F9F9
F209FCF1
F6F40203
16230EFD
E9E7E70C
E11614F2
F6080CF3
FDFDFDE7
050E000C
02000008
0102F8F1
F0FDFFF5
FDFCF8F5
FDF002FD
02041A01
03070203
0DFEEDFF
14D9DFEA
F8010C03
08F1E8F5
16FDFCF3
F9FEFE12
F8F2E608
E3FBFC05
180AF7ED
01E8FA15
FA0E0500
E9E01109
FB0FFE02
EF102227
F1E1F8FE
01FF0BF3
EFFF0AFC
F2E502F2
03FA06F6
F7F7F5F6
EDF50003
FAEF11FD
FCF6F8F2
EEEAFEFF
FC11FDEC
06FFF0EE
00E4F5FB
0AEDF90A
01FEDF08
09EA07EF
0A10F615
FF0710F9
E8E011F0
1502F619
17FC0525
F713F311
EA0DFAF6
F906E7FF
1CFB0503
1109EB0C
03061CF0
001CFA15
04051AF0
0D00FF0B
04F4E3E7
F602F4F0
1BF1E903
F6F8FCFF
0EFE0A0B
F2FE1518
100CDBEB
0505E6F7
02010A06
D8ED0F16
FB0801E5
00F21F1D
EEF7FE1D
E201F80F
F6ECFDF4
0CEDFD0A
F8EFE2F8
07FBE5E4
13150A0F
FF0B0202
F7FA1201
F5FDDAF2
EFEAFDF8
0DF4FA01
F6FD02FA
00F3F102
020413EE
0B13082C
14FCFC00
04030B02
DEF80121
F8FDF8F1
F9FE06F0
FEFBF3FA
FD01F4FB
0CFD0516
F2EE0EFC
F5EDF100
0BE710F8
00FBF608
1F06F406
060A14FD
2201151D
EF00FE00
EA0AEFFB
F7FA120A
FD0FFB0D
FCF9FBF1
F604FAFD
E4FB15F2
1814F5FD
FD12EE04
03F2FDEF
180613F9
1402E70A
F6F802F6
E3EB0305
0D27F2FA
1AED0A24
FB0E0006
F3E2E1EC
131403FA
10E103FC
F7F72510
FDF2EE08
F202F2DF
E9F1F6FA
FB1C2F0B
00F5FAFF
F706EBFD
FB13ECEE
FAE91AFF
020F04EF
F400F505
F8F704EB
FCE5FCE6
060F0403
FD00081B
FE00FF0E
EA0207F4
E2F7F804
04051AF3
E9000A0D
EB05FA0C
E7F6351B
0502080A
FADAECE1
FB11FCF8
E7F6E1F0
F5F20AD4
D2EFF916
FDF700EE
F0FF0A0F
F3F3E7FB
06FA07FB
FBEDF701
FCD8EEFB
011DF2E6
0320EDFC
FD000C08
F5F1F000
E3F512FC
11E7E0E8
EEFFF0F2
DE10F2F4
F2F3E7F7
F8EBF8F6
09FCF9FB
25F9100A
E212F418
EBE92900
FB06EBF6
FA0107F4
FB15FF0A
0DEEDFED
FE12E71E
0AF305DC
EEF0F3F7
08060B1A
F5012304
E3F605F9
E80707E2
D3DA100C
F90601E6
FEFDEC0B
FD06F809
F3FAE6E0
F7FCFCF4
F1E6F0F2
0702234B
06F3F9F4
03F1F509
0609E100
E4F413E7
FEEDEBFD
100F0501
06F70C07
11F20303
F100052A
F3E9EDFB
FE17F6FF
FBE206E5
FF02FAEF
19E5F505
F31201FF
F013EBFA
FEF10815
0207EBF0
E1F6EAE0
1300EBF5
1F15081A
0A1BF715
1226ED03
F7E2060B
F8F7FF18
FB00E7F8
32100EF2
00F9F61D
0210E40D
F4EBFDF0
F2F808EF
12000A00
FC000C13
0608FFF0
0B091DF0
FEF90211
F70403F3
F6F3FE0C
1912FAFC
FD030714
FE05070D
0406FEFE
F90728FE
F207ECF2
F7EFF8FF
F5FDF4FF
EE0103FA
00EEF6ED
FFFC0BFE
03F701FD
F9FD01F8
01F7EAFA
FFF0F3F5
F8FFF700
FFE4F8FC
0B06F8F7
FF3AFA00
F4E9F1DC
F4EF03FE
F9F80002
F2E7F4F3
EC00F6E0
1617060B
EFF70619
F7FEE707
0BF6FAFD
FB0608FF
EAFEE3CC
06000CFB
0207FB0D
27F9EBFC
F508D817
FEEB00F5
1A02FCFB
F7111326
F60619F1
1E0AFB02
02FC013F
021419FE
03EA1935
F0E50916
F7EEEDF0
F40F0D07
DEF50DE5
01F2FE14
FCE9EEEF
ED230EEB
F702FDF4
FD000613
F50FFAF5
2106F9E6
05361715
180DFF06
0121FC11
13E4FE1D
2AFEE70A
EEFE1C16
0CF5E0EC
F700FBF0
15020502
04FB0205
0CFA0FEB
17320903
F8FBFB0D
0DFFE7F4
FD09F010
1309E0EE
0E0BED08
02F4F71D
3200FF0D
0A0CF222
F80BF6E5
FC0414F9
2118FF04
0D0F1C0F
E802F4ED
FEFF05EE
021107FF
050201FE
FEFD1806
000D0101
001A0515
051EFBEA
F40102F1
0DF7F101
0FF5FB02
FAF3110E
001C07F3
FB040517
100711FA
EA04ECE9
16F4FBEA
14EEFC12
0BF7F404
15FEEBFF
16090C09
F60BFC05
F4FCF200
F9E7EFE1
FDFEF4E8
EDE5F509
0308FCF0
F4011CF4
FFF2150D
F6F5F2FA
0B00FF03
1C03F311
07190F1A
FA1417EA
EEF8FE07
09FAE206
F7E7E607
DE130509
06060CFF
1310F0FA
0C04F41A
0216FCF9
F1F4F2FC
150B0310
0B09F003
0A28F5F8
13EC17F9
03241309
10F70D17
04F4F702
F1F1F0F3
F80A19FE
0EFF250D
1E00FB0F
0D0ED4F6
131EFCEE
EA1900FD
0CF612F5
F9F00D24
0CFAFD05
09110301
EF02F9F5
F9E9F2FE
E7FF0803
FC14EEF6
23050201
F0FCE9FB
0C01081D
04070CFA
00012B20
ECEEDBF9
F5EC31F2
F10B06FA
21FA0910
1C1B1514
F4040EF5
FFF6E80F
F4F8F6D8
00210CF4
E6EBEE0F
FAFF09E7
F6F5F3EC
1F20EEFD
FDF40825
0BE0F3F8
D8F1EAE3
F9F710F9
FFFFF100
FC1D1403
F4F5F8E7
000721FC
FCE3051F
F5DC061F
F7F9F504
14F3F9EA
21FB1630
07F40516
F6F3F8FD
00FBF9F6
F2FFF2DF
01FD1B10
01FFF309
EE1C0A04
00F4F1EB
09191BED
050C1602
F70AF9FA
ED05F7F1
04EDF109
0DFC040F
00010406
F5FA0B08
05EEEEF7
090B0805
0A090C00
0F110610
F7FCFFFF
0CF4FEF0
0600F7F7
FC05EE03
0DF900F6
0705F5FD
09FFFB17
08FCFA06
F90202F1
0300FE03
16F90707
FEFBF710
ED00030D
F3E6FCF6
F8F90900
00011BF3
191DFAF7
0307E3FA
ED021A0C
EEF606ED
F814E8F5
08041816
3407F107
0F1B0105
F1EEF208
EAF7EFFC
F9DDFE06
15250A07
EA521BFB
0F0EFFEF
F7F7F3F8
03E1E5F0
EC05F6E8
FD01EAF0
0FF5EFF1
0C0906FF
0F0DF7FB
07FF2B0C
0704DF0A
00F9FDFE
E7F6E4FB
010202F2
DCFA0BEE
0800FDFC
0D09FEE6
FD0209EE
F4F30211
0E1BD4E7
FEF80900
080DF1F9
121BF513
08E8FD01
F6E0F5EE
FA02E7ED
FE0808FD
02F6F00D
FF051107
0501FF0D
12E8ECF1
04011A21
09F2FD08
0AF3F9F2
EEE6FA13
FBF5F2F4
1604FE04
F2F40EFB
F102F908
00FB210C
F4110006
000119F8
FD03050C
0B0EF0F9
0DEE01F8
F9FBDEE1
12F9E90D
FFF6F309
06E6E4F3
F4FF0811
0E0912EC
22EBFB06
2724F30C
FBFFFC04
DE0405ED
1706F304
F5F50607
F2F30810
274202FC
042009FC
F401F007
FA0BE9F0
250FEDEC
10151205
FDEDD6FF
0708FAFD
F2FF1109
F3090509
0100F601
19F9FD0A
150AF901
121E100C
04F207F5
031AFA09
0E0F0001
FD0EF2FB
F5FAE00B
FAF7FEDE
1209112A
FBFE5717
0011F905
FBF01801
F4FAEEF8
F806F106
E0ECF2E1
1D021A04
F0E9F90B
F3ECDFFD
F7021AFA
FE1418FF
F2031520
F40AFBF1
E4F9F7E1
0F09F0EE
0D15030A
F4F6EDEB
03FC02FE
1A0DF615
FB06FBFB
0BEDFA09
02FBF3F6
F408FA08
0EF6F2FD
1B0F1007
0103EF02
0005000A
DEF7FAEE
1FFF01EC
17100008
F7FD0B0E
EFE8EEF4
05101609
FC07F50E
FE000AE8
EF08FBF3
16F6FFE9
FA0CFE07
EB13130F
080815F5
FC0B05F5
F30C10FF
EC0AECEA
E92920FA
08F30B02
FE16F3FE
F00A0726
EFF90CF5
EEFE1AF7
F7ECFD09
00FC2603
F900FC13
1C2D0407
E609F6ED
05F30D39
07FF0806
EF12FF06
FAFB04F4
140306FD
1703F501
060DFF1E
F508F808
F6F600FD
F3F502F7
01EFF7F9
1EFEFA11
0EF0FC05
1805FC16
02F9FB0E
15150FFD
FB0606F5
FAFA010C
02DE080F
FAF2FCF4
F1F0EEF8
07FBF4F1
100C09F4
FAF318FD
1BF5E4ED
FE06F7FB
0D04FF06
0810FD02
FBF9FAF3
03F80D10
F9F50919
0B15FD0D
14EA1603
11F5FA26
F7F7F6FF
F5F3F2EB
FFF6EFE7
050207FA
FC1E29FD
030402FF
EF08FB02
09F7FAF8
F5100FF8
0019FC0B
FD07EC06
1BFC14FA
14F903F4
041B09F6
08160604
0613EEEC
0C0CF5FE
17EF1106
0C03FDFD
350CE9FE
E0F0071D
FDF7FDFF
0409E4E9
07E40603
FBF9EF0F
EFF90F0E
EEF60303
02E9F704
E410FB10
041510ED
F7F1EFEC
01EF0BFC
FDF9F416
D4FC05FD
FFE8FC19
F4EEFB00
16FB05FC
13001C01
F70BF9FE
F0020002
0EE21906
0C11F520
EF0DFE03
FDF0F70B
F10A1101
110D00FE
F3F30E08
F9E8EE24
FAFD0001
F5010B02
FAEBE8F4
05F90909
E2FCF7FB
F611F3F7
EBF00BF5
0319080F
FF0CF7E2
0F1206FB
072B08FA
01F72210
E7FAE2FA
F0F90300
FAFAF5F5
F00DFFFA
04F8023D
111B0D0D
FE0BF90C
06220300
0A0F09F8
1A181BFC
FEE6CAF4
080902F9
121A0912
DB04F5F0
F4FFF5F8
E01B0914
FCC60902
EDFD0209
FEEAF303
EEEDEFF9
F5E403F0
F401FBFF
EEECEEEE
09EC0EF4
DFEAF50E
F6DA16DC
1AFBFA1D
FD19ED08
01F6E8FE
0800091E
0AE8E3F0
EEF212FC
E5E4EF06
EB0B0609
EEEA05FA
02E0EBFB
F424F8EE
ECD1F802
34FA1518
F724EF04
FB10F009
06EFF5EA
D62909DE
F8F00716
3505F905
E709E8F4
0A0425FB
F1EE050C
F5E0DBF6
EE05EAEF
F5FF1904
0F140DF8
FBFBE7F8
00F9F8F9
06F70810
FD020216
EBED0EF6
07ED0EF9
01EBF7F4
0202E7F2
060EE9F5
01FCF3EE
100C1803
02EEF7FC
F5E6E9EB
F2E0FBFB
FDEC0DFC
EE070401
F80604FF
0130EF05
F10619F5
06120202
FEFB0CF1
08F703F0
09F800F4
F61BFA13
FCFAFD02
F3F5F1EF
05FAEEF3
FB0E0DF6
F30C01F6
00EEE9DE
FB0F01F2
F0001408
08E40614
02EB11EF
06F9EDFE
1711F50D
F101FDEC
0F1B03F2
06F01706
0E0CF305
FFFBEC0D
DEE8F3EB
0E0C15EF
F8F3011F
E808EDF8
F6EF1FF0
1312F5FD
EA202C0F
0D0C0C09
EEFEF611
F3FBF1F7
08E7F2F4
08041921
F9100BEF
0AF70B03
FF06ECEC
EEFEFBFA
04020B07
05020805
E10C15F1
29F4FEF2
1C0EFD02
FC1E0F14
E9FB0B0D
07E7F633
1500E7FC
0CF5E7F6
30141127
F0EE05FE
0B0ADFEA
FB13F5EE
03F7FCFE
09E7F0F1
EC06F806
0000FBF1
ECEEFF08
001003F4
F5E3EFFC
1BDDECE7
F1090208
1A0EF8F3
0A1FF9FB
17FB000F
02FBDA08
F91E10FB
110A17FE
0DF90CEF
0109F406
04FAEAF1
07F6F308
04E3F4E7
08EFF3FF
00DEF807
05FDF4F5
0408F41F
101424F6
FE131B06
F3EF03FB
F605EE22
FBFF0903
0614140A
010100E8
020A03F9
FE05FFFB
F5DFEDFB
0A130DF8
F91105FC
FF0E0F05
F6FDEE06
04FB01F2
0206F902
1EFF0013
FDEE14FF
FEEBF714
F80307EE
03FEFB04
F8F62704
EE07FEFD
F001F308
FEE503FC
00F7F0FA
E801FA06
03FC0DFD
0415FDF4
EFFC02F2
01FDFA0B
03FF120C
06090A25
16301EF5
05191EFD
00F4E7F3
F91FF7F8
01EEF301
0907EAEE
06F60EE4
F4FDF605
F0F2FAF5
EF00FC02
F00C1D08
F4ECF5F8
12F3DE22
F51A00F1
10F400F8
0AFC08FD
33DEE0F5
ED07F8DC
F7FEFCF7
270E0AF7
020EFEFA
F9EFF703
2702E80E
F00D11F5
17F5F103
08FB06FD
03000C17
00F5FE09
F7121812
ECF60006
03FF20F9
F20CFBFC
EAF7F0E4
FBF60705
10F1F3F9
0AF2F50C
3024F115
F90C1E00
F2FE05F8
0019FBFD
EA010406
12EDFE17
FDFCF425
F21B0EEA
12FEFFF7
FEFAF81F
00F8F2F2
EFEC1411
10EDF6F1
06ED272D
FCFCF729
EFF3F9FA
042020F0
11F212F5
FC0BF008
F9F2F3FB
2505050F
F9FC0AFE
130F0302
0D131319
03F5F4FA
FCE60708
F70B121E
0A02060C
05E9EB14
090EE8E7
F9030BF3
F6FE04FE
0CFAEE26
07060A07
02F503ED
020D050D
FCF50FF3
F1FA06F6
EFFF09FD
ECFDF6F6
1203120F
EF280012
FBF21408
F1F80C0C
FDFE0B00
F5230EE3
E9F11513
0E1D03FC
F7060402
16F1060C
0007F5FA
F0F6F306
21F7F40E
F4F73D0B
00FCF3F8
F32213EC
0201CF09
FA13FDE8
1903FC17
FE0B10F4
03F00D06
F514F505
0C01EEFF
07121004
FAFFF90A
F9FD00F5
E9F702F7
FF00FAFC
02F900F2
F7EAF1FE
0109F3F7
04150DFE
DD090AFE
E9EAFD00
09F3FE1B
0F03ECF5
00FDEF0C
2002F7F7
FEF8F20E
09FD0801
F7FA0E06
01ED021F
F7EF070A
030112F7
FFF11B11
11FE1714
F2E5F120
E3E0F608
1B0FCD29
FBFD47BB
11E7F7FE
080EF6F9
1B12FEE2
0A231001
FD04E3EA
12F6EAF0
F0DEE608
F510FE1D
11FFF6F7
F9FDF10C
13F8E7F2
2613F838
1B001413
EB1809E9
FAFC15F4
EEF6031A
FB040913
F5ED040D
01FE01F1
F8EBF2EC
FEEDF305
FD10090E
F5FE03F5
FB22F2F9
0E1E08F4
10FCFF06
0EF1EAF9
E8020F13
EFECF20D
182F0F04
FA07210B
11F90116
0D03FB11
ECF20AF7
05EFFB10
F004EF13
F30F09FA
EFF3FC05
FEFBFE0A
15FEF311
FBDEFCEB
F4EE0207
F1F1F4F4
1A0D110D
1303FF09
E5FAF1F9
0109FD07
0E03F70F
091C0607
ECF2FAFD
EDEAF0DE
0400FFED
EEF6E8E9
11F00010
ED04FCF3
08F2EB09
DAF9FBF7
E9E6F3F6
00240B00
08FBFCEC
F4E5F106
FDF4F8FB
1AF0F503
F1E7E3F8
001C12F8
07EEF424
ED171509
2E06E5FF
0E0F1401
F2F6FC14
F71FECF0
0AF61205
020DFA05
26F20201
2310E4E0
FB0F0A22
ED08FD01
FF0E03EE
02F7F70E
F51B06F8
0020230A
101AFBFA
F4FBEDF5
09040DE4
FEF7F3FB
F2151705
05F4F7F7
FCF4FCF3
E5F2FCF7
12FEF713
270BF7EC
F2180FFD
16FA01E7
0005F00B
FFFE15FF
E3100801
05E1EE03
E8FEE1FC
EFFFFE04
0D100AF5
F90003F4
ED11F6FA
0C01FAFF
0A170512
F5F0F2E3
F8E7F500
F3FEEAF3
15111915
FF02FEFE
09F5FA02
06F9040D
0D1407FC
0E11E3D9
02FBED0A
EFE6EEEE
FDF10CEE
161EF315
F401FE07
01F9FEFB
02F6250D
030D03FD
F10A17EF
0CF100FA
F7ECE7F9
08F20409
220EE7FC
0E03F325
060DF4E3
E6F51AF1
F9E006F8
FE02FC09
FEF7E3E0
F3F8F0ED
F0E30319
F9F3F801
0FFCEC2F
E803F606
080D05F1
1000F3FF
D4F20900
18E9EF0D
000718F4
F8000D30
F4FFF8FA
FBF500F6
15FEF8EC
0DEDE804
F0FCECF3
F025F807
FCF2160D
E8210010
04101CEC
FCEFE8FE
EFF6ECF1
E8F4EEEB
190B0B07
FD0B0412
FFE8FAF8
0401F5FE
F51EF0FC
FDFD03FF
E0F21603
10F7FA0B
0FF50B18
F7E8E819
EDE3E4F5
DEE8FCE7
1E01F509
0210EE06
10F30B09
E7EAFAFB
E7ECF1D8
11FCE9FA
1726F7F9
161D05F3
12E1FE15
1E2D030A
FD060201
FCF5FA06
0909E3F4
F7FCEC10
02031103
0D180711
FEFA04F1
FF170C19
FEEEF5EA
0907FC04
14F4EAED
06FDEB03
0BEBF70C
05EEED0C
000509E7
F60D0AF3
E1140A04
0DFEEBF4
F60E0308
FEF3FB0C
072201FA
1108FF06
E9EFF40A
3306FC05
F6240A0E
15F603EF
F818F5EA
02E4F504
000304F2
04030106
06F9FA05
FA153612
F6EA04FC
02F3E80C
02E3FEFA
091BF411
FEF4F700
F501EAEE
E7F0130A
02EF04FF
F1FA0608
F5FE1BF0
13FDFA11
05F2EFF7
E3EBEBE9
F4FE12E5
F7011B1A
ECE41CF4
14F8D5F7
D415F4FC
EBFEFE08
FAEC0AF1
E7F802FD
F8FAEAF3
E00AFEE9
EAFDE0EC
00E21812
E5EAE104
F9DAD6E9
12ED1021
F4F60C0F
DAF0DA24
00FB15F6
FD1BEE09
FD0014EF
10FE04FD
0619FB03
FCEEFA0C
F0F9161B
18EEE102
F027FEFB
F6FE11FD
0C02F7FA
EA220FF0
060A07F0
FD170D02
34070CFF
0F1F0210
0915EFE9
F00FF007
EB0415EA
0E07F9EE
07F91101
0A2002E3
FD172712
08F6051C
0C07F200
032002E2
000D1CF9
02EFF3FB
09F9ED05
23EBED09
14E7EDFE
FE0CE90C
17FE1900
001BF2F9
17F8F510
06060CF1
F4FF0115
FEEAF9F9
FDF70809
F8EBF42A
F6F0F5EC
F52200F0
FBF90403
0E0DF802
F01CFD00
01EA0709
000E18FC
F0FF08FC
08F0FCE7
F0F90CFE
F607090A
06E21517
01EAF716
01FA131A
FE020109
270701ED
E71AF203
FE1C0BF3
13F00317
E80FF7FF
F7FC0915
FC06F10E
0700FCF2
17F71412
1C18F012
ED09F500
FC1D1909
F4E0F708
0BF6EFFD
03F10118
F2F5F8DE
0C01120C
1B000500
16FBE0FE
FB0B07F8
082802FB
07FFF9F1
13E018F8
FCF5F4F3
0EF7F2FC
25F70F11
F5090918
FEF300FC
03FE0205
F4F80206
FEFB0B02
10FDFF03
F10535F8
E80821FA
F6F3E1E8
FBF9FFF1
220D190B
26DEF529
171BFCFE
03FBFB10
ECF208FA
F30B06E0
F0F500FE
0604F6F9
0117FB01
06FF000C
0F13E520
FF0010F0
FF0303EE
02F8FD04
04EA2216
2BFFFB15
F70FF8FF
07FD0CF0
F411FE0A
F6F1E401
ED00F704
1203F9F6
0B2D1D09
021710FB
EF1A3009
0E01F303
F8FAFA09
17F6F9FA
E61DF4F6
FA0508E0
E9F60C01
F6F6FC11
01EBFB09
020102F9
1303E8EC
EDF0F8F3
F3E8F6F9
04ECF91A
0DFA0D02
0A0BF82B
DEFD05F1
E5E605ED
060B0609
F1F7FAF6
020C2910
1C0A01FA
0122FC06
F2010CF7
10FB0A07
FAF317FA
FE01F002
0D1AFDF7
F607F000
FDE30003
0AF9F914
1003E9F4
10FDF9FB
09F501EC
F5120404
EFED0CFC
2306F30F
FD160FFB
F1FDFB00
FCFDFBE3
14F3F4F4
F4F9E7F7
0F02FC08
F60F0BFB
F207ED0E
F6F20DF9
F0EDF1F8
1209F8F8
FFF7F704
02FBF309
E80501FD
F3001502
E8F3F2F7
2EFA11F1
FEEFF824
08F7F7F5
FEF80F17
07FC03ED
F6F6EDF9
0205F8E5
0906101C
FEEA0209
11F2F90E
1200FCEC
F111FEFD
FAF3EEEB
06E4E301
F5F10D14
08F5E9DD
DAF8FDF9
EBFDF202
F2DB1402
EBDCF7F4
EC0501DD
F5F5FEF4
FFEDF2FF
04F70400
FD000301
FDFAFFFF
F406FE01
06E705FF
0AFFEE08
050A1118
1006EF02
F2F1F4FC
15F1FAF7
FDFE1909
0A1D1B05
FF050A0B
000BFC03
FC02FFF9
F2FEEFF9
0BFF00F3
03FEFC0E
04010305
1EFF0612
040F0438
F8FAF608
FFFD0D04
0F0005FE
FA0503FB
09033819
11050319
E80700F5
FBFA00F8
FE07F5EF
F0F50007
EE06FAF8
F4ED03F7
FA0D0E07
ECE10600
0CF6F300
25080319
FFF0021B
1301010E
FB15FBFE
F70F2008
EFEF10FC
29EDF914
2413F828
E908190C
0CFCEC12
04001E1D
1000FC05
FCE3F5E7
0BFA01FD
FCFFE105
FFF8F006
E8F7FAE8
ECFA0A00
0E0A0406
121EF6F2
E7F70FF4
F6F3E708
0FF8F50D
02FC0708
1804F52A
0BF804F2
F9F72201
0E10E0E4
01E2FBF6
FDF7091A
ED24170A
060B0EEB
00FD3DF9
20FDFA29
F1030608
FF0013F2
12E9E613
03FF08FF
FC05FDFD
0F010B02
FC0E18F9
FCEB0606
F113FC01
010907EE
FE01FB00
FD29EEFC
080A0EFE
ED0621ED
0DFBFE03
FC10FE02
FF002300
F8FBE6FC
02F80EF0
06EFE103
010C0A0A
030C01FC
1A210606
FCF500F8
EEF2F404
0B010813
2003F901
250FE5F3
F703060B
03FEFC13
03080BF4
0614FC23
0BFFFE08
1434F2E6
1002130F
18FE0E18
F8F8F907
10FA09FE
F602EE1E
0904FEF4
FAF405FF
F3F40900
FB0FF7F7
ECE30508
F80FFD01
0106FE03
FE16FC05
060E04FB
0A0F1CF6
0A0E0F0B
DCFC010E
F4EEEEEA
00F3FAF3
FCF4FAF8
110B0102
FEF3FBFC
0C050C00
EE210B22
F4EB05F5
F30E10F5
04FF07FC
0108F70D
0D13040B
1328FAEE
F4FAEC12
0D03EC08
FB1209FD
F9F5FCF2
111904FC
FE0201F9
F4F416F6
0B0BF7F9
D3FB03DF
02F2F6F7
0A06EF12
FDEA2D0E
0F09F6FD
F5F1FB01
02DD05F5
E50CFDEF
FA030010
00FBFCF3
2C0403F8
FA0309F5
F50DF504
FAF6F00F
25F5FC04
2B0EFE0B
E70CECF8
0AF5FCFE
E2F801FB
031B0BF4
0C060316
04EDF7ED
E6F111FC
02210E2B
F80800E1
0401F5EF
05FE0CF0
070BE202
06F91AE1
FCF7080E
FB20F403
F9081BFF
E8FF0103
FC010AF4
FCF30CEC
F2F8F8EE
0C17FA19
20F8FCFE
F60A0113
EBFAECFC
1801F9EB
EE130DF2
11F4F500
14F5EB17
13F3EC12
EFECF4FA
D6E7EFF9
F4121DF7
ECE6FCE1
FFF6ECFE
08000BFD
E811F8E1
FE10FC05
FDFCE807
0202FAEA
FD0D20F1
0011E80F
DAF40303
021207E8
08F7E1FD
0602F0E8
F2F7F5F5
07DEF3D7
07FD0E10
FCF102FA
E902140E
E5F3FAEC
04180CE2
14F4EEFA
0902F8FB
09F3EC05
10F9EFFC
15F5F20E
FEEFFFFE
05FB0A0B
FA17FAFF
10FCEC0B
0020F6F8
E6FFFBFF
0AF30BF6
E8100602
FCF70BF7
FDF90509
E015F3E8
F82B08F0
E8E409FD
26F50211
0D13312F
F8FFFCF4
0B1E30FF
ECF10513
04F609EF
0002ED07
13FB0404
03F61910
0F10F7FC
0E03FD14
EFEAF0FD
1CECEBF3
1F221200
ED010011
18EF0728
0DE7DF02
FA08F3EE
F0E30AF9
FEF30803
0D08060B
0FFEECF5
FA06F6FF
0A2202F7
02F6F3F6
08F8ECFB
FB310CFD
21F3F902
EF08192B
F8FAF1F4
F70203FB
FEEDFDF2
21190303
E706FDE4
0BF31E00
09FBEEEF
F7010905
EDFB02F6
F1FD00F9
22F50103
06EAEA13
FD0713FC
F2E403F2
CDE7050D
F2D70300
F1F6F4F4
07020418
00E5F50C
EFF511F4
EDFDF1EE
EBE3F8FC
F40C00E7
180B09FB
FEF4F6E4
F9FA10EC
1D2EFEF4
070FF703
ECED0A08
EFE910E3
060C1003
F911E9F9
FB0A26FF
E4F413FD
F1F8F50B
F4E7FBF5
EFFAFB0A
F914F700
F7E2EFDC
02EAE5F9
2113F9FC
0C03FAEE
0EE208F4
FF05FC01
FA0DF6E1
08080803
F1160D09
11F4F906
01FDF816
2901E8DE
FD06FBFC
1DFB0FEC
DF17E4FA
EAD5FDEB
FCF2DFF2
0F232705
03F90006
0316FBEC
021C0704
FCF4FEEC
09050FFC
161607FD
0BF4FA19
F2FFE401
F5010806
DEFC04F4
0C18E2F9
09F1F0FF
0C08FB0B
EE04FAFC
E9EC01FC
F5DFFCE8
F5F7F5F6
210DE7E6
0D1115F9
EFF1F608
03FAFF00
0DF6EDFB
000E0BFC
E3EDD9F2
EAF00AFC
FAF7FB0A
FB02F7F8
0520EEF9
EBE4E314
FCFA0F14
2F110408
1A311300
F913FAFC
EA0600F5
FE0D11FA
EE1DF6F1
F203170A
0301DFEF
FB020EEB
E3FB0EF4
10DBF403
0AFBFBF3
07EC0118
051C0405
FB0901F0
000FEEF5
FA0BFC0B
EFEEF3FD
090617EB
04F9F909
12E9EF05
0B0208F8
F8E8F4FD
EAFF000A
FBF1FBF4
E70516F0
F003150E
080D0214
09041101
0000FB02
F606F101
0003F9F8
E6110122
F501F4EC
FD0807FB
0EF61107
E909180E
FEEA2503
08F2F353
FE0F0E18
0909FDF3
1A040B12
FBFA1512
06E6F9EC
FC06FEFF
FEF8F4F9
FFFCFEF5
01FB0E00
E9F514D6
04093010
EF05F700
03EFF9FB
EEFCFEFC
0AFE1BFB
EDF7160F
F01AF5E7
F7FF0EF5
0512FFEA
0904EF0A
FDFF0108
FFF7E304
EB0EF409
ECF510F6
1010EF0C
F2F41407
0101090A
010A1D0E
EFFAFAFC
1C00071E
FAFD1A1A
1A02FEFD
FC0EF101
0AEFF6FC
FE1405E3
FCE4F0F6
09F5182E
FA0108F3
F2DAE80A
2207F911
04070106
FCFDEE18
00FE06F0
0D04F1F0
F6050AEC
FF24F807
15F82009
040701FB
EFF403F2
0804FEF9
14D9F604
FE03EAE6
00FD04FA
0002FAF7
0CFA021D
FCF8F3F4
E60E080A
FEEDF5F6
03032609
E1F5F3FF
0D15E8F4
FEED1706
F4F9E3F5
F3060D02
0C0004FA
0609EB0D
E502F3DD
0DF7FAF8
F6F4EF04
1702FDF6
DBF91304
11EFF706
F5F6FF1B
0EFDF506
0FEFF9F7
F52BEBF2
FDF5F0FE
FC150C02
FFF9F701
20ECFDFD
E601FAF1
260908F7
000B0C0B
0EF5E1F9
020D062E
050305FD
00F4E7EE
F2FAFF0B
0103FEF4
F0030A08
FCF2F4F9
FBE6EF06
02031015
F4F400F4
FE04F6F8
FDE80C09
0505EC16
F7F5F208
F9EEE8FD
FFEF0C03
0BF2F601
0208F300
FC0104FC
08050312
0DFEE8F1
02FD0D1C
FE09FD01
ED020EF6
0AECEAED
010EFC09
F405FAFF
F2EBFAF4
04FAF0EC
12FDF907
0DFF01FA
F71500FA
03FFEDEA
EBE9FCFE
F307FDF8
0900F2E7
FCF6100F
FDFFF1FC
F724FBEE
03F80305
F8080AED
08FF1303
FCEEF709
FC17FDFB
0B05ECED
160F1701
F8EFFC03
020002FB
0DF9E906
0404FF07
2019FAF1
F40DFC0A
FB130C00
03F6EF0D
F5EC1F0B
FE0E0907
07FAF3EE
FEF308F2
F805EEEF
F2F3E9FD
FC00FF0A
EF02E2F9
09FE150F
1EFF29E9
0503FE34
031503FB
00EE0AF5
06F2DE28
081D19FD
03F1FAEA
0C0DF10B
E51B1FF9
E3EDECED
1715EAEC
EC09FFF7
EEFAF2E2
0E05F8F4
D4050A0C
F4D713EF
FFFDF306
071402F8
EEE6F7F8
01E5FBF9
02FC0B06
FF12F30F
FCE1F0FD
EBF6F6FE
FBF31000
FDF9FCFD
010D0605
F3F2F718
0D000F0A
F713F9F2
F4EA2214
12F0D909
FEE6F9ED
0009EC0A
1000F6F5
12E8E914
0EF10507
2312F3F3
0C120E17
ECF0EBF4
D811F9DA
FFFC2401
F1EF1600
FFEFFE0A
E80305F3
1E041E07
0113EB08
F2EFFDE7
E8FC0B07
F9F50113
04080E0A
F30B1009
0FFAF6F7
F2F2EFDD
0A03FBFF
17E3FF06
0CFDFF14
E215EBEE
FCFEF7F1
1A00190B
0A0EF6EE
08F6F611
04FDF8F4
F30118F1
0D0817F7
11F0DE17
FB1F0D00
04F3EF22
10F0E8E4
0A06FD07
FE27FBF2
FEEAF30D
13F6F9F6
F3E91405
FCF1EFF6
18F8DFDE
091A0D09
1B05F305
F7EC02F5
0205E2FB
FAF9F000
F70A0CFD
0A080E19
03F7F80B
FE000DF3
FBFFFCFC
F1FC030D
FA261811
0302FB0F
FEF90204
E103F7F3
12DEF1F0
0C01E710
F2F5F2DF
00FFFBF4
0FFBF904
F714FA00
0507ECFD
02FBF3F7
F4F5ECE8
080806F5
F90A0E17
02FD0DEB
05EF0EE8
F101F4FB
0AF7FFF3
1C0FF202
F01C2309
F2FBF203
0B04070A
FBF6F3F3
03FE03FD
0B1FFBFC
FE0E0F11
090A030B
EBE60AEF
0000074A
00000129
00000743
00000085
000003C4
00000804
000000DB
FFFFFFA8
00000925
0000050D
FFFFFF36
00000779
0000042F
0000001D
00000081
FFFFFCC2
0000019E
000002C9
00000674
0000038B
00000200
00000306
00000017
000000D5
00000354
FFFFFE46
0000014E
000002C8
FFFFFC88
0000066F
00000311
FFFFFF5D
000009E1
00000129
000006E2
000000CA
00000A5A
00000344
000003C3
000002DA
0000030D
FFFFFF61
00000504
FFFFFF70
0000013E
0000071D
000008E2
FFFFFEFE
0000069C
FFFFFBDE
FFFFFF8F
000006E9
000000FD
00000650
FFFFFD2F
FFFFFA92
FFFFFC1C
00000174
0000044B
00000496
FFFFF95D
000000E3
00000DBB
FFFFFFB2
00000008
F701F7F2
0115E525
000016E2
00000000
2DF10FEF
E7F01F16
0000F403
00000000
E8F608FF
370B02F7
000009E3
00000000
215FFAFA
EDDF0E06
0000EED1
00000000
EDE3E5DD
2E3E1AFE
000003F3
00000000
08D6F120
EACD0C4C
00000BF7
00000000
0F00E9F3
181013E6
00000E11
00000000
F7D4130D
E9FEF70B
00000FE6
00000000
D40CF208
08ECF515
00000408
00000000
FAEE0EF9
FAF915F8
00002604
00000000
F6EBF626
ED2115F5
00000BF5
00000000
E6E60603
05E0F70D
000033FD
00000000
2FE6FBE8
F81A11F3
000013E9
00000000
08F30418
E40A0B00
00000103
00000000
F9E503E6
EA39DDF7
0000EF37
00000000
ECECF5FF
140ADC1C
0000F909
00000000
17E2072D
02D60038
0000EFE1
00000000
D80EF520
FE0DEFE7
0000FC05
00000000
F9CAFB3A
070FFAE8
0000E217
00000000
E2E21D0D
DD0DE8FD
0000020D
00000000
F8EAFB11
1411231E
0000F4D8
00000000
F1EBDEF3
1DE7E400
0000E934
00000000
DC05FC09
E5FC440D
0000F1E0
00000000
3FDDFD03
E9E4FFEE
00000122
00000000
EDFFE71F
C804E30E
0000F619
00000000
EA240D07
12F1C6F7
00001DF2
00000000
DA0814EC
F7FF1FD9
0000F3FF
00000000
F0F3F43F
F520D2F3
0000FCFC
00000000
3B07F0D0
F8D91301
0000E919
00000000
113126F7
E6F51017
0000B9CC
00000000
151916FF
F1CFEEF4
0000F9F3
00000000
EED544FC
2A0AFDFB
0000F0F8
00000000
EFEC3AFC
001C10CE
0000EBFE
00000000
EC19F3EE
F3141BFF
0000030B
00000000
0C3FE828
EFF0F210
0000E8FC
00000000
100604F7
0ADE0AE7
00000B2A
00000000
250FF6F9
FAE3F6F8
0000F11A
00000000
FE0108FA
F000F9EA
00001BFA
00000000
0DF200E6
28FBE611
0000030F
00000000
1CF40801
F50ADDF1
000018EA
00000000
F8EDEDCE
0DF6FF3F
0000FCF8
00000000
24D3E9FE
FCF92B1E
0000E0F9
00000000
E901EB27
E71F06E6
000007F2
00000000
03F1EDD7
3006CE09
00000903
00000000
F6F6F305
31F4F738
0000F5F8
00000000
EA2DF6E5
DDFFFEDE
00002D13
00000000
E8250325
D5FF04E2
0000F110
00000000
F62D0EED
04DF1304
000000FF
00000000
E716F61A
10F5F7F7
0000E006
00000000
E00901FE
F41314EB
00001409
00000000
FEF40013
06E2DBF4
00001B12
00000000
E8DEFD16
0AFAF4D7
00001D25
00000000
FD1D2BFF
E804DD05
0000F748
00000000
F329F917
D913F40A
00000C10
00000000
FC08F8EF
02DF3528
0000F3F8
00000000
11F1360C
F714EFF2
0000F9D7
00000000
03D707F7
F63B25EC
000011EE
00000000
1A16FFD2
E615FA0C
0000E317
00000000
EC120803
F10610FF
000003FD
00000000
112CEDEE
00051307
0000F4E7
00000000
E833FF2A
08F9E105
0000EF01
00000000
22EA0B0D
15F1F4EF
000016F0
00000000
1BF5161F
F20E03E2
0000F608
00000000
251318E5
02E80CEC
00000309
00000000
F5130F3C
0E4AE4CE
0000D124
00000000
220419DD
ECE2EA18
0000F604
00000000
13E9E6F6
0AD4040A
0000060A
00000000
FAF12216
FB06EB0D
0000F605
00000000
D92B02FA
12E3E605
0000FA38
00000000
EBF309E2
F30D1E34
0000FC0B
00000000
FE0CEFFE
FD07FF11
0000ED1E
00000000
EDEE060F
E0F62F1D
000018E5
00000000
FCD91927
DFEDF417
0000F801
00000000
FD1F2D0F
FDDEF5FF
0000F215
00000000
190B08FF
E0E2DE00
0000F31C
00000000
08E30CD7
2B2801EB
00000F08
00000000
05030D04
240CFB0E
0000F9EB
00000000
E3111F2D
DEF9F612
0000F709
00000000
F6EB29DF
F2F802FC
0000160B
00000000
141EE602
FFF411FC
0000F5F5
00000000
28F513F2
F6E60AE5
00000909
00000000
1B15F1DA
020916F4
0000F40E
00000000
0B07E8E2
3CE9071C
0000DBF5
00000000
05D4070A
120AF509
0000FA23
00000000
200B040E
1E0EEFE9
0000FEEC
00000000
050AF70D
37020EFA
0000FBFE
00000000
F7470DF8
E4FD0A07
00001307
00000000
E00E09EE
EFEF0917
00001601
00000000
DC1C26E2
D4F3FB08
00003AFB
00000000
EB1D121A
07FDFD15
0000F627
00000000
E7FCFE26
F1FFF603
000004EF
00000000
EFFB02EC
E92D16F7
000020F4
00000000
140813EA
D7FE2FF6
0000FC03
00000000
20D8F8FB
081ADD13
0000EA05
00000000
FFFA0AFF
D703D914
0000370E
00000000
2A11E842
E0F2F8DD
000007DD
00000000
030B15E8
1904F111
0000EAEB
00000000
DFEFDD04
17171325
0000F5E8
00000000
F9040A0B
D239F1F8
0000E5FD
00000000
F7F6EC31
EA43030D
0000F9DD
00000000
FB150AEC
11F6C8FF
00000902
00000000
E2DF050B
EB3DF3F7
000003FE
00000000
0DDAFBF1
0AEA0C53
00000ADF
00000000
FDEAF41C
0FEAE3FF
0000FE23
00000000
030DC901
F511ECDD
0000DB26
00000000
EE1D0FFB
E7F4EB08
0000F00F
00000000
0FF61F09
E90FE0F1
000029DE
00000000
EF19040D
DFFCEDEE
00001BF0
00000000
E0E009F9
2120FDF3
0000FA0F
00000000
0AF901E6
034C12F9
0000E401
00000000
00DC1FF1
48F705EC
0000EFFF
00000000
E2F50BDB
13DA1812
00000700
00000000
EC0BE505
1E0600FB
00000A02
00000000
191400C3
F72310F8
00001CE2
00000000
09E71225
011AEDCF
000003E6
00000000
F8FFF7F9
F4180706
00000C37
00000000
F0CC050A
E7F5FC01
00004016
00000000
04D9FCF4
F8E73DE9
0000EEFA
00000000
14010111
EC0016F9
00002DEB
00000000
05DA0AE1
DFFB050B
00000036
00000000
0115DBE1
09EC19FE
00000A02
00000000
F74DF3F7
ECED0F1B
0000E40C
00000000
FA110DFD
F6DCF221
00003FD7
00000000
D90B0709
DF0C18F0
000018F0
00000000
13DC43EF
11F7ECEA
000020FA
00000000
01F4F0F4
122A060D
0000E900
00000000
0C1BFE05
DB2006EC
0000EEE2
00000000
E8F62AD7
0130E3DF
00000126
00000000
FBD2191B
0EF200FD
0000ED0E
00000000
28E426DB
221007E8
00000309
00000000
E320DBF1
46CEDD27
000003FD
00000000
FF190F01
F204E8EE
00001417
00000000
FDFCF212
12FED8F6
00003421
00000000
1B0606EE
FBFAEE01
0000FC0C
00000000
17E808F4
F70BE40B
00001F01
00000000
E93C1CB9
22E700F9
00000EF4
00000000
0FE90005
F6F21C03
0000F7E9
00000000
F61FF90B
03E13AE4
0000001F
00000000
CAFA312A
09F002FD
0000F9D4
00000000
0A08EB1C
24EBDFE8
00000009
00000000
FEF0020B
FA1810FF
0000F1FA
00000000
F701FF05
010202F1
00002208
00000000
DDF0FB24
FA23F5C1
00003824
00000000
14F8F30F
FFC7F1DF
00001312
00000000
11FAF6F6
05D9003D
000007F3
00000000
04050404
E302D40A
00000AF0
00000000
F721DD1D
0FCCEF0E
00000203
00000000
E316EB16
39FA29F6
0000DEFC
00000000
FAD1E8F9
F2FF3304
00002C01
00000000
EB0FEAF9
DBF8F317
0000FE32
00000000
0EF6FF44
EDEB3BFC
0000F0DC
00000000
090FF4CE
2027EE04
000000E3
00000000
FD0D04FA
DFF723F2
00001CDB
00000000
10E0F50F
EF061EF7
00000723
00000000
0D190804
14E5F9ED
0000E702
00000000
FF01FEF0
FCEF04D6
00001B23
00000000
0AF8F409
FF0DE5E0
0000F209
00000000
142CDE08
1731DFE6
000000F1
00000000
031801EF
F5EAE007
00001AFF
00000000
09EE031F
FB0A14E4
0000E5E0
00000000
04FFF447
11FCE7E0
0000FCE0
00000000
1AE8EC12
EAF30DF6
000019FC
00000000
1519E601
F5161AFC
0000F1E4
00000000
1DDD2CFF
21FC04EC
0000E103
00000000
10E9F9F8
0AEDE102
00000012
00000000
EBFFEF0D
24E40602
000013DA
00000000
01ECF20F
FA0EF3FE
00001213
00000000
05130CE6
F515FD0F
000007E8
00000000
EDDCF82F
53F8E4ED
0000E0FB
00000000
E74C16EA
F4F311E3
000007F6
00000000
16F0EDEE
F7EE0B0E
00002BF2
00000000
09E714F6
052908E7
0000EEE5
00000000
FCFCF5FA
E7040A06
0000F912
00000000
F31AF2FA
E304320F
0000EB12
00000000
1623E03B
08F10FDD
0000D0DC
00000000
0B02FED4
0C03FA34
00000BCF
00000000
F147D7F3
F94A0204
0000F6D9
00000000
F6EA290C
EADB05FA
0000EC49
00000000
27FF04F7
021C0707
0000F1F2
00000000
FD01F334
F8D8ED30
0000F7FC
00000000
252CED02
E1130602
0000EAEB
00000000
FCF1E40D
3BD920E9
0000DD0C
00000000
13E5F0F6
E0EE1019
0000F70D
00000000
1206F504
E523E92F
00000101
00000000
F73B000C
1312ECF0
00000000
00000000
FB3E11FA
E805E6FB
0000F0D5
00000000
FAEBEA11
E14900FD
0000DF2F
00000000
FFD211FF
F6E706E9
0000100D
00000000
DF4AE9F3
0504F3EC
00001AF8
00000000
14FFC72C
110AF9E4
000006E3
00000000
11F6D714
FF0D0319
0000F0FC
00000000
DE1005E6
E912FC32
000004E3
00000000
FAF311FB
FDF2FA14
0000F83C
00000000
ED1007F9
ECF547E2
0000F722
00000000
E6F21FFF
F8FF1EE1
000011ED
00000000
04090207
F9FA19E4
000013E5
00000000
E006120B
12FA0F06
00000203
00000000
120F0819
FED21510
0000CFE7
00000000
0C32EDFF
FFEDE4F0
0000FAF2
00000000
EFF8FE17
EF100502
00002412
00000000
E8F00F08
FB000403
000017F9
00000000
0723EFF4
0FFDE7FB
00002914
00000000
F3F20012
00EAEF52
0000F812
00000000
081EF2F0
27050B20
0000F3E4
00000000
0A2F20E9
D4F60BEE
0000D30B
00000000
06E9E509
FA07F2EA
000034F5
00000000
2C0FEDE2
F255DF03
00000EEA
00000000
19F3030D
2CE6FF01
00000DF1
00000000
12ED1018
ED1C0EF3
00000100
00000000
FDEEE3E9
17E838E7
0000ED04
00000000
06FA03E3
0510F9FF
00001EEF
00000000
3ADEE108
0DF62603
0000DEFA
00000000
E41703E2
171F08EA
0000F9FF
00000000
F213D1FB
263F0E02
000007E2
00000000
E11B19E2
15FEFA02
000017F3
00000000
16F1F3EB
16EEF7FA
0000FF1E
00000000
F7DAFE12
FC102EFD
000006EF
00000000
EEF0F8F4
FE46FEFF
000001F4
00000000
E3F70CF3
2EF3F0F8
0000EF3F
00000000
ED03E93F
DF0902FD
0000DFE2
00000000
3B0D22F6
10EE17F9
00000EEF
00000000
F3D716EB
21EFE7F3
000026E6
00000000
0A0AD90C
07050A0A
0000EF09
00000000
42F5FAED
2DF239EC
0000DBDE
00000000
FE06EF01
E6E0E92B
0000F829
00000000
F5FEEDD3
E6051C05
00000A0C
00000000
02EF1B03
F9E7F52A
000015E4
00000000
F90AE006
25FAEF13
000013F7
00000000
FD15181A
07E1F5F5
000030EE
00000000
EFEBF7EF
F4FDEBFC
00000959
00000000
F406ED10
19F8FA12
000019DC
00000000
0EE13FFB
D4F90DFE
0000E0F6
00000000
00F646DB
F6EB1008
000004DF
00000000
E30FF013
E60DE0DA
000032F6
00000000
0244FF06
08F0F21E
000008FA
00000000
38121A07
E41FFEF9
0000D4EC
00000000
E312130A
F616F0F8
000006F3
00000000
FE14EEF0
0F100BF4
00001EF7
00000000
F1EDF3FA
EFF23719
00001100
00000000
04EAEDE8
1DFA11EA
00000C02
00000000
30E2FB02
D00337E1
000007F3
00000000
02F3FEFF
18EE01F6
0000190B
00000000
F4FBE903
0B03F100
00002D10
00000000
03FDF7F7
F200054B
0000DBF8
00000000
E8061618
2CFFF7C6
000001D1
00000000
05E7F40A
23F9FB27
0000DCE9
00000000
1F181BE3
EBEDE7FD
00003418
00000000
F3340FED
EFF307F9
0000003B
00000000
FFE435F3
F5FB1C03
0000FBEC
00000000
F8F6F808
150BDF13
0000F0F6
00000000
2812F8E7
15E9F813
000002DB
00000000
F5E4F7F5
EF1A1AFC
0000F1F7
00000000
0615F9EB
33E929F3
0000010D
00000000
D2F707F5
2EFDEBF6
0000021B
00000000
08FAD133
EEEEFC09
00000F09
00000000
1D0CEFE9
F6F30AEB
00000104
00000000
00000527
FFFFFAAE
FFFFFD23
000004DB
000002F1
FFFFFD00
0000011B
FFFFFF91
FFFFFDD5
FFFFFFBC
00000000
00000000
00000000
00000000
00000000
00000000
0000000A
